InvoiceID,InvoiceDate,CustomerName,Item,Quantity,UnitPrice,TotalAmount,GST,GrandTotal
INV00001,2026-02-02,Customer1,Product13,3,43977,131931,23747.58,155678.58000000002
INV00002,2026-02-03,Customer2,Product12,5,36605,183025,32944.5,215969.5
INV00003,2026-02-04,Customer3,Product2,2,33989,67978,12236.04,80214.04000000001
INV00004,2026-02-05,Customer4,Product17,4,869,3476,625.68,4101.68
INV00005,2026-02-06,Customer5,Product4,1,29300,29300,5274.0,34574.0
INV00006,2026-02-07,Customer6,Product4,4,27063,108252,19485.36,127737.36
INV00007,2026-02-08,Customer7,Product3,1,6585,6585,1185.3,7770.3
INV00008,2026-02-09,Customer8,Product7,1,24701,24701,4446.18,29147.18
INV00009,2026-02-10,Customer9,Product1,4,7044,28176,5071.68,33247.68
INV00010,2026-02-11,Customer10,Product2,3,25724,77172,13890.96,91062.95999999999
INV00011,2026-02-12,Customer11,Product6,1,29479,29479,5306.22,34785.22
INV00012,2026-02-13,Customer12,Product14,2,41353,82706,14887.08,97593.08
INV00013,2026-02-14,Customer13,Product16,3,48565,145695,26225.1,171920.1
INV00014,2026-02-15,Customer14,Product5,4,42182,168728,30371.04,199099.04
INV00015,2026-02-16,Customer15,Product10,2,16856,33712,6068.16,39780.16
INV00016,2026-02-17,Customer16,Product9,2,29855,59710,10747.8,70457.8
INV00017,2026-02-18,Customer17,Product20,4,18960,75840,13651.2,89491.2
INV00018,2026-02-19,Customer18,Product15,1,38882,38882,6998.76,45880.76
INV00019,2026-02-20,Customer19,Product14,5,10554,52770,9498.6,62268.6
INV00020,2026-02-21,Customer20,Product17,2,27794,55588,10005.84,65593.84
INV00021,2026-02-22,Customer21,Product16,4,25721,102884,18519.12,121403.12
INV00022,2026-02-23,Customer22,Product8,5,27021,135105,24318.9,159423.9
INV00023,2026-02-24,Customer23,Product13,3,7164,21492,3868.56,25360.56
INV00024,2026-02-25,Customer24,Product6,2,19571,39142,7045.56,46187.56
INV00025,2026-02-26,Customer25,Product20,5,1367,6835,1230.3,8065.3
INV00026,2026-02-27,Customer26,Product19,4,23414,93656,16858.08,110514.08
INV00027,2026-02-28,Customer27,Product13,4,44075,176300,31734.0,208034.0
INV00028,2026-02-01,Customer28,Product17,2,36060,72120,12981.6,85101.6
INV00029,2026-02-02,Customer29,Product7,4,13124,52496,9449.28,61945.28
INV00030,2026-02-03,Customer30,Product18,5,44816,224080,40334.4,264414.4
INV00031,2026-02-04,Customer31,Product7,3,4009,12027,2164.86,14191.86
INV00032,2026-02-05,Customer32,Product13,2,44694,89388,16089.84,105477.84
INV00033,2026-02-06,Customer33,Product4,2,7800,15600,2808.0,18408.0
INV00034,2026-02-07,Customer34,Product20,2,7958,15916,2864.88,18780.88
INV00035,2026-02-08,Customer35,Product12,5,24372,121860,21934.8,143794.8
INV00036,2026-02-09,Customer36,Product16,3,31306,93918,16905.24,110823.24
INV00037,2026-02-10,Customer37,Product3,4,34713,138852,24993.36,163845.36
INV00038,2026-02-11,Customer38,Product19,1,42073,42073,7573.14,49646.14
INV00039,2026-02-12,Customer39,Product6,4,6703,26812,4826.16,31638.16
INV00040,2026-02-13,Customer40,Product3,1,39304,39304,7074.72,46378.72
INV00041,2026-02-14,Customer41,Product3,1,4651,4651,837.18,5488.18
INV00042,2026-02-15,Customer42,Product12,3,44194,132582,23864.76,156446.76
INV00043,2026-02-16,Customer43,Product20,3,26507,79521,14313.78,93834.78
INV00044,2026-02-17,Customer44,Product1,4,43145,172580,31064.4,203644.4
INV00045,2026-02-18,Customer45,Product16,2,30723,61446,11060.28,72506.28
INV00046,2026-02-19,Customer46,Product5,4,13698,54792,9862.56,64654.56
INV00047,2026-02-20,Customer47,Product3,5,45689,228445,41120.1,269565.1
INV00048,2026-02-21,Customer48,Product10,4,32201,128804,23184.72,151988.72
INV00049,2026-02-22,Customer49,Product15,1,19381,19381,3488.58,22869.58
INV00050,2026-02-23,Customer50,Product1,2,28293,56586,10185.48,66771.48
INV00051,2026-02-24,Customer51,Product17,4,39325,157300,28314.0,185614.0
INV00052,2026-02-25,Customer52,Product18,2,45163,90326,16258.68,106584.68
INV00053,2026-02-26,Customer53,Product12,1,6031,6031,1085.58,7116.58
INV00054,2026-02-27,Customer54,Product8,1,11762,11762,2117.16,13879.16
INV00055,2026-02-28,Customer55,Product14,2,7334,14668,2640.24,17308.239999999998
INV00056,2026-02-01,Customer56,Product19,3,30621,91863,16535.34,108398.34
INV00057,2026-02-02,Customer57,Product2,5,39890,199450,35901.0,235351.0
INV00058,2026-02-03,Customer58,Product18,1,44686,44686,8043.48,52729.479999999996
INV00059,2026-02-04,Customer59,Product6,5,23275,116375,20947.5,137322.5
INV00060,2026-02-05,Customer60,Product12,2,22163,44326,7978.68,52304.68
INV00061,2026-02-06,Customer61,Product7,5,18731,93655,16857.9,110512.9
INV00062,2026-02-07,Customer62,Product2,4,18858,75432,13577.76,89009.76
INV00063,2026-02-08,Customer63,Product5,1,49197,49197,8855.46,58052.46
INV00064,2026-02-09,Customer64,Product14,5,41134,205670,37020.6,242690.6
INV00065,2026-02-10,Customer65,Product8,1,39541,39541,7117.38,46658.38
INV00066,2026-02-11,Customer66,Product19,5,18973,94865,17075.7,111940.7
INV00067,2026-02-12,Customer67,Product14,4,2199,8796,1583.28,10379.28
INV00068,2026-02-13,Customer68,Product12,5,13350,66750,12015.0,78765.0
INV00069,2026-02-14,Customer69,Product10,3,2859,8577,1543.86,10120.86
INV00070,2026-02-15,Customer70,Product6,5,42310,211550,38079.0,249629.0
INV00071,2026-02-16,Customer71,Product17,1,16893,16893,3040.74,19933.739999999998
INV00072,2026-02-17,Customer72,Product18,3,36138,108414,19514.52,127928.52
INV00073,2026-02-18,Customer73,Product4,2,26998,53996,9719.28,63715.28
INV00074,2026-02-19,Customer74,Product7,3,11698,35094,6316.92,41410.92
INV00075,2026-02-20,Customer75,Product14,5,29194,145970,26274.6,172244.6
INV00076,2026-02-21,Customer76,Product13,2,2683,5366,965.88,6331.88
INV00077,2026-02-22,Customer77,Product5,3,20932,62796,11303.28,74099.28
INV00078,2026-02-23,Customer78,Product11,4,28086,112344,20221.92,132565.91999999998
INV00079,2026-02-24,Customer79,Product7,5,20023,100115,18020.7,118135.7
INV00080,2026-02-25,Customer80,Product17,2,13101,26202,4716.36,30918.36
INV00081,2026-02-26,Customer81,Product6,3,38638,115914,20864.52,136778.52
INV00082,2026-02-27,Customer82,Product19,3,29915,89745,16154.1,105899.1
INV00083,2026-02-28,Customer83,Product11,1,14035,14035,2526.3,16561.3
INV00084,2026-02-01,Customer84,Product13,2,19375,38750,6975.0,45725.0
INV00085,2026-02-02,Customer85,Product18,1,13393,13393,2410.74,15803.74
INV00086,2026-02-03,Customer86,Product5,4,27193,108772,19578.96,128350.95999999999
INV00087,2026-02-04,Customer87,Product8,2,32317,64634,11634.12,76268.12
INV00088,2026-02-05,Customer88,Product8,1,10069,10069,1812.42,11881.42
INV00089,2026-02-06,Customer89,Product4,3,22361,67083,12074.94,79157.94
INV00090,2026-02-07,Customer90,Product9,4,27518,110072,19812.96,129884.95999999999
INV00091,2026-02-08,Customer91,Product12,5,3047,15235,2742.3,17977.3
INV00092,2026-02-09,Customer92,Product8,3,43508,130524,23494.32,154018.32
INV00093,2026-02-10,Customer93,Product6,4,19040,76160,13708.8,89868.8
INV00094,2026-02-11,Customer94,Product9,1,43723,43723,7870.14,51593.14
INV00095,2026-02-12,Customer95,Product11,4,49417,197668,35580.24,233248.24
INV00096,2026-02-13,Customer96,Product17,1,28610,28610,5149.8,33759.8
INV00097,2026-02-14,Customer97,Product4,5,28990,144950,26091.0,171041.0
INV00098,2026-02-15,Customer98,Product15,2,44186,88372,15906.96,104278.95999999999
INV00099,2026-02-16,Customer99,Product12,3,30107,90321,16257.78,106578.78
INV00100,2026-02-17,Customer100,Product18,1,39383,39383,7088.94,46471.94
INV00101,2026-02-18,Customer101,Product16,5,25430,127150,22887.0,150037.0
INV00102,2026-02-19,Customer102,Product14,4,29607,118428,21317.04,139745.04
INV00103,2026-02-20,Customer103,Product8,1,33461,33461,6022.98,39483.979999999996
INV00104,2026-02-21,Customer104,Product11,4,4942,19768,3558.24,23326.239999999998
INV00105,2026-02-22,Customer105,Product7,4,10314,41256,7426.08,48682.08
INV00106,2026-02-23,Customer106,Product7,4,6352,25408,4573.44,29981.44
INV00107,2026-02-24,Customer107,Product1,5,34021,170105,30618.9,200723.9
INV00108,2026-02-25,Customer108,Product2,3,15610,46830,8429.4,55259.4
INV00109,2026-02-26,Customer109,Product10,3,3376,10128,1823.04,11951.04
INV00110,2026-02-27,Customer110,Product13,3,31105,93315,16796.7,110111.7
INV00111,2026-02-28,Customer111,Product18,1,17176,17176,3091.68,20267.68
INV00112,2026-02-01,Customer112,Product5,3,28514,85542,15397.56,100939.56
INV00113,2026-02-02,Customer113,Product8,1,19940,19940,3589.2,23529.2
INV00114,2026-02-03,Customer114,Product16,5,9716,48580,8744.4,57324.4
INV00115,2026-02-04,Customer115,Product20,3,13485,40455,7281.9,47736.9
INV00116,2026-02-05,Customer116,Product1,3,34622,103866,18695.88,122561.88
INV00117,2026-02-06,Customer117,Product17,4,24812,99248,17864.64,117112.64
INV00118,2026-02-07,Customer118,Product14,3,24079,72237,13002.66,85239.66
INV00119,2026-02-08,Customer119,Product2,3,40964,122892,22120.56,145012.56
INV00120,2026-02-09,Customer120,Product4,4,6913,27652,4977.36,32629.36
INV00121,2026-02-10,Customer121,Product8,2,46983,93966,16913.88,110879.88
INV00122,2026-02-11,Customer122,Product5,4,7821,31284,5631.12,36915.12
INV00123,2026-02-12,Customer123,Product19,5,24611,123055,22149.9,145204.9
INV00124,2026-02-13,Customer124,Product8,4,38713,154852,27873.36,182725.36
INV00125,2026-02-14,Customer125,Product8,1,43694,43694,7864.92,51558.92
INV00126,2026-02-15,Customer126,Product18,1,33657,33657,6058.26,39715.26
INV00127,2026-02-16,Customer127,Product12,1,31661,31661,5698.98,37359.979999999996
INV00128,2026-02-17,Customer128,Product7,4,4971,19884,3579.12,23463.12
INV00129,2026-02-18,Customer129,Product8,5,12999,64995,11699.1,76694.1
INV00130,2026-02-19,Customer130,Product4,4,21210,84840,15271.2,100111.2
INV00131,2026-02-20,Customer131,Product5,4,46269,185076,33313.68,218389.68
INV00132,2026-02-21,Customer132,Product8,3,49398,148194,26674.92,174868.91999999998
INV00133,2026-02-22,Customer133,Product14,5,38583,192915,34724.7,227639.7
INV00134,2026-02-23,Customer134,Product2,4,13696,54784,9861.12,64645.12
INV00135,2026-02-24,Customer135,Product14,1,12035,12035,2166.3,14201.3
INV00136,2026-02-25,Customer136,Product19,3,5382,16146,2906.28,19052.28
INV00137,2026-02-26,Customer137,Product8,3,30259,90777,16339.86,107116.86
INV00138,2026-02-27,Customer138,Product16,5,20932,104660,18838.8,123498.8
INV00139,2026-02-28,Customer139,Product1,4,43783,175132,31523.76,206655.76
INV00140,2026-02-01,Customer140,Product7,1,32205,32205,5796.9,38001.9
INV00141,2026-02-02,Customer141,Product10,4,48667,194668,35040.24,229708.24
INV00142,2026-02-03,Customer142,Product11,5,16577,82885,14919.3,97804.3
INV00143,2026-02-04,Customer143,Product12,4,29775,119100,21438.0,140538.0
INV00144,2026-02-05,Customer144,Product3,1,14964,14964,2693.52,17657.52
INV00145,2026-02-06,Customer145,Product4,4,13178,52712,9488.16,62200.16
INV00146,2026-02-07,Customer146,Product4,2,2668,5336,960.48,6296.48
INV00147,2026-02-08,Customer147,Product17,2,41214,82428,14837.04,97265.04000000001
INV00148,2026-02-09,Customer148,Product4,2,14893,29786,5361.48,35147.479999999996
INV00149,2026-02-10,Customer149,Product12,4,39956,159824,28768.32,188592.32
INV00150,2026-02-11,Customer150,Product11,3,39058,117174,21091.32,138265.32
INV00151,2026-02-12,Customer151,Product3,5,7993,39965,7193.7,47158.7
INV00152,2026-02-13,Customer152,Product13,1,5021,5021,903.78,5924.78
INV00153,2026-02-14,Customer153,Product13,3,46712,140136,25224.48,165360.48
INV00154,2026-02-15,Customer154,Product20,2,9787,19574,3523.32,23097.32
INV00155,2026-02-16,Customer155,Product19,2,49459,98918,17805.24,116723.24
INV00156,2026-02-17,Customer156,Product11,2,35600,71200,12816.0,84016.0
INV00157,2026-02-18,Customer157,Product5,2,8769,17538,3156.84,20694.84
INV00158,2026-02-19,Customer158,Product17,3,19337,58011,10441.98,68452.98
INV00159,2026-02-20,Customer159,Product13,1,15773,15773,2839.14,18612.14
INV00160,2026-02-21,Customer160,Product13,3,38786,116358,20944.44,137302.44
INV00161,2026-02-22,Customer161,Product6,4,43916,175664,31619.52,207283.52
INV00162,2026-02-23,Customer162,Product15,2,32958,65916,11864.88,77780.88
INV00163,2026-02-24,Customer163,Product20,3,36972,110916,19964.88,130880.88
INV00164,2026-02-25,Customer164,Product19,3,13843,41529,7475.22,49004.22
INV00165,2026-02-26,Customer165,Product17,5,10396,51980,9356.4,61336.4
INV00166,2026-02-27,Customer166,Product12,5,38156,190780,34340.4,225120.4
INV00167,2026-02-28,Customer167,Product17,1,47215,47215,8498.7,55713.7
INV00168,2026-02-01,Customer168,Product9,1,22291,22291,4012.38,26303.38
INV00169,2026-02-02,Customer169,Product18,2,19198,38396,6911.28,45307.28
INV00170,2026-02-03,Customer170,Product18,1,7160,7160,1288.8,8448.8
INV00171,2026-02-04,Customer171,Product4,5,10950,54750,9855.0,64605.0
INV00172,2026-02-05,Customer172,Product2,2,40436,80872,14556.96,95428.95999999999
INV00173,2026-02-06,Customer173,Product7,1,25980,25980,4676.4,30656.4
INV00174,2026-02-07,Customer174,Product3,5,46412,232060,41770.8,273830.8
INV00175,2026-02-08,Customer175,Product16,5,44889,224445,40400.1,264845.1
INV00176,2026-02-09,Customer176,Product18,4,17585,70340,12661.2,83001.2
INV00177,2026-02-10,Customer177,Product3,3,17746,53238,9582.84,62820.84
INV00178,2026-02-11,Customer178,Product8,2,35443,70886,12759.48,83645.48
INV00179,2026-02-12,Customer179,Product12,3,47793,143379,25808.22,169187.22
INV00180,2026-02-13,Customer180,Product17,2,23792,47584,8565.12,56149.12
INV00181,2026-02-14,Customer181,Product2,4,23533,94132,16943.76,111075.76
INV00182,2026-02-15,Customer182,Product10,1,11977,11977,2155.86,14132.86
INV00183,2026-02-16,Customer183,Product1,5,17965,89825,16168.5,105993.5
INV00184,2026-02-17,Customer184,Product19,2,18048,36096,6497.28,42593.28
INV00185,2026-02-18,Customer185,Product19,4,32934,131736,23712.48,155448.48
INV00186,2026-02-19,Customer186,Product10,3,10473,31419,5655.42,37074.42
INV00187,2026-02-20,Customer187,Product9,1,10443,10443,1879.74,12322.74
INV00188,2026-02-21,Customer188,Product10,1,29720,29720,5349.6,35069.6
INV00189,2026-02-22,Customer189,Product9,3,38077,114231,20561.58,134792.58000000002
INV00190,2026-02-23,Customer190,Product18,1,14338,14338,2580.84,16918.84
INV00191,2026-02-24,Customer191,Product7,3,21605,64815,11666.7,76481.7
INV00192,2026-02-25,Customer192,Product14,3,9261,27783,5000.94,32783.94
INV00193,2026-02-26,Customer193,Product3,2,13801,27602,4968.36,32570.36
INV00194,2026-02-27,Customer194,Product5,1,39606,39606,7129.08,46735.08
INV00195,2026-02-28,Customer195,Product17,5,25138,125690,22624.2,148314.2
INV00196,2026-02-01,Customer196,Product12,3,4241,12723,2290.14,15013.14
INV00197,2026-02-02,Customer197,Product6,2,9152,18304,3294.72,21598.72
INV00198,2026-02-03,Customer198,Product5,2,10711,21422,3855.96,25277.96
INV00199,2026-02-04,Customer199,Product7,2,40007,80014,14402.52,94416.52
INV00200,2026-02-05,Customer200,Product17,4,7946,31784,5721.12,37505.12
INV00201,2026-02-06,Customer201,Product14,1,17822,17822,3207.96,21029.96
INV00202,2026-02-07,Customer202,Product18,3,36105,108315,19496.7,127811.7
INV00203,2026-02-08,Customer203,Product20,3,24594,73782,13280.76,87062.76
INV00204,2026-02-09,Customer204,Product14,2,17843,35686,6423.48,42109.479999999996
INV00205,2026-02-10,Customer205,Product8,3,18210,54630,9833.4,64463.4
INV00206,2026-02-11,Customer206,Product11,2,44309,88618,15951.24,104569.24
INV00207,2026-02-12,Customer207,Product6,2,20040,40080,7214.4,47294.4
INV00208,2026-02-13,Customer208,Product10,4,39424,157696,28385.28,186081.28
INV00209,2026-02-14,Customer209,Product14,4,27122,108488,19527.84,128015.84
INV00210,2026-02-15,Customer210,Product17,5,47453,237265,42707.7,279972.7
INV00211,2026-02-16,Customer211,Product17,2,11024,22048,3968.64,26016.64
INV00212,2026-02-17,Customer212,Product3,3,6894,20682,3722.76,24404.760000000002
INV00213,2026-02-18,Customer213,Product14,3,19638,58914,10604.52,69518.52
INV00214,2026-02-19,Customer214,Product18,5,44503,222515,40052.7,262567.7
INV00215,2026-02-20,Customer215,Product5,5,49701,248505,44730.9,293235.9
INV00216,2026-02-21,Customer216,Product9,2,7921,15842,2851.56,18693.56
INV00217,2026-02-22,Customer217,Product5,3,16206,48618,8751.24,57369.24
INV00218,2026-02-23,Customer218,Product6,4,47321,189284,34071.12,223355.12
INV00219,2026-02-24,Customer219,Product2,2,24782,49564,8921.52,58485.520000000004
INV00220,2026-02-25,Customer220,Product17,3,45676,137028,24665.04,161693.04
INV00221,2026-02-26,Customer221,Product15,1,18033,18033,3245.94,21278.94
INV00222,2026-02-27,Customer222,Product9,2,28294,56588,10185.84,66773.84
INV00223,2026-02-28,Customer223,Product16,1,13322,13322,2397.96,15719.96
INV00224,2026-02-01,Customer224,Product11,1,45945,45945,8270.1,54215.1
INV00225,2026-02-02,Customer225,Product4,4,30798,123192,22174.56,145366.56
INV00226,2026-02-03,Customer226,Product1,5,40992,204960,36892.8,241852.8
INV00227,2026-02-04,Customer227,Product10,2,20841,41682,7502.76,49184.76
INV00228,2026-02-05,Customer228,Product8,2,32818,65636,11814.48,77450.48
INV00229,2026-02-06,Customer229,Product10,1,48519,48519,8733.42,57252.42
INV00230,2026-02-07,Customer230,Product4,4,47552,190208,34237.44,224445.44
INV00231,2026-02-08,Customer231,Product7,1,20338,20338,3660.84,23998.84
INV00232,2026-02-09,Customer232,Product15,3,44481,133443,24019.74,157462.74
INV00233,2026-02-10,Customer233,Product8,5,25952,129760,23356.8,153116.8
INV00234,2026-02-11,Customer234,Product3,5,1036,5180,932.4,6112.4
INV00235,2026-02-12,Customer235,Product7,5,43635,218175,39271.5,257446.5
INV00236,2026-02-13,Customer236,Product14,1,20268,20268,3648.24,23916.239999999998
INV00237,2026-02-14,Customer237,Product9,3,20092,60276,10849.68,71125.68
INV00238,2026-02-15,Customer238,Product8,1,18895,18895,3401.1,22296.1
INV00239,2026-02-16,Customer239,Product20,4,47400,189600,34128.0,223728.0
INV00240,2026-02-17,Customer240,Product6,2,6406,12812,2306.16,15118.16
INV00241,2026-02-18,Customer241,Product20,2,34180,68360,12304.8,80664.8
INV00242,2026-02-19,Customer242,Product1,1,9461,9461,1702.98,11163.98
INV00243,2026-02-20,Customer243,Product3,1,40041,40041,7207.38,47248.38
INV00244,2026-02-21,Customer244,Product7,4,19138,76552,13779.36,90331.36
INV00245,2026-02-22,Customer245,Product13,1,42468,42468,7644.24,50112.24
INV00246,2026-02-23,Customer246,Product3,2,30620,61240,11023.2,72263.2
INV00247,2026-02-24,Customer247,Product17,1,5233,5233,941.94,6174.9400000000005
INV00248,2026-02-25,Customer248,Product6,3,39189,117567,21162.06,138729.06
INV00249,2026-02-26,Customer249,Product15,5,31088,155440,27979.2,183419.2
INV00250,2026-02-27,Customer250,Product13,1,48330,48330,8699.4,57029.4
INV00251,2026-02-28,Customer251,Product16,3,26073,78219,14079.42,92298.42
INV00252,2026-02-01,Customer252,Product19,3,540,1620,291.6,1911.6
INV00253,2026-02-02,Customer253,Product16,4,25030,100120,18021.6,118141.6
INV00254,2026-02-03,Customer254,Product8,3,43966,131898,23741.64,155639.64
INV00255,2026-02-04,Customer255,Product6,1,2772,2772,498.96,3270.96
INV00256,2026-02-05,Customer256,Product13,3,2593,7779,1400.22,9179.22
INV00257,2026-02-06,Customer257,Product20,4,22950,91800,16524.0,108324.0
INV00258,2026-02-07,Customer258,Product17,4,32758,131032,23585.76,154617.76
INV00259,2026-02-08,Customer259,Product10,4,20202,80808,14545.44,95353.44
INV00260,2026-02-09,Customer260,Product16,5,6666,33330,5999.4,39329.4
INV00261,2026-02-10,Customer261,Product20,3,26520,79560,14320.8,93880.8
INV00262,2026-02-11,Customer262,Product1,1,46100,46100,8298.0,54398.0
INV00263,2026-02-12,Customer263,Product6,2,903,1806,325.08,2131.08
INV00264,2026-02-13,Customer264,Product13,2,25061,50122,9021.96,59143.96
INV00265,2026-02-14,Customer265,Product12,3,36205,108615,19550.7,128165.7
INV00266,2026-02-15,Customer266,Product8,3,47081,141243,25423.74,166666.74
INV00267,2026-02-16,Customer267,Product13,1,12825,12825,2308.5,15133.5
INV00268,2026-02-17,Customer268,Product4,1,38654,38654,6957.72,45611.72
INV00269,2026-02-18,Customer269,Product12,3,10266,30798,5543.64,36341.64
INV00270,2026-02-19,Customer270,Product2,5,16787,83935,15108.3,99043.3
INV00271,2026-02-20,Customer271,Product14,5,8861,44305,7974.9,52279.9
INV00272,2026-02-21,Customer272,Product11,4,48534,194136,34944.48,229080.48
INV00273,2026-02-22,Customer273,Product12,5,40781,203905,36702.9,240607.9
INV00274,2026-02-23,Customer274,Product4,3,11786,35358,6364.44,41722.44
INV00275,2026-02-24,Customer275,Product20,1,1560,1560,280.8,1840.8
INV00276,2026-02-25,Customer276,Product9,3,41089,123267,22188.06,145455.06
INV00277,2026-02-26,Customer277,Product8,1,8479,8479,1526.22,10005.22
INV00278,2026-02-27,Customer278,Product8,3,5555,16665,2999.7,19664.7
INV00279,2026-02-28,Customer279,Product12,1,8777,8777,1579.86,10356.86
INV00280,2026-02-01,Customer280,Product2,3,44720,134160,24148.8,158308.8
INV00281,2026-02-02,Customer281,Product16,4,36408,145632,26213.76,171845.76
INV00282,2026-02-03,Customer282,Product20,5,43896,219480,39506.4,258986.4
INV00283,2026-02-04,Customer283,Product2,2,44436,88872,15996.96,104868.95999999999
INV00284,2026-02-05,Customer284,Product1,2,5925,11850,2133.0,13983.0
INV00285,2026-02-06,Customer285,Product4,3,41280,123840,22291.2,146131.2
INV00286,2026-02-07,Customer286,Product15,1,48412,48412,8714.16,57126.16
INV00287,2026-02-08,Customer287,Product20,2,46887,93774,16879.32,110653.32
INV00288,2026-02-09,Customer288,Product15,3,9515,28545,5138.1,33683.1
INV00289,2026-02-10,Customer289,Product16,2,25430,50860,9154.8,60014.8
INV00290,2026-02-11,Customer290,Product20,2,5745,11490,2068.2,13558.2
INV00291,2026-02-12,Customer291,Product12,4,10697,42788,7701.84,50489.84
INV00292,2026-02-13,Customer292,Product12,1,31802,31802,5724.36,37526.36
INV00293,2026-02-14,Customer293,Product12,1,27363,27363,4925.34,32288.34
INV00294,2026-02-15,Customer294,Product3,5,23025,115125,20722.5,135847.5
INV00295,2026-02-16,Customer295,Product1,5,45435,227175,40891.5,268066.5
INV00296,2026-02-17,Customer296,Product1,2,26155,52310,9415.8,61725.8
INV00297,2026-02-18,Customer297,Product2,5,14379,71895,12941.1,84836.1
INV00298,2026-02-19,Customer298,Product14,5,21364,106820,19227.6,126047.6
INV00299,2026-02-20,Customer299,Product4,4,14405,57620,10371.6,67991.6
INV00300,2026-02-21,Customer300,Product18,2,37755,75510,13591.8,89101.8
INV00301,2026-02-22,Customer301,Product15,4,45588,182352,32823.36,215175.36
INV00302,2026-02-23,Customer302,Product19,1,48931,48931,8807.58,57738.58
INV00303,2026-02-24,Customer303,Product18,5,7588,37940,6829.2,44769.2
INV00304,2026-02-25,Customer304,Product17,1,27426,27426,4936.68,32362.68
INV00305,2026-02-26,Customer305,Product3,4,17472,69888,12579.84,82467.84
INV00306,2026-02-27,Customer306,Product17,2,14800,29600,5328.0,34928.0
INV00307,2026-02-28,Customer307,Product5,4,48075,192300,34614.0,226914.0
INV00308,2026-02-01,Customer308,Product19,4,11147,44588,8025.84,52613.84
INV00309,2026-02-02,Customer309,Product10,5,43918,219590,39526.2,259116.2
INV00310,2026-02-03,Customer310,Product16,5,37442,187210,33697.8,220907.8
INV00311,2026-02-04,Customer311,Product16,3,37523,112569,20262.42,132831.41999999998
INV00312,2026-02-05,Customer312,Product7,4,44841,179364,32285.52,211649.52
INV00313,2026-02-06,Customer313,Product20,4,35211,140844,25351.92,166195.91999999998
INV00314,2026-02-07,Customer314,Product3,3,23544,70632,12713.76,83345.76
INV00315,2026-02-08,Customer315,Product2,4,20177,80708,14527.44,95235.44
INV00316,2026-02-09,Customer316,Product18,4,19896,79584,14325.12,93909.12
INV00317,2026-02-10,Customer317,Product20,3,47709,143127,25762.86,168889.86
INV00318,2026-02-11,Customer318,Product12,5,16309,81545,14678.1,96223.1
INV00319,2026-02-12,Customer319,Product10,3,19321,57963,10433.34,68396.34
INV00320,2026-02-13,Customer320,Product8,5,24810,124050,22329.0,146379.0
INV00321,2026-02-14,Customer321,Product17,4,26402,105608,19009.44,124617.44
INV00322,2026-02-15,Customer322,Product15,4,16367,65468,11784.24,77252.24
INV00323,2026-02-16,Customer323,Product17,1,49127,49127,8842.86,57969.86
INV00324,2026-02-17,Customer324,Product5,4,38441,153764,27677.52,181441.52
INV00325,2026-02-18,Customer325,Product8,1,9435,9435,1698.3,11133.3
INV00326,2026-02-19,Customer326,Product6,4,31779,127116,22880.88,149996.88
INV00327,2026-02-20,Customer327,Product7,1,45364,45364,8165.52,53529.520000000004
INV00328,2026-02-21,Customer328,Product10,2,19426,38852,6993.36,45845.36
INV00329,2026-02-22,Customer329,Product16,5,26674,133370,24006.6,157376.6
INV00330,2026-02-23,Customer330,Product12,1,24068,24068,4332.24,28400.239999999998
INV00331,2026-02-24,Customer331,Product20,4,40539,162156,29188.08,191344.08000000002
INV00332,2026-02-25,Customer332,Product13,1,3107,3107,559.26,3666.26
INV00333,2026-02-26,Customer333,Product1,5,31643,158215,28478.7,186693.7
INV00334,2026-02-27,Customer334,Product19,2,35509,71018,12783.24,83801.24
INV00335,2026-02-28,Customer335,Product19,5,13273,66365,11945.7,78310.7
INV00336,2026-02-01,Customer336,Product3,1,17619,17619,3171.42,20790.42
INV00337,2026-02-02,Customer337,Product3,5,25683,128415,23114.7,151529.7
INV00338,2026-02-03,Customer338,Product7,4,24159,96636,17394.48,114030.48
INV00339,2026-02-04,Customer339,Product18,2,9736,19472,3504.96,22976.96
INV00340,2026-02-05,Customer340,Product16,2,41823,83646,15056.28,98702.28
INV00341,2026-02-06,Customer341,Product19,2,16507,33014,5942.52,38956.520000000004
INV00342,2026-02-07,Customer342,Product3,3,42916,128748,23174.64,151922.64
INV00343,2026-02-08,Customer343,Product13,2,38056,76112,13700.16,89812.16
INV00344,2026-02-09,Customer344,Product14,5,26011,130055,23409.9,153464.9
INV00345,2026-02-10,Customer345,Product1,3,17633,52899,9521.82,62420.82
INV00346,2026-02-11,Customer346,Product9,4,38838,155352,27963.36,183315.36
INV00347,2026-02-12,Customer347,Product7,5,23422,117110,21079.8,138189.8
INV00348,2026-02-13,Customer348,Product13,1,38684,38684,6963.12,45647.12
INV00349,2026-02-14,Customer349,Product11,4,5610,22440,4039.2,26479.2
INV00350,2026-02-15,Customer350,Product19,1,14029,14029,2525.22,16554.22
INV00351,2026-02-16,Customer351,Product14,1,11751,11751,2115.18,13866.18
INV00352,2026-02-17,Customer352,Product4,1,8291,8291,1492.38,9783.380000000001
INV00353,2026-02-18,Customer353,Product4,5,23311,116555,20979.9,137534.9
INV00354,2026-02-19,Customer354,Product15,5,14526,72630,13073.4,85703.4
INV00355,2026-02-20,Customer355,Product5,2,24662,49324,8878.32,58202.32
INV00356,2026-02-21,Customer356,Product6,1,12980,12980,2336.4,15316.4
INV00357,2026-02-22,Customer357,Product18,2,43093,86186,15513.48,101699.48
INV00358,2026-02-23,Customer358,Product4,1,33004,33004,5940.72,38944.72
INV00359,2026-02-24,Customer359,Product20,4,24357,97428,17537.04,114965.04000000001
INV00360,2026-02-25,Customer360,Product17,2,12455,24910,4483.8,29393.8
INV00361,2026-02-26,Customer361,Product15,5,2382,11910,2143.8,14053.8
INV00362,2026-02-27,Customer362,Product6,2,22717,45434,8178.12,53612.12
INV00363,2026-02-28,Customer363,Product11,1,38139,38139,6865.02,45004.020000000004
INV00364,2026-02-01,Customer364,Product8,2,9002,18004,3240.72,21244.72
INV00365,2026-02-02,Customer365,Product9,4,5556,22224,4000.32,26224.32
INV00366,2026-02-03,Customer366,Product20,5,32125,160625,28912.5,189537.5
INV00367,2026-02-04,Customer367,Product9,4,49741,198964,35813.52,234777.52
INV00368,2026-02-05,Customer368,Product4,3,31790,95370,17166.6,112536.6
INV00369,2026-02-06,Customer369,Product17,1,3387,3387,609.66,3996.66
INV00370,2026-02-07,Customer370,Product6,2,33619,67238,12102.84,79340.84
INV00371,2026-02-08,Customer371,Product13,3,2763,8289,1492.02,9781.02
INV00372,2026-02-09,Customer372,Product2,4,17624,70496,12689.28,83185.28
INV00373,2026-02-10,Customer373,Product17,4,30618,122472,22044.96,144516.96
INV00374,2026-02-11,Customer374,Product11,1,12576,12576,2263.68,14839.68
INV00375,2026-02-12,Customer375,Product6,2,9992,19984,3597.12,23581.12
INV00376,2026-02-13,Customer376,Product2,2,38017,76034,13686.12,89720.12
INV00377,2026-02-14,Customer377,Product7,2,28796,57592,10366.56,67958.56
INV00378,2026-02-15,Customer378,Product2,2,45325,90650,16317.0,106967.0
INV00379,2026-02-16,Customer379,Product18,4,11046,44184,7953.12,52137.12
INV00380,2026-02-17,Customer380,Product2,2,14004,28008,5041.44,33049.44
INV00381,2026-02-18,Customer381,Product16,4,18453,73812,13286.16,87098.16
INV00382,2026-02-19,Customer382,Product9,1,43860,43860,7894.8,51754.8
INV00383,2026-02-20,Customer383,Product18,5,31931,159655,28737.9,188392.9
INV00384,2026-02-21,Customer384,Product2,3,20280,60840,10951.2,71791.2
INV00385,2026-02-22,Customer385,Product12,1,13855,13855,2493.9,16348.9
INV00386,2026-02-23,Customer386,Product4,3,3375,10125,1822.5,11947.5
INV00387,2026-02-24,Customer387,Product19,2,17361,34722,6249.96,40971.96
INV00388,2026-02-25,Customer388,Product7,1,2604,2604,468.72,3072.7200000000003
INV00389,2026-02-26,Customer389,Product14,1,23989,23989,4318.02,28307.02
INV00390,2026-02-27,Customer390,Product20,3,4154,12462,2243.16,14705.16
INV00391,2026-02-28,Customer391,Product2,5,28485,142425,25636.5,168061.5
INV00392,2026-02-01,Customer392,Product4,3,11726,35178,6332.04,41510.04
INV00393,2026-02-02,Customer393,Product2,2,49485,98970,17814.6,116784.6
INV00394,2026-02-03,Customer394,Product19,5,1910,9550,1719.0,11269.0
INV00395,2026-02-04,Customer395,Product3,3,42917,128751,23175.18,151926.18
INV00396,2026-02-05,Customer396,Product2,5,44307,221535,39876.3,261411.3
INV00397,2026-02-06,Customer397,Product4,4,31473,125892,22660.56,148552.56
INV00398,2026-02-07,Customer398,Product9,1,1281,1281,230.58,1511.58
INV00399,2026-02-08,Customer399,Product10,4,48191,192764,34697.52,227461.52
INV00400,2026-02-09,Customer400,Product15,4,43514,174056,31330.08,205386.08000000002
INV00401,2026-02-10,Customer401,Product6,4,24127,96508,17371.44,113879.44
INV00402,2026-02-11,Customer402,Product9,3,40106,120318,21657.24,141975.24
INV00403,2026-02-12,Customer403,Product17,4,29750,119000,21420.0,140420.0
INV00404,2026-02-13,Customer404,Product13,2,2747,5494,988.92,6482.92
INV00405,2026-02-14,Customer405,Product1,4,31542,126168,22710.24,148878.24
INV00406,2026-02-15,Customer406,Product4,4,7782,31128,5603.04,36731.04
INV00407,2026-02-16,Customer407,Product4,3,40788,122364,22025.52,144389.52
INV00408,2026-02-17,Customer408,Product2,4,30880,123520,22233.6,145753.6
INV00409,2026-02-18,Customer409,Product17,5,26963,134815,24266.7,159081.7
INV00410,2026-02-19,Customer410,Product13,5,48633,243165,43769.7,286934.7
INV00411,2026-02-20,Customer411,Product20,3,18571,55713,10028.34,65741.34
INV00412,2026-02-21,Customer412,Product20,3,8613,25839,4651.02,30490.02
INV00413,2026-02-22,Customer413,Product3,3,6716,20148,3626.64,23774.64
INV00414,2026-02-23,Customer414,Product7,3,34448,103344,18601.92,121945.92
INV00415,2026-02-24,Customer415,Product1,2,43041,86082,15494.76,101576.76
INV00416,2026-02-25,Customer416,Product19,4,40813,163252,29385.36,192637.36
INV00417,2026-02-26,Customer417,Product20,2,29891,59782,10760.76,70542.76
INV00418,2026-02-27,Customer418,Product11,4,21863,87452,15741.36,103193.36
INV00419,2026-02-28,Customer419,Product16,3,14181,42543,7657.74,50200.74
INV00420,2026-02-01,Customer420,Product15,5,29852,149260,26866.8,176126.8
INV00421,2026-02-02,Customer421,Product17,4,34752,139008,25021.44,164029.44
INV00422,2026-02-03,Customer422,Product20,3,13158,39474,7105.32,46579.32
INV00423,2026-02-04,Customer423,Product13,2,21007,42014,7562.52,49576.520000000004
INV00424,2026-02-05,Customer424,Product20,5,26247,131235,23622.3,154857.3
INV00425,2026-02-06,Customer425,Product5,1,43113,43113,7760.34,50873.34
INV00426,2026-02-07,Customer426,Product14,1,33471,33471,6024.78,39495.78
INV00427,2026-02-08,Customer427,Product5,1,32090,32090,5776.2,37866.2
INV00428,2026-02-09,Customer428,Product12,4,43081,172324,31018.32,203342.32
INV00429,2026-02-10,Customer429,Product9,2,46587,93174,16771.32,109945.32
INV00430,2026-02-11,Customer430,Product5,1,36598,36598,6587.64,43185.64
INV00431,2026-02-12,Customer431,Product19,1,41847,41847,7532.46,49379.46
INV00432,2026-02-13,Customer432,Product15,1,47585,47585,8565.3,56150.3
INV00433,2026-02-14,Customer433,Product20,5,21776,108880,19598.4,128478.4
INV00434,2026-02-15,Customer434,Product12,1,46529,46529,8375.22,54904.22
INV00435,2026-02-16,Customer435,Product20,5,24413,122065,21971.7,144036.7
INV00436,2026-02-17,Customer436,Product4,4,44549,178196,32075.28,210271.28
INV00437,2026-02-18,Customer437,Product13,1,21556,21556,3880.08,25436.08
INV00438,2026-02-19,Customer438,Product12,1,42874,42874,7717.32,50591.32
INV00439,2026-02-20,Customer439,Product17,5,20347,101735,18312.3,120047.3
INV00440,2026-02-21,Customer440,Product15,5,17359,86795,15623.1,102418.1
INV00441,2026-02-22,Customer441,Product6,5,41000,205000,36900.0,241900.0
INV00442,2026-02-23,Customer442,Product10,3,28346,85038,15306.84,100344.84
INV00443,2026-02-24,Customer443,Product12,5,44267,221335,39840.3,261175.3
INV00444,2026-02-25,Customer444,Product14,3,21937,65811,11845.98,77656.98
INV00445,2026-02-26,Customer445,Product15,1,23488,23488,4227.84,27715.84
INV00446,2026-02-27,Customer446,Product19,4,22876,91504,16470.72,107974.72
INV00447,2026-02-28,Customer447,Product13,1,10495,10495,1889.1,12384.1
INV00448,2026-02-01,Customer448,Product10,3,20556,61668,11100.24,72768.24
INV00449,2026-02-02,Customer449,Product11,1,4209,4209,757.62,4966.62
INV00450,2026-02-03,Customer450,Product10,1,7567,7567,1362.06,8929.06
INV00451,2026-02-04,Customer451,Product6,2,16656,33312,5996.16,39308.16
INV00452,2026-02-05,Customer452,Product15,4,16293,65172,11730.96,76902.95999999999
INV00453,2026-02-06,Customer453,Product17,4,4080,16320,2937.6,19257.6
INV00454,2026-02-07,Customer454,Product13,4,30039,120156,21628.08,141784.08000000002
INV00455,2026-02-08,Customer455,Product10,3,7325,21975,3955.5,25930.5
INV00456,2026-02-09,Customer456,Product6,5,16733,83665,15059.7,98724.7
INV00457,2026-02-10,Customer457,Product18,3,20450,61350,11043.0,72393.0
INV00458,2026-02-11,Customer458,Product1,4,47814,191256,34426.08,225682.08000000002
INV00459,2026-02-12,Customer459,Product7,3,19825,59475,10705.5,70180.5
INV00460,2026-02-13,Customer460,Product1,2,2068,4136,744.48,4880.48
INV00461,2026-02-14,Customer461,Product8,3,45948,137844,24811.92,162655.91999999998
INV00462,2026-02-15,Customer462,Product16,3,15535,46605,8388.9,54993.9
INV00463,2026-02-16,Customer463,Product11,1,3296,3296,593.28,3889.2799999999997
INV00464,2026-02-17,Customer464,Product10,3,13250,39750,7155.0,46905.0
INV00465,2026-02-18,Customer465,Product7,4,15481,61924,11146.32,73070.32
INV00466,2026-02-19,Customer466,Product12,1,28666,28666,5159.88,33825.88
INV00467,2026-02-20,Customer467,Product3,3,48027,144081,25934.58,170015.58000000002
INV00468,2026-02-21,Customer468,Product16,3,31573,94719,17049.42,111768.42
INV00469,2026-02-22,Customer469,Product11,3,14492,43476,7825.68,51301.68
INV00470,2026-02-23,Customer470,Product3,4,27063,108252,19485.36,127737.36
INV00471,2026-02-24,Customer471,Product7,1,3171,3171,570.78,3741.7799999999997
INV00472,2026-02-25,Customer472,Product5,2,17073,34146,6146.28,40292.28
INV00473,2026-02-26,Customer473,Product3,4,31887,127548,22958.64,150506.64
INV00474,2026-02-27,Customer474,Product2,2,17222,34444,6199.92,40643.92
INV00475,2026-02-28,Customer475,Product5,3,41268,123804,22284.72,146088.72
INV00476,2026-02-01,Customer476,Product17,5,17745,88725,15970.5,104695.5
INV00477,2026-02-02,Customer477,Product16,5,1837,9185,1653.3,10838.3
INV00478,2026-02-03,Customer478,Product19,5,45461,227305,40914.9,268219.9
INV00479,2026-02-04,Customer479,Product10,2,22945,45890,8260.2,54150.2
INV00480,2026-02-05,Customer480,Product18,5,17334,86670,15600.6,102270.6
INV00481,2026-02-06,Customer481,Product18,1,29540,29540,5317.2,34857.2
INV00482,2026-02-07,Customer482,Product15,4,46248,184992,33298.56,218290.56
INV00483,2026-02-08,Customer483,Product20,4,43330,173320,31197.6,204517.6
INV00484,2026-02-09,Customer484,Product2,1,30680,30680,5522.4,36202.4
INV00485,2026-02-10,Customer485,Product15,5,18716,93580,16844.4,110424.4
INV00486,2026-02-11,Customer486,Product5,1,26921,26921,4845.78,31766.78
INV00487,2026-02-12,Customer487,Product11,2,35798,71596,12887.28,84483.28
INV00488,2026-02-13,Customer488,Product13,5,16451,82255,14805.9,97060.9
INV00489,2026-02-14,Customer489,Product3,4,25394,101576,18283.68,119859.68
INV00490,2026-02-15,Customer490,Product11,5,8157,40785,7341.3,48126.3
INV00491,2026-02-16,Customer491,Product10,4,41920,167680,30182.4,197862.4
INV00492,2026-02-17,Customer492,Product5,1,15292,15292,2752.56,18044.56
INV00493,2026-02-18,Customer493,Product12,2,47340,94680,17042.4,111722.4
INV00494,2026-02-19,Customer494,Product1,1,37577,37577,6763.86,44340.86
INV00495,2026-02-20,Customer495,Product14,1,5553,5553,999.54,6552.54
INV00496,2026-02-21,Customer496,Product3,2,16873,33746,6074.28,39820.28
INV00497,2026-02-22,Customer497,Product2,5,12394,61970,11154.6,73124.6
INV00498,2026-02-23,Customer498,Product12,4,10247,40988,7377.84,48365.84
INV00499,2026-02-24,Customer499,Product16,3,31843,95529,17195.22,112724.22
INV00500,2026-02-25,Customer500,Product13,4,4784,19136,3444.48,22580.48
INV00501,2026-02-26,Customer501,Product20,5,25567,127835,23010.3,150845.3
INV00502,2026-02-27,Customer502,Product15,1,31531,31531,5675.58,37206.58
INV00503,2026-02-28,Customer503,Product12,4,29927,119708,21547.44,141255.44
INV00504,2026-02-01,Customer504,Product9,3,26387,79161,14248.98,93409.98
INV00505,2026-02-02,Customer505,Product12,3,14504,43512,7832.16,51344.16
INV00506,2026-02-03,Customer506,Product16,4,16578,66312,11936.16,78248.16
INV00507,2026-02-04,Customer507,Product6,2,8249,16498,2969.64,19467.64
INV00508,2026-02-05,Customer508,Product6,2,40791,81582,14684.76,96266.76
INV00509,2026-02-06,Customer509,Product8,1,7588,7588,1365.84,8953.84
INV00510,2026-02-07,Customer510,Product3,3,32036,96108,17299.44,113407.44
INV00511,2026-02-08,Customer511,Product2,4,34911,139644,25135.92,164779.91999999998
INV00512,2026-02-09,Customer512,Product13,2,8450,16900,3042.0,19942.0
INV00513,2026-02-10,Customer513,Product14,1,29533,29533,5315.94,34848.94
INV00514,2026-02-11,Customer514,Product3,5,18941,94705,17046.9,111751.9
INV00515,2026-02-12,Customer515,Product9,5,44552,222760,40096.8,262856.8
INV00516,2026-02-13,Customer516,Product20,4,47825,191300,34434.0,225734.0
INV00517,2026-02-14,Customer517,Product18,1,32824,32824,5908.32,38732.32
INV00518,2026-02-15,Customer518,Product16,3,15511,46533,8375.94,54908.94
INV00519,2026-02-16,Customer519,Product18,1,33718,33718,6069.24,39787.24
INV00520,2026-02-17,Customer520,Product7,5,3120,15600,2808.0,18408.0
INV00521,2026-02-18,Customer521,Product9,2,37833,75666,13619.88,89285.88
INV00522,2026-02-19,Customer522,Product13,1,29543,29543,5317.74,34860.74
INV00523,2026-02-20,Customer523,Product8,1,40712,40712,7328.16,48040.16
INV00524,2026-02-21,Customer524,Product10,4,22253,89012,16022.16,105034.16
INV00525,2026-02-22,Customer525,Product18,4,34197,136788,24621.84,161409.84
INV00526,2026-02-23,Customer526,Product1,2,33786,67572,12162.96,79734.95999999999
INV00527,2026-02-24,Customer527,Product10,3,11138,33414,6014.52,39428.520000000004
INV00528,2026-02-25,Customer528,Product13,4,34902,139608,25129.44,164737.44
INV00529,2026-02-26,Customer529,Product12,3,5045,15135,2724.3,17859.3
INV00530,2026-02-27,Customer530,Product6,2,18620,37240,6703.2,43943.2
INV00531,2026-02-28,Customer531,Product15,1,45547,45547,8198.46,53745.46
INV00532,2026-02-01,Customer532,Product12,3,5043,15129,2723.22,17852.22
INV00533,2026-02-02,Customer533,Product10,5,21335,106675,19201.5,125876.5
INV00534,2026-02-03,Customer534,Product14,4,40205,160820,28947.6,189767.6
INV00535,2026-02-04,Customer535,Product7,3,15383,46149,8306.82,54455.82
INV00536,2026-02-05,Customer536,Product18,5,1107,5535,996.3,6531.3
INV00537,2026-02-06,Customer537,Product3,3,44838,134514,24212.52,158726.52
INV00538,2026-02-07,Customer538,Product18,1,34737,34737,6252.66,40989.66
INV00539,2026-02-08,Customer539,Product10,5,20162,100810,18145.8,118955.8
INV00540,2026-02-09,Customer540,Product5,2,36446,72892,13120.56,86012.56
INV00541,2026-02-10,Customer541,Product5,5,17848,89240,16063.2,105303.2
INV00542,2026-02-11,Customer542,Product10,1,40473,40473,7285.14,47758.14
INV00543,2026-02-12,Customer543,Product19,2,47777,95554,17199.72,112753.72
INV00544,2026-02-13,Customer544,Product11,1,40849,40849,7352.82,48201.82
INV00545,2026-02-14,Customer545,Product8,1,15636,15636,2814.48,18450.48
INV00546,2026-02-15,Customer546,Product10,1,6231,6231,1121.58,7352.58
INV00547,2026-02-16,Customer547,Product4,3,2165,6495,1169.1,7664.1
INV00548,2026-02-17,Customer548,Product14,2,47745,95490,17188.2,112678.2
INV00549,2026-02-18,Customer549,Product12,5,40775,203875,36697.5,240572.5
INV00550,2026-02-19,Customer550,Product8,4,31410,125640,22615.2,148255.2
INV00551,2026-02-20,Customer551,Product18,4,1980,7920,1425.6,9345.6
INV00552,2026-02-21,Customer552,Product8,5,42660,213300,38394.0,251694.0
INV00553,2026-02-22,Customer553,Product14,5,33764,168820,30387.6,199207.6
INV00554,2026-02-23,Customer554,Product5,4,43622,174488,31407.84,205895.84
INV00555,2026-02-24,Customer555,Product17,2,2016,4032,725.76,4757.76
INV00556,2026-02-25,Customer556,Product19,1,15830,15830,2849.4,18679.4
INV00557,2026-02-26,Customer557,Product1,2,29926,59852,10773.36,70625.36
INV00558,2026-02-27,Customer558,Product10,1,31254,31254,5625.72,36879.72
INV00559,2026-02-28,Customer559,Product7,4,36801,147204,26496.72,173700.72
INV00560,2026-02-01,Customer560,Product15,2,21502,43004,7740.72,50744.72
INV00561,2026-02-02,Customer561,Product1,2,25190,50380,9068.4,59448.4
INV00562,2026-02-03,Customer562,Product2,5,21604,108020,19443.6,127463.6
INV00563,2026-02-04,Customer563,Product10,2,32496,64992,11698.56,76690.56
INV00564,2026-02-05,Customer564,Product10,3,12658,37974,6835.32,44809.32
INV00565,2026-02-06,Customer565,Product8,1,14649,14649,2636.82,17285.82
INV00566,2026-02-07,Customer566,Product14,3,17362,52086,9375.48,61461.479999999996
INV00567,2026-02-08,Customer567,Product7,5,2944,14720,2649.6,17369.6
INV00568,2026-02-09,Customer568,Product10,3,8735,26205,4716.9,30921.9
INV00569,2026-02-10,Customer569,Product13,2,33963,67926,12226.68,80152.68
INV00570,2026-02-11,Customer570,Product5,4,18073,72292,13012.56,85304.56
INV00571,2026-02-12,Customer571,Product9,1,12277,12277,2209.86,14486.86
INV00572,2026-02-13,Customer572,Product7,4,37452,149808,26965.44,176773.44
INV00573,2026-02-14,Customer573,Product5,3,20097,60291,10852.38,71143.38
INV00574,2026-02-15,Customer574,Product3,2,26597,53194,9574.92,62768.92
INV00575,2026-02-16,Customer575,Product19,3,42392,127176,22891.68,150067.68
INV00576,2026-02-17,Customer576,Product11,4,35182,140728,25331.04,166059.04
INV00577,2026-02-18,Customer577,Product13,2,32207,64414,11594.52,76008.52
INV00578,2026-02-19,Customer578,Product15,4,9458,37832,6809.76,44641.76
INV00579,2026-02-20,Customer579,Product17,3,14249,42747,7694.46,50441.46
INV00580,2026-02-21,Customer580,Product11,3,31376,94128,16943.04,111071.04000000001
INV00581,2026-02-22,Customer581,Product12,2,3804,7608,1369.44,8977.44
INV00582,2026-02-23,Customer582,Product6,2,1336,2672,480.96,3152.96
INV00583,2026-02-24,Customer583,Product18,3,5230,15690,2824.2,18514.2
INV00584,2026-02-25,Customer584,Product3,2,37735,75470,13584.6,89054.6
INV00585,2026-02-26,Customer585,Product12,3,40619,121857,21934.26,143791.26
INV00586,2026-02-27,Customer586,Product18,4,31442,125768,22638.24,148406.24
INV00587,2026-02-28,Customer587,Product5,2,18431,36862,6635.16,43497.16
INV00588,2026-02-01,Customer588,Product17,3,9633,28899,5201.82,34100.82
INV00589,2026-02-02,Customer589,Product5,4,5832,23328,4199.04,27527.04
INV00590,2026-02-03,Customer590,Product20,4,43228,172912,31124.16,204036.16
INV00591,2026-02-04,Customer591,Product4,1,17675,17675,3181.5,20856.5
INV00592,2026-02-05,Customer592,Product12,3,19231,57693,10384.74,68077.74
INV00593,2026-02-06,Customer593,Product16,1,16688,16688,3003.84,19691.84
INV00594,2026-02-07,Customer594,Product13,2,28528,57056,10270.08,67326.08
INV00595,2026-02-08,Customer595,Product19,2,17495,34990,6298.2,41288.2
INV00596,2026-02-09,Customer596,Product10,2,39531,79062,14231.16,93293.16
INV00597,2026-02-10,Customer597,Product15,1,49396,49396,8891.28,58287.28
INV00598,2026-02-11,Customer598,Product14,2,47762,95524,17194.32,112718.32
INV00599,2026-02-12,Customer599,Product4,4,13814,55256,9946.08,65202.08
INV00600,2026-02-13,Customer600,Product15,5,27388,136940,24649.2,161589.2
INV00601,2026-02-14,Customer601,Product17,2,32797,65594,11806.92,77400.92
INV00602,2026-02-15,Customer602,Product2,1,21977,21977,3955.86,25932.86
INV00603,2026-02-16,Customer603,Product9,4,17137,68548,12338.64,80886.64
INV00604,2026-02-17,Customer604,Product19,5,33390,166950,30051.0,197001.0
INV00605,2026-02-18,Customer605,Product10,3,34814,104442,18799.56,123241.56
INV00606,2026-02-19,Customer606,Product9,4,31510,126040,22687.2,148727.2
INV00607,2026-02-20,Customer607,Product12,3,37169,111507,20071.26,131578.26
INV00608,2026-02-21,Customer608,Product11,5,4930,24650,4437.0,29087.0
INV00609,2026-02-22,Customer609,Product2,2,10718,21436,3858.48,25294.48
INV00610,2026-02-23,Customer610,Product2,1,47709,47709,8587.62,56296.62
INV00611,2026-02-24,Customer611,Product4,4,28509,114036,20526.48,134562.48
INV00612,2026-02-25,Customer612,Product5,2,9986,19972,3594.96,23566.96
INV00613,2026-02-26,Customer613,Product6,2,3005,6010,1081.8,7091.8
INV00614,2026-02-27,Customer614,Product19,3,48107,144321,25977.78,170298.78
INV00615,2026-02-28,Customer615,Product14,4,25773,103092,18556.56,121648.56
INV00616,2026-02-01,Customer616,Product4,2,41688,83376,15007.68,98383.68
INV00617,2026-02-02,Customer617,Product1,3,30293,90879,16358.22,107237.22
INV00618,2026-02-03,Customer618,Product11,3,46021,138063,24851.34,162914.34
INV00619,2026-02-04,Customer619,Product1,4,31511,126044,22687.92,148731.91999999998
INV00620,2026-02-05,Customer620,Product6,2,35090,70180,12632.4,82812.4
INV00621,2026-02-06,Customer621,Product19,1,48500,48500,8730.0,57230.0
INV00622,2026-02-07,Customer622,Product3,1,831,831,149.58,980.58
INV00623,2026-02-08,Customer623,Product11,4,14002,56008,10081.44,66089.44
INV00624,2026-02-09,Customer624,Product12,3,48624,145872,26256.96,172128.96
INV00625,2026-02-10,Customer625,Product19,1,26224,26224,4720.32,30944.32
INV00626,2026-02-11,Customer626,Product13,4,33602,134408,24193.44,158601.44
INV00627,2026-02-12,Customer627,Product9,4,22451,89804,16164.72,105968.72
INV00628,2026-02-13,Customer628,Product6,3,36704,110112,19820.16,129932.16
INV00629,2026-02-14,Customer629,Product7,1,3122,3122,561.96,3683.96
INV00630,2026-02-15,Customer630,Product15,3,25851,77553,13959.54,91512.54000000001
INV00631,2026-02-16,Customer631,Product1,4,11371,45484,8187.12,53671.12
INV00632,2026-02-17,Customer632,Product13,3,27307,81921,14745.78,96666.78
INV00633,2026-02-18,Customer633,Product18,3,24111,72333,13019.94,85352.94
INV00634,2026-02-19,Customer634,Product18,5,49098,245490,44188.2,289678.2
INV00635,2026-02-20,Customer635,Product14,3,15483,46449,8360.82,54809.82
INV00636,2026-02-21,Customer636,Product10,5,30381,151905,27342.9,179247.9
INV00637,2026-02-22,Customer637,Product17,5,44989,224945,40490.1,265435.1
INV00638,2026-02-23,Customer638,Product4,4,49254,197016,35462.88,232478.88
INV00639,2026-02-24,Customer639,Product5,3,14921,44763,8057.34,52820.34
INV00640,2026-02-25,Customer640,Product20,1,37193,37193,6694.74,43887.74
INV00641,2026-02-26,Customer641,Product13,3,48029,144087,25935.66,170022.66
INV00642,2026-02-27,Customer642,Product15,1,21393,21393,3850.74,25243.739999999998
INV00643,2026-02-28,Customer643,Product17,2,3563,7126,1282.68,8408.68
INV00644,2026-02-01,Customer644,Product11,2,46824,93648,16856.64,110504.64
INV00645,2026-02-02,Customer645,Product4,1,17182,17182,3092.76,20274.760000000002
INV00646,2026-02-03,Customer646,Product18,5,25079,125395,22571.1,147966.1
INV00647,2026-02-04,Customer647,Product20,1,15527,15527,2794.86,18321.86
INV00648,2026-02-05,Customer648,Product14,5,24241,121205,21816.9,143021.9
INV00649,2026-02-06,Customer649,Product17,2,29411,58822,10587.96,69409.95999999999
INV00650,2026-02-07,Customer650,Product2,2,19234,38468,6924.24,45392.24
INV00651,2026-02-08,Customer651,Product10,1,27685,27685,4983.3,32668.3
INV00652,2026-02-09,Customer652,Product17,1,20206,20206,3637.08,23843.08
INV00653,2026-02-10,Customer653,Product2,4,27138,108552,19539.36,128091.36
INV00654,2026-02-11,Customer654,Product20,2,12518,25036,4506.48,29542.48
INV00655,2026-02-12,Customer655,Product9,4,36399,145596,26207.28,171803.28
INV00656,2026-02-13,Customer656,Product17,5,22773,113865,20495.7,134360.7
INV00657,2026-02-14,Customer657,Product12,5,7618,38090,6856.2,44946.2
INV00658,2026-02-15,Customer658,Product8,4,35470,141880,25538.4,167418.4
INV00659,2026-02-16,Customer659,Product19,2,33700,67400,12132.0,79532.0
INV00660,2026-02-17,Customer660,Product11,3,15744,47232,8501.76,55733.76
INV00661,2026-02-18,Customer661,Product8,2,17708,35416,6374.88,41790.88
INV00662,2026-02-19,Customer662,Product10,3,30099,90297,16253.46,106550.45999999999
INV00663,2026-02-20,Customer663,Product15,2,1065,2130,383.4,2513.4
INV00664,2026-02-21,Customer664,Product16,1,43681,43681,7862.58,51543.58
INV00665,2026-02-22,Customer665,Product18,1,4282,4282,770.76,5052.76
INV00666,2026-02-23,Customer666,Product1,3,41526,124578,22424.04,147002.04
INV00667,2026-02-24,Customer667,Product11,2,12701,25402,4572.36,29974.36
INV00668,2026-02-25,Customer668,Product13,5,6197,30985,5577.3,36562.3
INV00669,2026-02-26,Customer669,Product3,3,37788,113364,20405.52,133769.52
INV00670,2026-02-27,Customer670,Product9,2,45078,90156,16228.08,106384.08
INV00671,2026-02-28,Customer671,Product19,5,12519,62595,11267.1,73862.1
INV00672,2026-02-01,Customer672,Product12,2,29452,58904,10602.72,69506.72
INV00673,2026-02-02,Customer673,Product6,2,3073,6146,1106.28,7252.28
INV00674,2026-02-03,Customer674,Product16,4,49483,197932,35627.76,233559.76
INV00675,2026-02-04,Customer675,Product5,3,30904,92712,16688.16,109400.16
INV00676,2026-02-05,Customer676,Product20,3,828,2484,447.12,2931.12
INV00677,2026-02-06,Customer677,Product8,5,20958,104790,18862.2,123652.2
INV00678,2026-02-07,Customer678,Product8,3,9256,27768,4998.24,32766.239999999998
INV00679,2026-02-08,Customer679,Product12,1,14802,14802,2664.36,17466.36
INV00680,2026-02-09,Customer680,Product20,2,38615,77230,13901.4,91131.4
INV00681,2026-02-10,Customer681,Product7,5,20919,104595,18827.1,123422.1
INV00682,2026-02-11,Customer682,Product17,5,29316,146580,26384.4,172964.4
INV00683,2026-02-12,Customer683,Product6,1,6926,6926,1246.68,8172.68
INV00684,2026-02-13,Customer684,Product12,2,26214,52428,9437.04,61865.04
INV00685,2026-02-14,Customer685,Product15,2,17128,34256,6166.08,40422.08
INV00686,2026-02-15,Customer686,Product11,1,31472,31472,5664.96,37136.96
INV00687,2026-02-16,Customer687,Product20,5,17041,85205,15336.9,100541.9
INV00688,2026-02-17,Customer688,Product5,3,40355,121065,21791.7,142856.7
INV00689,2026-02-18,Customer689,Product11,2,46466,92932,16727.76,109659.76
INV00690,2026-02-19,Customer690,Product13,4,3997,15988,2877.84,18865.84
INV00691,2026-02-20,Customer691,Product20,5,4055,20275,3649.5,23924.5
INV00692,2026-02-21,Customer692,Product6,2,36392,72784,13101.12,85885.12
INV00693,2026-02-22,Customer693,Product5,1,46478,46478,8366.04,54844.04
INV00694,2026-02-23,Customer694,Product2,5,12731,63655,11457.9,75112.9
INV00695,2026-02-24,Customer695,Product4,3,49525,148575,26743.5,175318.5
INV00696,2026-02-25,Customer696,Product16,5,27780,138900,25002.0,163902.0
INV00697,2026-02-26,Customer697,Product16,3,14683,44049,7928.82,51977.82
INV00698,2026-02-27,Customer698,Product9,4,35313,141252,25425.36,166677.36
INV00699,2026-02-28,Customer699,Product9,4,1686,6744,1213.92,7957.92
INV00700,2026-02-01,Customer700,Product4,4,45804,183216,32978.88,216194.88
INV00701,2026-02-02,Customer701,Product8,4,47371,189484,34107.12,223591.12
INV00702,2026-02-03,Customer702,Product10,1,13496,13496,2429.28,15925.28
INV00703,2026-02-04,Customer703,Product9,2,34902,69804,12564.72,82368.72
INV00704,2026-02-05,Customer704,Product12,3,10634,31902,5742.36,37644.36
INV00705,2026-02-06,Customer705,Product19,1,16006,16006,2881.08,18887.08
INV00706,2026-02-07,Customer706,Product5,2,25346,50692,9124.56,59816.56
INV00707,2026-02-08,Customer707,Product14,3,29470,88410,15913.8,104323.8
INV00708,2026-02-09,Customer708,Product7,2,29602,59204,10656.72,69860.72
INV00709,2026-02-10,Customer709,Product7,1,27201,27201,4896.18,32097.18
INV00710,2026-02-11,Customer710,Product2,3,13966,41898,7541.64,49439.64
INV00711,2026-02-12,Customer711,Product4,5,15440,77200,13896.0,91096.0
INV00712,2026-02-13,Customer712,Product12,3,45755,137265,24707.7,161972.7
INV00713,2026-02-14,Customer713,Product16,2,25709,51418,9255.24,60673.24
INV00714,2026-02-15,Customer714,Product19,4,13204,52816,9506.88,62322.88
INV00715,2026-02-16,Customer715,Product6,3,25505,76515,13772.7,90287.7
INV00716,2026-02-17,Customer716,Product18,1,35449,35449,6380.82,41829.82
INV00717,2026-02-18,Customer717,Product1,4,35081,140324,25258.32,165582.32
INV00718,2026-02-19,Customer718,Product16,4,23837,95348,17162.64,112510.64
INV00719,2026-02-20,Customer719,Product4,4,1212,4848,872.64,5720.64
INV00720,2026-02-21,Customer720,Product6,4,4124,16496,2969.28,19465.28
INV00721,2026-02-22,Customer721,Product14,5,13397,66985,12057.3,79042.3
INV00722,2026-02-23,Customer722,Product2,3,10895,32685,5883.3,38568.3
INV00723,2026-02-24,Customer723,Product10,4,20890,83560,15040.8,98600.8
INV00724,2026-02-25,Customer724,Product19,3,24500,73500,13230.0,86730.0
INV00725,2026-02-26,Customer725,Product13,4,30959,123836,22290.48,146126.48
INV00726,2026-02-27,Customer726,Product6,5,2390,11950,2151.0,14101.0
INV00727,2026-02-28,Customer727,Product19,3,8664,25992,4678.56,30670.56
INV00728,2026-02-01,Customer728,Product14,4,28034,112136,20184.48,132320.48
INV00729,2026-02-02,Customer729,Product9,2,24277,48554,8739.72,57293.72
INV00730,2026-02-03,Customer730,Product19,5,2538,12690,2284.2,14974.2
INV00731,2026-02-04,Customer731,Product10,5,33100,165500,29790.0,195290.0
INV00732,2026-02-05,Customer732,Product13,4,22213,88852,15993.36,104845.36
INV00733,2026-02-06,Customer733,Product4,2,32039,64078,11534.04,75612.04000000001
INV00734,2026-02-07,Customer734,Product10,2,22222,44444,7999.92,52443.92
INV00735,2026-02-08,Customer735,Product6,5,38741,193705,34866.9,228571.9
INV00736,2026-02-09,Customer736,Product9,5,3536,17680,3182.4,20862.4
INV00737,2026-02-10,Customer737,Product19,2,35545,71090,12796.2,83886.2
INV00738,2026-02-11,Customer738,Product11,5,48279,241395,43451.1,284846.1
INV00739,2026-02-12,Customer739,Product15,1,43252,43252,7785.36,51037.36
INV00740,2026-02-13,Customer740,Product15,1,32343,32343,5821.74,38164.74
INV00741,2026-02-14,Customer741,Product1,1,26845,26845,4832.1,31677.1
INV00742,2026-02-15,Customer742,Product18,5,41630,208150,37467.0,245617.0
INV00743,2026-02-16,Customer743,Product8,5,33261,166305,29934.9,196239.9
INV00744,2026-02-17,Customer744,Product3,1,24249,24249,4364.82,28613.82
INV00745,2026-02-18,Customer745,Product14,3,38147,114441,20599.38,135040.38
INV00746,2026-02-19,Customer746,Product16,4,42808,171232,30821.76,202053.76
INV00747,2026-02-20,Customer747,Product5,4,47828,191312,34436.16,225748.16
INV00748,2026-02-21,Customer748,Product12,3,29786,89358,16084.44,105442.44
INV00749,2026-02-22,Customer749,Product7,2,10530,21060,3790.8,24850.8
INV00750,2026-02-23,Customer750,Product1,2,36421,72842,13111.56,85953.56
INV00751,2026-02-24,Customer751,Product5,3,19333,57999,10439.82,68438.82
INV00752,2026-02-25,Customer752,Product13,5,6189,30945,5570.1,36515.1
INV00753,2026-02-26,Customer753,Product18,5,37542,187710,33787.8,221497.8
INV00754,2026-02-27,Customer754,Product3,2,10083,20166,3629.88,23795.88
INV00755,2026-02-28,Customer755,Product14,3,34916,104748,18854.64,123602.64
INV00756,2026-02-01,Customer756,Product11,2,18178,36356,6544.08,42900.08
INV00757,2026-02-02,Customer757,Product13,1,42847,42847,7712.46,50559.46
INV00758,2026-02-03,Customer758,Product7,1,37051,37051,6669.18,43720.18
INV00759,2026-02-04,Customer759,Product17,5,21038,105190,18934.2,124124.2
INV00760,2026-02-05,Customer760,Product5,5,17434,87170,15690.6,102860.6
INV00761,2026-02-06,Customer761,Product17,2,41256,82512,14852.16,97364.16
INV00762,2026-02-07,Customer762,Product12,2,8820,17640,3175.2,20815.2
INV00763,2026-02-08,Customer763,Product5,2,5001,10002,1800.36,11802.36
INV00764,2026-02-09,Customer764,Product19,2,20485,40970,7374.6,48344.6
INV00765,2026-02-10,Customer765,Product8,5,9173,45865,8255.7,54120.7
INV00766,2026-02-11,Customer766,Product15,3,2113,6339,1141.02,7480.02
INV00767,2026-02-12,Customer767,Product18,2,24417,48834,8790.12,57624.12
INV00768,2026-02-13,Customer768,Product6,1,43858,43858,7894.44,51752.44
INV00769,2026-02-14,Customer769,Product7,3,14717,44151,7947.18,52098.18
INV00770,2026-02-15,Customer770,Product18,3,14752,44256,7966.08,52222.08
INV00771,2026-02-16,Customer771,Product16,4,14925,59700,10746.0,70446.0
INV00772,2026-02-17,Customer772,Product7,3,45607,136821,24627.78,161448.78
INV00773,2026-02-18,Customer773,Product18,1,36140,36140,6505.2,42645.2
INV00774,2026-02-19,Customer774,Product3,5,31191,155955,28071.9,184026.9
INV00775,2026-02-20,Customer775,Product12,3,35262,105786,19041.48,124827.48
INV00776,2026-02-21,Customer776,Product15,1,48597,48597,8747.46,57344.46
INV00777,2026-02-22,Customer777,Product8,2,42570,85140,15325.2,100465.2
INV00778,2026-02-23,Customer778,Product9,1,13706,13706,2467.08,16173.08
INV00779,2026-02-24,Customer779,Product11,1,47378,47378,8528.04,55906.04
INV00780,2026-02-25,Customer780,Product18,2,30689,61378,11048.04,72426.04000000001
INV00781,2026-02-26,Customer781,Product10,1,30772,30772,5538.96,36310.96
INV00782,2026-02-27,Customer782,Product11,4,10822,43288,7791.84,51079.84
INV00783,2026-02-28,Customer783,Product4,1,48853,48853,8793.54,57646.54
INV00784,2026-02-01,Customer784,Product17,5,16175,80875,14557.5,95432.5
INV00785,2026-02-02,Customer785,Product8,3,28558,85674,15421.32,101095.32
INV00786,2026-02-03,Customer786,Product10,3,13781,41343,7441.74,48784.74
INV00787,2026-02-04,Customer787,Product19,5,45861,229305,41274.9,270579.9
INV00788,2026-02-05,Customer788,Product1,2,1044,2088,375.84,2463.84
INV00789,2026-02-06,Customer789,Product8,2,21958,43916,7904.88,51820.88
INV00790,2026-02-07,Customer790,Product17,1,3698,3698,665.64,4363.64
INV00791,2026-02-08,Customer791,Product18,2,14650,29300,5274.0,34574.0
INV00792,2026-02-09,Customer792,Product12,5,18910,94550,17019.0,111569.0
INV00793,2026-02-10,Customer793,Product19,2,49431,98862,17795.16,116657.16
INV00794,2026-02-11,Customer794,Product17,5,35967,179835,32370.3,212205.3
INV00795,2026-02-12,Customer795,Product7,4,23986,95944,17269.92,113213.92
INV00796,2026-02-13,Customer796,Product15,4,24843,99372,17886.96,117258.95999999999
INV00797,2026-02-14,Customer797,Product13,5,41570,207850,37413.0,245263.0
INV00798,2026-02-15,Customer798,Product14,1,10407,10407,1873.26,12280.26
INV00799,2026-02-16,Customer799,Product8,3,20945,62835,11310.3,74145.3
INV00800,2026-02-17,Customer800,Product15,3,41270,123810,22285.8,146095.8
INV00801,2026-02-18,Customer801,Product18,2,38351,76702,13806.36,90508.36
INV00802,2026-02-19,Customer802,Product6,3,49801,149403,26892.54,176295.54
INV00803,2026-02-20,Customer803,Product20,1,47571,47571,8562.78,56133.78
INV00804,2026-02-21,Customer804,Product3,3,17349,52047,9368.46,61415.46
INV00805,2026-02-22,Customer805,Product18,1,28957,28957,5212.26,34169.26
INV00806,2026-02-23,Customer806,Product4,4,39198,156792,28222.56,185014.56
INV00807,2026-02-24,Customer807,Product5,4,1897,7588,1365.84,8953.84
INV00808,2026-02-25,Customer808,Product4,2,5301,10602,1908.36,12510.36
INV00809,2026-02-26,Customer809,Product18,5,36701,183505,33030.9,216535.9
INV00810,2026-02-27,Customer810,Product19,2,17332,34664,6239.52,40903.520000000004
INV00811,2026-02-28,Customer811,Product1,4,49146,196584,35385.12,231969.12
INV00812,2026-02-01,Customer812,Product8,1,46314,46314,8336.52,54650.520000000004
INV00813,2026-02-02,Customer813,Product5,2,29808,59616,10730.88,70346.88
INV00814,2026-02-03,Customer814,Product8,1,42576,42576,7663.68,50239.68
INV00815,2026-02-04,Customer815,Product16,3,24089,72267,13008.06,85275.06
INV00816,2026-02-05,Customer816,Product4,4,2381,9524,1714.32,11238.32
INV00817,2026-02-06,Customer817,Product15,3,49896,149688,26943.84,176631.84
INV00818,2026-02-07,Customer818,Product19,5,24632,123160,22168.8,145328.8
INV00819,2026-02-08,Customer819,Product15,2,36173,72346,13022.28,85368.28
INV00820,2026-02-09,Customer820,Product5,1,43822,43822,7887.96,51709.96
INV00821,2026-02-10,Customer821,Product16,4,49288,197152,35487.36,232639.36
INV00822,2026-02-11,Customer822,Product3,4,27432,109728,19751.04,129479.04000000001
INV00823,2026-02-12,Customer823,Product2,4,42404,169616,30530.88,200146.88
INV00824,2026-02-13,Customer824,Product2,4,39989,159956,28792.08,188748.08000000002
INV00825,2026-02-14,Customer825,Product13,1,20161,20161,3628.98,23789.98
INV00826,2026-02-15,Customer826,Product18,2,28632,57264,10307.52,67571.52
INV00827,2026-02-16,Customer827,Product2,1,38684,38684,6963.12,45647.12
INV00828,2026-02-17,Customer828,Product3,1,6463,6463,1163.34,7626.34
INV00829,2026-02-18,Customer829,Product3,5,3533,17665,3179.7,20844.7
INV00830,2026-02-19,Customer830,Product2,4,11706,46824,8428.32,55252.32
INV00831,2026-02-20,Customer831,Product2,2,24201,48402,8712.36,57114.36
INV00832,2026-02-21,Customer832,Product4,4,6786,27144,4885.92,32029.92
INV00833,2026-02-22,Customer833,Product19,4,5905,23620,4251.6,27871.6
INV00834,2026-02-23,Customer834,Product13,3,46697,140091,25216.38,165307.38
INV00835,2026-02-24,Customer835,Product10,2,21026,42052,7569.36,49621.36
INV00836,2026-02-25,Customer836,Product20,4,19983,79932,14387.76,94319.76
INV00837,2026-02-26,Customer837,Product4,1,35245,35245,6344.1,41589.1
INV00838,2026-02-27,Customer838,Product10,3,25823,77469,13944.42,91413.42
INV00839,2026-02-28,Customer839,Product2,4,35060,140240,25243.2,165483.2
INV00840,2026-02-01,Customer840,Product16,2,46379,92758,16696.44,109454.44
INV00841,2026-02-02,Customer841,Product12,5,10460,52300,9414.0,61714.0
INV00842,2026-02-03,Customer842,Product7,3,47729,143187,25773.66,168960.66
INV00843,2026-02-04,Customer843,Product19,3,44401,133203,23976.54,157179.54
INV00844,2026-02-05,Customer844,Product10,4,8775,35100,6318.0,41418.0
INV00845,2026-02-06,Customer845,Product3,3,22651,67953,12231.54,80184.54000000001
INV00846,2026-02-07,Customer846,Product2,5,8742,43710,7867.8,51577.8
INV00847,2026-02-08,Customer847,Product8,5,47277,236385,42549.3,278934.3
INV00848,2026-02-09,Customer848,Product13,3,48128,144384,25989.12,170373.12
INV00849,2026-02-10,Customer849,Product10,4,46075,184300,33174.0,217474.0
INV00850,2026-02-11,Customer850,Product8,1,41803,41803,7524.54,49327.54
INV00851,2026-02-12,Customer851,Product10,3,13629,40887,7359.66,48246.66
INV00852,2026-02-13,Customer852,Product19,5,49295,246475,44365.5,290840.5
INV00853,2026-02-14,Customer853,Product18,1,25571,25571,4602.78,30173.78
INV00854,2026-02-15,Customer854,Product15,5,26755,133775,24079.5,157854.5
INV00855,2026-02-16,Customer855,Product14,1,34523,34523,6214.14,40737.14
INV00856,2026-02-17,Customer856,Product14,2,25928,51856,9334.08,61190.08
INV00857,2026-02-18,Customer857,Product11,3,41969,125907,22663.26,148570.26
INV00858,2026-02-19,Customer858,Product17,5,39923,199615,35930.7,235545.7
INV00859,2026-02-20,Customer859,Product17,2,9212,18424,3316.32,21740.32
INV00860,2026-02-21,Customer860,Product16,1,41865,41865,7535.7,49400.7
INV00861,2026-02-22,Customer861,Product3,5,29029,145145,26126.1,171271.1
INV00862,2026-02-23,Customer862,Product8,2,3358,6716,1208.88,7924.88
INV00863,2026-02-24,Customer863,Product9,4,49749,198996,35819.28,234815.28
INV00864,2026-02-25,Customer864,Product13,3,5881,17643,3175.74,20818.739999999998
INV00865,2026-02-26,Customer865,Product10,4,15421,61684,11103.12,72787.12
INV00866,2026-02-27,Customer866,Product4,5,20518,102590,18466.2,121056.2
INV00867,2026-02-28,Customer867,Product11,2,34415,68830,12389.4,81219.4
INV00868,2026-02-01,Customer868,Product11,1,10743,10743,1933.74,12676.74
INV00869,2026-02-02,Customer869,Product11,2,29699,59398,10691.64,70089.64
INV00870,2026-02-03,Customer870,Product7,2,548,1096,197.28,1293.28
INV00871,2026-02-04,Customer871,Product13,5,46548,232740,41893.2,274633.2
INV00872,2026-02-05,Customer872,Product20,5,13848,69240,12463.2,81703.2
INV00873,2026-02-06,Customer873,Product18,3,3771,11313,2036.34,13349.34
INV00874,2026-02-07,Customer874,Product8,4,24012,96048,17288.64,113336.64
INV00875,2026-02-08,Customer875,Product7,3,39339,118017,21243.06,139260.06
INV00876,2026-02-09,Customer876,Product15,4,47194,188776,33979.68,222755.68
INV00877,2026-02-10,Customer877,Product11,4,24081,96324,17338.32,113662.32
INV00878,2026-02-11,Customer878,Product4,4,32650,130600,23508.0,154108.0
INV00879,2026-02-12,Customer879,Product5,4,22380,89520,16113.6,105633.6
INV00880,2026-02-13,Customer880,Product13,4,13821,55284,9951.12,65235.12
INV00881,2026-02-14,Customer881,Product9,3,20564,61692,11104.56,72796.56
INV00882,2026-02-15,Customer882,Product3,3,34693,104079,18734.22,122813.22
INV00883,2026-02-16,Customer883,Product16,1,4902,4902,882.36,5784.36
INV00884,2026-02-17,Customer884,Product9,2,41719,83438,15018.84,98456.84
INV00885,2026-02-18,Customer885,Product19,5,24258,121290,21832.2,143122.2
INV00886,2026-02-19,Customer886,Product12,3,15305,45915,8264.7,54179.7
INV00887,2026-02-20,Customer887,Product17,3,28547,85641,15415.38,101056.38
INV00888,2026-02-21,Customer888,Product10,5,28745,143725,25870.5,169595.5
INV00889,2026-02-22,Customer889,Product19,2,21120,42240,7603.2,49843.2
INV00890,2026-02-23,Customer890,Product4,4,29111,116444,20959.92,137403.91999999998
INV00891,2026-02-24,Customer891,Product18,5,41169,205845,37052.1,242897.1
INV00892,2026-02-25,Customer892,Product19,2,45460,90920,16365.6,107285.6
INV00893,2026-02-26,Customer893,Product1,3,40635,121905,21942.9,143847.9
INV00894,2026-02-27,Customer894,Product16,2,17636,35272,6348.96,41620.96
INV00895,2026-02-28,Customer895,Product10,1,43400,43400,7812.0,51212.0
INV00896,2026-02-01,Customer896,Product8,3,26155,78465,14123.7,92588.7
INV00897,2026-02-02,Customer897,Product2,4,35941,143764,25877.52,169641.52
INV00898,2026-02-03,Customer898,Product16,5,23220,116100,20898.0,136998.0
INV00899,2026-02-04,Customer899,Product5,1,11796,11796,2123.28,13919.28
INV00900,2026-02-05,Customer900,Product16,2,24645,49290,8872.2,58162.2
INV00901,2026-02-06,Customer901,Product15,5,23223,116115,20900.7,137015.7
INV00902,2026-02-07,Customer902,Product13,1,33122,33122,5961.96,39083.96
INV00903,2026-02-08,Customer903,Product20,4,5161,20644,3715.92,24359.92
INV00904,2026-02-09,Customer904,Product1,2,15652,31304,5634.72,36938.72
INV00905,2026-02-10,Customer905,Product6,4,13243,52972,9534.96,62506.96
INV00906,2026-02-11,Customer906,Product5,3,18491,55473,9985.14,65458.14
INV00907,2026-02-12,Customer907,Product15,4,29275,117100,21078.0,138178.0
INV00908,2026-02-13,Customer908,Product4,2,31361,62722,11289.96,74011.95999999999
INV00909,2026-02-14,Customer909,Product11,4,40058,160232,28841.76,189073.76
INV00910,2026-02-15,Customer910,Product6,3,33545,100635,18114.3,118749.3
INV00911,2026-02-16,Customer911,Product12,3,22974,68922,12405.96,81327.95999999999
INV00912,2026-02-17,Customer912,Product8,1,5894,5894,1060.92,6954.92
INV00913,2026-02-18,Customer913,Product4,2,34034,68068,12252.24,80320.24
INV00914,2026-02-19,Customer914,Product6,2,36636,73272,13188.96,86460.95999999999
INV00915,2026-02-20,Customer915,Product3,5,1973,9865,1775.7,11640.7
INV00916,2026-02-21,Customer916,Product18,5,13048,65240,11743.2,76983.2
INV00917,2026-02-22,Customer917,Product12,1,15747,15747,2834.46,18581.46
INV00918,2026-02-23,Customer918,Product20,2,38637,77274,13909.32,91183.32
INV00919,2026-02-24,Customer919,Product3,3,31478,94434,16998.12,111432.12
INV00920,2026-02-25,Customer920,Product7,1,13238,13238,2382.84,15620.84
INV00921,2026-02-26,Customer921,Product3,1,8139,8139,1465.02,9604.02
INV00922,2026-02-27,Customer922,Product20,3,33624,100872,18156.96,119028.95999999999
INV00923,2026-02-28,Customer923,Product5,4,20327,81308,14635.44,95943.44
INV00924,2026-02-01,Customer924,Product6,5,38654,193270,34788.6,228058.6
INV00925,2026-02-02,Customer925,Product20,4,17110,68440,12319.2,80759.2
INV00926,2026-02-03,Customer926,Product3,2,35290,70580,12704.4,83284.4
INV00927,2026-02-04,Customer927,Product4,5,21396,106980,19256.4,126236.4
INV00928,2026-02-05,Customer928,Product19,3,39425,118275,21289.5,139564.5
INV00929,2026-02-06,Customer929,Product4,1,29189,29189,5254.02,34443.020000000004
INV00930,2026-02-07,Customer930,Product20,5,12122,60610,10909.8,71519.8
INV00931,2026-02-08,Customer931,Product3,3,46718,140154,25227.72,165381.72
INV00932,2026-02-09,Customer932,Product10,4,28803,115212,20738.16,135950.16
INV00933,2026-02-10,Customer933,Product8,3,37310,111930,20147.4,132077.4
INV00934,2026-02-11,Customer934,Product1,1,13631,13631,2453.58,16084.58
INV00935,2026-02-12,Customer935,Product14,3,26961,80883,14558.94,95441.94
INV00936,2026-02-13,Customer936,Product6,2,2009,4018,723.24,4741.24
INV00937,2026-02-14,Customer937,Product8,1,44283,44283,7970.94,52253.94
INV00938,2026-02-15,Customer938,Product2,5,18342,91710,16507.8,108217.8
INV00939,2026-02-16,Customer939,Product2,2,14241,28482,5126.76,33608.76
INV00940,2026-02-17,Customer940,Product19,2,17237,34474,6205.32,40679.32
INV00941,2026-02-18,Customer941,Product6,3,4910,14730,2651.4,17381.4
INV00942,2026-02-19,Customer942,Product5,5,35365,176825,31828.5,208653.5
INV00943,2026-02-20,Customer943,Product5,1,19209,19209,3457.62,22666.62
INV00944,2026-02-21,Customer944,Product20,2,37134,74268,13368.24,87636.24
INV00945,2026-02-22,Customer945,Product2,3,11230,33690,6064.2,39754.2
INV00946,2026-02-23,Customer946,Product20,3,12769,38307,6895.26,45202.26
INV00947,2026-02-24,Customer947,Product8,3,29819,89457,16102.26,105559.26
INV00948,2026-02-25,Customer948,Product2,5,17955,89775,16159.5,105934.5
INV00949,2026-02-26,Customer949,Product10,5,19329,96645,17396.1,114041.1
INV00950,2026-02-27,Customer950,Product17,2,21685,43370,7806.6,51176.6
INV00951,2026-02-28,Customer951,Product14,1,10454,10454,1881.72,12335.72
INV00952,2026-02-01,Customer952,Product19,1,47639,47639,8575.02,56214.020000000004
INV00953,2026-02-02,Customer953,Product15,2,8811,17622,3171.96,20793.96
INV00954,2026-02-03,Customer954,Product7,1,49897,49897,8981.46,58878.46
INV00955,2026-02-04,Customer955,Product10,5,29056,145280,26150.4,171430.4
INV00956,2026-02-05,Customer956,Product9,4,2631,10524,1894.32,12418.32
INV00957,2026-02-06,Customer957,Product19,3,11880,35640,6415.2,42055.2
INV00958,2026-02-07,Customer958,Product3,4,11073,44292,7972.56,52264.56
INV00959,2026-02-08,Customer959,Product17,3,30416,91248,16424.64,107672.64
INV00960,2026-02-09,Customer960,Product5,2,12332,24664,4439.52,29103.52
INV00961,2026-02-10,Customer961,Product4,3,15075,45225,8140.5,53365.5
INV00962,2026-02-11,Customer962,Product10,5,4754,23770,4278.6,28048.6
INV00963,2026-02-12,Customer963,Product13,2,33632,67264,12107.52,79371.52
INV00964,2026-02-13,Customer964,Product6,5,22773,113865,20495.7,134360.7
INV00965,2026-02-14,Customer965,Product13,1,36269,36269,6528.42,42797.42
INV00966,2026-02-15,Customer966,Product4,5,21847,109235,19662.3,128897.3
INV00967,2026-02-16,Customer967,Product15,1,13710,13710,2467.8,16177.8
INV00968,2026-02-17,Customer968,Product16,5,14997,74985,13497.3,88482.3
INV00969,2026-02-18,Customer969,Product14,4,49238,196952,35451.36,232403.36
INV00970,2026-02-19,Customer970,Product18,5,38332,191660,34498.8,226158.8
INV00971,2026-02-20,Customer971,Product2,5,10707,53535,9636.3,63171.3
INV00972,2026-02-21,Customer972,Product13,1,34603,34603,6228.54,40831.54
INV00973,2026-02-22,Customer973,Product19,2,42184,84368,15186.24,99554.24
INV00974,2026-02-23,Customer974,Product9,4,20559,82236,14802.48,97038.48
INV00975,2026-02-24,Customer975,Product3,4,35320,141280,25430.4,166710.4
INV00976,2026-02-25,Customer976,Product20,2,30160,60320,10857.6,71177.6
INV00977,2026-02-26,Customer977,Product11,4,43418,173672,31260.96,204932.96
INV00978,2026-02-27,Customer978,Product4,4,23138,92552,16659.36,109211.36
INV00979,2026-02-28,Customer979,Product9,2,20103,40206,7237.08,47443.08
INV00980,2026-02-01,Customer980,Product8,5,4875,24375,4387.5,28762.5
INV00981,2026-02-02,Customer981,Product19,4,32774,131096,23597.28,154693.28
INV00982,2026-02-03,Customer982,Product5,1,34645,34645,6236.1,40881.1
INV00983,2026-02-04,Customer983,Product18,2,43539,87078,15674.04,102752.04000000001
INV00984,2026-02-05,Customer984,Product8,2,12038,24076,4333.68,28409.68
INV00985,2026-02-06,Customer985,Product1,1,33321,33321,5997.78,39318.78
INV00986,2026-02-07,Customer986,Product11,2,26840,53680,9662.4,63342.4
INV00987,2026-02-08,Customer987,Product9,3,22622,67866,12215.88,80081.88
INV00988,2026-02-09,Customer988,Product14,2,25793,51586,9285.48,60871.479999999996
INV00989,2026-02-10,Customer989,Product15,3,33274,99822,17967.96,117789.95999999999
INV00990,2026-02-11,Customer990,Product12,4,19733,78932,14207.76,93139.76
INV00991,2026-02-12,Customer991,Product11,5,14415,72075,12973.5,85048.5
INV00992,2026-02-13,Customer992,Product20,3,10513,31539,5677.02,37216.020000000004
INV00993,2026-02-14,Customer993,Product13,5,18389,91945,16550.1,108495.1
INV00994,2026-02-15,Customer994,Product4,3,32400,97200,17496.0,114696.0
INV00995,2026-02-16,Customer995,Product6,5,10147,50735,9132.3,59867.3
INV00996,2026-02-17,Customer996,Product7,5,26611,133055,23949.9,157004.9
INV00997,2026-02-18,Customer997,Product5,1,971,971,174.78,1145.78
INV00998,2026-02-19,Customer998,Product14,3,6249,18747,3374.46,22121.46
INV00999,2026-02-20,Customer999,Product8,1,17877,17877,3217.86,21094.86
INV01000,2026-02-21,Customer1000,Product9,5,21885,109425,19696.5,129121.5
INV01001,2026-02-22,Customer1001,Product20,3,27680,83040,14947.2,97987.2
INV01002,2026-02-23,Customer1002,Product14,3,26793,80379,14468.22,94847.22
INV01003,2026-02-24,Customer1003,Product9,3,45893,137679,24782.22,162461.22
INV01004,2026-02-25,Customer1004,Product3,3,8833,26499,4769.82,31268.82
INV01005,2026-02-26,Customer1005,Product18,2,38168,76336,13740.48,90076.48
INV01006,2026-02-27,Customer1006,Product8,3,38919,116757,21016.26,137773.26
INV01007,2026-02-28,Customer1007,Product3,4,16088,64352,11583.36,75935.36
INV01008,2026-02-01,Customer1008,Product16,1,22244,22244,4003.92,26247.92
INV01009,2026-02-02,Customer1009,Product17,3,36805,110415,19874.7,130289.7
INV01010,2026-02-03,Customer1010,Product15,4,10720,42880,7718.4,50598.4
INV01011,2026-02-04,Customer1011,Product4,5,18199,90995,16379.1,107374.1
INV01012,2026-02-05,Customer1012,Product2,2,44558,89116,16040.88,105156.88
INV01013,2026-02-06,Customer1013,Product16,4,1294,5176,931.68,6107.68
INV01014,2026-02-07,Customer1014,Product15,4,38376,153504,27630.72,181134.72
INV01015,2026-02-08,Customer1015,Product10,5,47059,235295,42353.1,277648.1
INV01016,2026-02-09,Customer1016,Product20,1,8268,8268,1488.24,9756.24
INV01017,2026-02-10,Customer1017,Product10,2,8021,16042,2887.56,18929.56
INV01018,2026-02-11,Customer1018,Product4,1,26397,26397,4751.46,31148.46
INV01019,2026-02-12,Customer1019,Product13,4,19679,78716,14168.88,92884.88
INV01020,2026-02-13,Customer1020,Product17,1,14918,14918,2685.24,17603.239999999998
INV01021,2026-02-14,Customer1021,Product11,5,19505,97525,17554.5,115079.5
INV01022,2026-02-15,Customer1022,Product9,4,38923,155692,28024.56,183716.56
INV01023,2026-02-16,Customer1023,Product18,4,1366,5464,983.52,6447.52
INV01024,2026-02-17,Customer1024,Product8,2,42122,84244,15163.92,99407.92
INV01025,2026-02-18,Customer1025,Product5,4,22584,90336,16260.48,106596.48
INV01026,2026-02-19,Customer1026,Product10,3,17903,53709,9667.62,63376.62
INV01027,2026-02-20,Customer1027,Product15,1,973,973,175.14,1148.1399999999999
INV01028,2026-02-21,Customer1028,Product13,1,11416,11416,2054.88,13470.880000000001
INV01029,2026-02-22,Customer1029,Product5,5,18896,94480,17006.4,111486.4
INV01030,2026-02-23,Customer1030,Product12,5,34492,172460,31042.8,203502.8
INV01031,2026-02-24,Customer1031,Product20,3,27340,82020,14763.6,96783.6
INV01032,2026-02-25,Customer1032,Product14,4,4293,17172,3090.96,20262.96
INV01033,2026-02-26,Customer1033,Product18,3,21509,64527,11614.86,76141.86
INV01034,2026-02-27,Customer1034,Product16,4,10366,41464,7463.52,48927.520000000004
INV01035,2026-02-28,Customer1035,Product12,1,33417,33417,6015.06,39432.06
INV01036,2026-02-01,Customer1036,Product5,2,49313,98626,17752.68,116378.68
INV01037,2026-02-02,Customer1037,Product14,5,3869,19345,3482.1,22827.1
INV01038,2026-02-03,Customer1038,Product6,3,49773,149319,26877.42,176196.41999999998
INV01039,2026-02-04,Customer1039,Product13,3,17204,51612,9290.16,60902.16
INV01040,2026-02-05,Customer1040,Product15,4,30581,122324,22018.32,144342.32
INV01041,2026-02-06,Customer1041,Product4,3,12270,36810,6625.8,43435.8
INV01042,2026-02-07,Customer1042,Product14,2,31990,63980,11516.4,75496.4
INV01043,2026-02-08,Customer1043,Product12,3,48303,144909,26083.62,170992.62
INV01044,2026-02-09,Customer1044,Product13,2,11679,23358,4204.44,27562.44
INV01045,2026-02-10,Customer1045,Product19,3,30492,91476,16465.68,107941.68
INV01046,2026-02-11,Customer1046,Product16,5,26751,133755,24075.9,157830.9
INV01047,2026-02-12,Customer1047,Product14,4,34895,139580,25124.4,164704.4
INV01048,2026-02-13,Customer1048,Product12,4,27284,109136,19644.48,128780.48
INV01049,2026-02-14,Customer1049,Product14,5,31347,156735,28212.3,184947.3
INV01050,2026-02-15,Customer1050,Product11,3,48381,145143,26125.74,171268.74
INV01051,2026-02-16,Customer1051,Product9,1,26634,26634,4794.12,31428.12
INV01052,2026-02-17,Customer1052,Product9,4,6355,25420,4575.6,29995.6
INV01053,2026-02-18,Customer1053,Product8,5,49851,249255,44865.9,294120.9
INV01054,2026-02-19,Customer1054,Product3,2,36099,72198,12995.64,85193.64
INV01055,2026-02-20,Customer1055,Product14,2,5908,11816,2126.88,13942.880000000001
INV01056,2026-02-21,Customer1056,Product19,2,24016,48032,8645.76,56677.76
INV01057,2026-02-22,Customer1057,Product17,1,35238,35238,6342.84,41580.84
INV01058,2026-02-23,Customer1058,Product2,1,47426,47426,8536.68,55962.68
INV01059,2026-02-24,Customer1059,Product14,4,25820,103280,18590.4,121870.4
INV01060,2026-02-25,Customer1060,Product4,5,7020,35100,6318.0,41418.0
INV01061,2026-02-26,Customer1061,Product5,3,33867,101601,18288.18,119889.18
INV01062,2026-02-27,Customer1062,Product2,4,40799,163196,29375.28,192571.28
INV01063,2026-02-28,Customer1063,Product18,3,38901,116703,21006.54,137709.54
INV01064,2026-02-01,Customer1064,Product15,1,5229,5229,941.22,6170.22
INV01065,2026-02-02,Customer1065,Product19,5,24937,124685,22443.3,147128.3
INV01066,2026-02-03,Customer1066,Product5,1,8319,8319,1497.42,9816.42
INV01067,2026-02-04,Customer1067,Product6,3,26405,79215,14258.7,93473.7
INV01068,2026-02-05,Customer1068,Product10,1,38901,38901,7002.18,45903.18
INV01069,2026-02-06,Customer1069,Product2,5,13431,67155,12087.9,79242.9
INV01070,2026-02-07,Customer1070,Product8,5,21442,107210,19297.8,126507.8
INV01071,2026-02-08,Customer1071,Product12,2,4469,8938,1608.84,10546.84
INV01072,2026-02-09,Customer1072,Product19,1,43197,43197,7775.46,50972.46
INV01073,2026-02-10,Customer1073,Product18,1,31796,31796,5723.28,37519.28
INV01074,2026-02-11,Customer1074,Product4,1,44031,44031,7925.58,51956.58
INV01075,2026-02-12,Customer1075,Product20,3,46867,140601,25308.18,165909.18
INV01076,2026-02-13,Customer1076,Product13,3,46014,138042,24847.56,162889.56
INV01077,2026-02-14,Customer1077,Product13,1,41163,41163,7409.34,48572.34
INV01078,2026-02-15,Customer1078,Product16,4,22884,91536,16476.48,108012.48
INV01079,2026-02-16,Customer1079,Product11,2,10752,21504,3870.72,25374.72
INV01080,2026-02-17,Customer1080,Product10,3,13182,39546,7118.28,46664.28
INV01081,2026-02-18,Customer1081,Product3,2,28573,57146,10286.28,67432.28
INV01082,2026-02-19,Customer1082,Product10,2,8761,17522,3153.96,20675.96
INV01083,2026-02-20,Customer1083,Product15,3,19495,58485,10527.3,69012.3
INV01084,2026-02-21,Customer1084,Product9,1,24090,24090,4336.2,28426.2
INV01085,2026-02-22,Customer1085,Product20,5,8749,43745,7874.1,51619.1
INV01086,2026-02-23,Customer1086,Product11,1,2605,2605,468.9,3073.9
INV01087,2026-02-24,Customer1087,Product11,5,536,2680,482.4,3162.4
INV01088,2026-02-25,Customer1088,Product8,3,9175,27525,4954.5,32479.5
INV01089,2026-02-26,Customer1089,Product8,2,22699,45398,8171.64,53569.64
INV01090,2026-02-27,Customer1090,Product7,2,2213,4426,796.68,5222.68
INV01091,2026-02-28,Customer1091,Product6,1,4962,4962,893.16,5855.16
INV01092,2026-02-01,Customer1092,Product11,2,3491,6982,1256.76,8238.76
INV01093,2026-02-02,Customer1093,Product9,1,9720,9720,1749.6,11469.6
INV01094,2026-02-03,Customer1094,Product6,5,49603,248015,44642.7,292657.7
INV01095,2026-02-04,Customer1095,Product13,1,22458,22458,4042.44,26500.44
INV01096,2026-02-05,Customer1096,Product5,5,11012,55060,9910.8,64970.8
INV01097,2026-02-06,Customer1097,Product12,5,26093,130465,23483.7,153948.7
INV01098,2026-02-07,Customer1098,Product14,4,11947,47788,8601.84,56389.84
INV01099,2026-02-08,Customer1099,Product10,2,633,1266,227.88,1493.88
INV01100,2026-02-09,Customer1100,Product6,5,39059,195295,35153.1,230448.1
INV01101,2026-02-10,Customer1101,Product13,1,42148,42148,7586.64,49734.64
INV01102,2026-02-11,Customer1102,Product4,5,41379,206895,37241.1,244136.1
INV01103,2026-02-12,Customer1103,Product2,5,5267,26335,4740.3,31075.3
INV01104,2026-02-13,Customer1104,Product10,2,26941,53882,9698.76,63580.76
INV01105,2026-02-14,Customer1105,Product1,1,3439,3439,619.02,4058.02
INV01106,2026-02-15,Customer1106,Product8,4,35920,143680,25862.4,169542.4
INV01107,2026-02-16,Customer1107,Product7,1,13536,13536,2436.48,15972.48
INV01108,2026-02-17,Customer1108,Product14,3,5053,15159,2728.62,17887.62
INV01109,2026-02-18,Customer1109,Product19,2,25513,51026,9184.68,60210.68
INV01110,2026-02-19,Customer1110,Product4,4,29457,117828,21209.04,139037.04
INV01111,2026-02-20,Customer1111,Product9,2,33859,67718,12189.24,79907.24
INV01112,2026-02-21,Customer1112,Product15,2,7516,15032,2705.76,17737.760000000002
INV01113,2026-02-22,Customer1113,Product8,4,34166,136664,24599.52,161263.52
INV01114,2026-02-23,Customer1114,Product13,4,18559,74236,13362.48,87598.48
INV01115,2026-02-24,Customer1115,Product15,3,21108,63324,11398.32,74722.32
INV01116,2026-02-25,Customer1116,Product3,3,43499,130497,23489.46,153986.46
INV01117,2026-02-26,Customer1117,Product8,3,24059,72177,12991.86,85168.86
INV01118,2026-02-27,Customer1118,Product12,2,23272,46544,8377.92,54921.92
INV01119,2026-02-28,Customer1119,Product6,1,2533,2533,455.94,2988.94
INV01120,2026-02-01,Customer1120,Product20,3,3611,10833,1949.94,12782.94
INV01121,2026-02-02,Customer1121,Product2,1,25586,25586,4605.48,30191.48
INV01122,2026-02-03,Customer1122,Product6,4,515,2060,370.8,2430.8
INV01123,2026-02-04,Customer1123,Product18,4,25773,103092,18556.56,121648.56
INV01124,2026-02-05,Customer1124,Product15,5,5711,28555,5139.9,33694.9
INV01125,2026-02-06,Customer1125,Product7,3,14741,44223,7960.14,52183.14
INV01126,2026-02-07,Customer1126,Product20,2,41241,82482,14846.76,97328.76
INV01127,2026-02-08,Customer1127,Product9,5,38552,192760,34696.8,227456.8
INV01128,2026-02-09,Customer1128,Product3,4,41217,164868,29676.24,194544.24
INV01129,2026-02-10,Customer1129,Product8,4,19685,78740,14173.2,92913.2
INV01130,2026-02-11,Customer1130,Product8,1,48522,48522,8733.96,57255.96
INV01131,2026-02-12,Customer1131,Product4,2,41535,83070,14952.6,98022.6
INV01132,2026-02-13,Customer1132,Product10,1,43524,43524,7834.32,51358.32
INV01133,2026-02-14,Customer1133,Product14,2,43597,87194,15694.92,102888.92
INV01134,2026-02-15,Customer1134,Product2,5,47716,238580,42944.4,281524.4
INV01135,2026-02-16,Customer1135,Product16,1,25746,25746,4634.28,30380.28
INV01136,2026-02-17,Customer1136,Product2,2,34531,69062,12431.16,81493.16
INV01137,2026-02-18,Customer1137,Product9,1,46924,46924,8446.32,55370.32
INV01138,2026-02-19,Customer1138,Product1,3,40025,120075,21613.5,141688.5
INV01139,2026-02-20,Customer1139,Product18,1,2748,2748,494.64,3242.64
INV01140,2026-02-21,Customer1140,Product8,4,2538,10152,1827.36,11979.36
INV01141,2026-02-22,Customer1141,Product9,1,11340,11340,2041.2,13381.2
INV01142,2026-02-23,Customer1142,Product2,2,41267,82534,14856.12,97390.12
INV01143,2026-02-24,Customer1143,Product3,2,8081,16162,2909.16,19071.16
INV01144,2026-02-25,Customer1144,Product19,5,21069,105345,18962.1,124307.1
INV01145,2026-02-26,Customer1145,Product17,2,46331,92662,16679.16,109341.16
INV01146,2026-02-27,Customer1146,Product19,5,9744,48720,8769.6,57489.6
INV01147,2026-02-28,Customer1147,Product17,4,37076,148304,26694.72,174998.72
INV01148,2026-02-01,Customer1148,Product8,2,10763,21526,3874.68,25400.68
INV01149,2026-02-02,Customer1149,Product13,2,44443,88886,15999.48,104885.48
INV01150,2026-02-03,Customer1150,Product20,2,39951,79902,14382.36,94284.36
INV01151,2026-02-04,Customer1151,Product17,2,1980,3960,712.8,4672.8
INV01152,2026-02-05,Customer1152,Product9,5,18735,93675,16861.5,110536.5
INV01153,2026-02-06,Customer1153,Product5,4,32894,131576,23683.68,155259.68
INV01154,2026-02-07,Customer1154,Product6,3,560,1680,302.4,1982.4
INV01155,2026-02-08,Customer1155,Product7,3,4345,13035,2346.3,15381.3
INV01156,2026-02-09,Customer1156,Product15,3,5933,17799,3203.82,21002.82
INV01157,2026-02-10,Customer1157,Product17,2,47746,95492,17188.56,112680.56
INV01158,2026-02-11,Customer1158,Product9,2,4990,9980,1796.4,11776.4
INV01159,2026-02-12,Customer1159,Product9,2,43052,86104,15498.72,101602.72
INV01160,2026-02-13,Customer1160,Product17,4,29071,116284,20931.12,137215.12
INV01161,2026-02-14,Customer1161,Product2,4,26038,104152,18747.36,122899.36
INV01162,2026-02-15,Customer1162,Product5,1,3654,3654,657.72,4311.72
INV01163,2026-02-16,Customer1163,Product15,4,12214,48856,8794.08,57650.08
INV01164,2026-02-17,Customer1164,Product1,3,32809,98427,17716.86,116143.86
INV01165,2026-02-18,Customer1165,Product9,5,27400,137000,24660.0,161660.0
INV01166,2026-02-19,Customer1166,Product3,4,49396,197584,35565.12,233149.12
INV01167,2026-02-20,Customer1167,Product19,1,34690,34690,6244.2,40934.2
INV01168,2026-02-21,Customer1168,Product14,4,34148,136592,24586.56,161178.56
INV01169,2026-02-22,Customer1169,Product17,1,5542,5542,997.56,6539.5599999999995
INV01170,2026-02-23,Customer1170,Product14,1,44271,44271,7968.78,52239.78
INV01171,2026-02-24,Customer1171,Product5,5,32474,162370,29226.6,191596.6
INV01172,2026-02-25,Customer1172,Product3,2,11421,22842,4111.56,26953.56
INV01173,2026-02-26,Customer1173,Product5,3,23399,70197,12635.46,82832.45999999999
INV01174,2026-02-27,Customer1174,Product20,2,6846,13692,2464.56,16156.56
INV01175,2026-02-28,Customer1175,Product8,4,21843,87372,15726.96,103098.95999999999
INV01176,2026-02-01,Customer1176,Product11,5,7384,36920,6645.6,43565.6
INV01177,2026-02-02,Customer1177,Product14,1,30226,30226,5440.68,35666.68
INV01178,2026-02-03,Customer1178,Product17,3,9302,27906,5023.08,32929.08
INV01179,2026-02-04,Customer1179,Product3,2,3625,7250,1305.0,8555.0
INV01180,2026-02-05,Customer1180,Product18,2,17074,34148,6146.64,40294.64
INV01181,2026-02-06,Customer1181,Product2,5,9516,47580,8564.4,56144.4
INV01182,2026-02-07,Customer1182,Product5,5,3839,19195,3455.1,22650.1
INV01183,2026-02-08,Customer1183,Product8,3,34935,104805,18864.9,123669.9
INV01184,2026-02-09,Customer1184,Product10,2,23856,47712,8588.16,56300.16
INV01185,2026-02-10,Customer1185,Product1,5,29433,147165,26489.7,173654.7
INV01186,2026-02-11,Customer1186,Product8,3,37983,113949,20510.82,134459.82
INV01187,2026-02-12,Customer1187,Product6,3,11549,34647,6236.46,40883.46
INV01188,2026-02-13,Customer1188,Product4,4,40458,161832,29129.76,190961.76
INV01189,2026-02-14,Customer1189,Product5,3,3827,11481,2066.58,13547.58
INV01190,2026-02-15,Customer1190,Product8,1,14976,14976,2695.68,17671.68
INV01191,2026-02-16,Customer1191,Product6,3,21134,63402,11412.36,74814.36
INV01192,2026-02-17,Customer1192,Product8,4,40795,163180,29372.4,192552.4
INV01193,2026-02-18,Customer1193,Product10,2,29837,59674,10741.32,70415.32
INV01194,2026-02-19,Customer1194,Product5,5,23177,115885,20859.3,136744.3
INV01195,2026-02-20,Customer1195,Product15,5,41837,209185,37653.3,246838.3
INV01196,2026-02-21,Customer1196,Product13,2,36052,72104,12978.72,85082.72
INV01197,2026-02-22,Customer1197,Product8,4,11297,45188,8133.84,53321.84
INV01198,2026-02-23,Customer1198,Product1,5,15139,75695,13625.1,89320.1
INV01199,2026-02-24,Customer1199,Product8,1,25305,25305,4554.9,29859.9
INV01200,2026-02-25,Customer1200,Product20,4,37586,150344,27061.92,177405.91999999998
INV01201,2026-02-26,Customer1201,Product15,2,3894,7788,1401.84,9189.84
INV01202,2026-02-27,Customer1202,Product9,5,35957,179785,32361.3,212146.3
INV01203,2026-02-28,Customer1203,Product20,4,5686,22744,4093.92,26837.92
INV01204,2026-02-01,Customer1204,Product13,1,23987,23987,4317.66,28304.66
INV01205,2026-02-02,Customer1205,Product18,4,2240,8960,1612.8,10572.8
INV01206,2026-02-03,Customer1206,Product18,1,20091,20091,3616.38,23707.38
INV01207,2026-02-04,Customer1207,Product3,3,2266,6798,1223.64,8021.64
INV01208,2026-02-05,Customer1208,Product3,2,30322,60644,10915.92,71559.92
INV01209,2026-02-06,Customer1209,Product1,1,4274,4274,769.32,5043.32
INV01210,2026-02-07,Customer1210,Product18,2,43322,86644,15595.92,102239.92
INV01211,2026-02-08,Customer1211,Product7,2,23506,47012,8462.16,55474.16
INV01212,2026-02-09,Customer1212,Product11,4,15702,62808,11305.44,74113.44
INV01213,2026-02-10,Customer1213,Product7,4,14875,59500,10710.0,70210.0
INV01214,2026-02-11,Customer1214,Product18,4,17185,68740,12373.2,81113.2
INV01215,2026-02-12,Customer1215,Product14,3,8406,25218,4539.24,29757.239999999998
INV01216,2026-02-13,Customer1216,Product1,3,18593,55779,10040.22,65819.22
INV01217,2026-02-14,Customer1217,Product13,1,44430,44430,7997.4,52427.4
INV01218,2026-02-15,Customer1218,Product14,3,26217,78651,14157.18,92808.18
INV01219,2026-02-16,Customer1219,Product15,2,40195,80390,14470.2,94860.2
INV01220,2026-02-17,Customer1220,Product14,4,41461,165844,29851.92,195695.91999999998
INV01221,2026-02-18,Customer1221,Product19,3,28308,84924,15286.32,100210.32
INV01222,2026-02-19,Customer1222,Product11,2,10435,20870,3756.6,24626.6
INV01223,2026-02-20,Customer1223,Product1,5,17842,89210,16057.8,105267.8
INV01224,2026-02-21,Customer1224,Product3,3,12508,37524,6754.32,44278.32
INV01225,2026-02-22,Customer1225,Product16,5,28837,144185,25953.3,170138.3
INV01226,2026-02-23,Customer1226,Product12,2,15873,31746,5714.28,37460.28
INV01227,2026-02-24,Customer1227,Product13,4,13337,53348,9602.64,62950.64
INV01228,2026-02-25,Customer1228,Product9,5,28506,142530,25655.4,168185.4
INV01229,2026-02-26,Customer1229,Product13,2,33036,66072,11892.96,77964.95999999999
INV01230,2026-02-27,Customer1230,Product13,5,9620,48100,8658.0,56758.0
INV01231,2026-02-28,Customer1231,Product14,3,5739,17217,3099.06,20316.06
INV01232,2026-02-01,Customer1232,Product7,1,25532,25532,4595.76,30127.760000000002
INV01233,2026-02-02,Customer1233,Product5,2,16122,32244,5803.92,38047.92
INV01234,2026-02-03,Customer1234,Product13,5,46527,232635,41874.3,274509.3
INV01235,2026-02-04,Customer1235,Product10,3,14248,42744,7693.92,50437.92
INV01236,2026-02-05,Customer1236,Product7,3,18968,56904,10242.72,67146.72
INV01237,2026-02-06,Customer1237,Product19,3,30321,90963,16373.34,107336.34
INV01238,2026-02-07,Customer1238,Product4,5,41997,209985,37797.3,247782.3
INV01239,2026-02-08,Customer1239,Product19,4,18688,74752,13455.36,88207.36
INV01240,2026-02-09,Customer1240,Product13,5,9721,48605,8748.9,57353.9
INV01241,2026-02-10,Customer1241,Product19,2,24178,48356,8704.08,57060.08
INV01242,2026-02-11,Customer1242,Product15,4,42984,171936,30948.48,202884.48
INV01243,2026-02-12,Customer1243,Product9,5,28181,140905,25362.9,166267.9
INV01244,2026-02-13,Customer1244,Product8,3,33882,101646,18296.28,119942.28
INV01245,2026-02-14,Customer1245,Product16,1,13571,13571,2442.78,16013.78
INV01246,2026-02-15,Customer1246,Product3,4,9315,37260,6706.8,43966.8
INV01247,2026-02-16,Customer1247,Product8,4,24289,97156,17488.08,114644.08
INV01248,2026-02-17,Customer1248,Product16,1,38758,38758,6976.44,45734.44
INV01249,2026-02-18,Customer1249,Product9,2,7593,15186,2733.48,17919.48
INV01250,2026-02-19,Customer1250,Product2,2,43612,87224,15700.32,102924.32
INV01251,2026-02-20,Customer1251,Product1,2,22960,45920,8265.6,54185.6
INV01252,2026-02-21,Customer1252,Product9,3,15948,47844,8611.92,56455.92
INV01253,2026-02-22,Customer1253,Product7,3,25836,77508,13951.44,91459.44
INV01254,2026-02-23,Customer1254,Product1,1,34762,34762,6257.16,41019.16
INV01255,2026-02-24,Customer1255,Product7,4,48912,195648,35216.64,230864.64
INV01256,2026-02-25,Customer1256,Product18,1,14349,14349,2582.82,16931.82
INV01257,2026-02-26,Customer1257,Product12,3,44897,134691,24244.38,158935.38
INV01258,2026-02-27,Customer1258,Product5,1,18107,18107,3259.26,21366.260000000002
INV01259,2026-02-28,Customer1259,Product4,2,1062,2124,382.32,2506.32
INV01260,2026-02-01,Customer1260,Product6,3,41383,124149,22346.82,146495.82
INV01261,2026-02-02,Customer1261,Product15,1,22158,22158,3988.44,26146.44
INV01262,2026-02-03,Customer1262,Product9,4,17742,70968,12774.24,83742.24
INV01263,2026-02-04,Customer1263,Product8,5,1447,7235,1302.3,8537.3
INV01264,2026-02-05,Customer1264,Product2,2,41482,82964,14933.52,97897.52
INV01265,2026-02-06,Customer1265,Product3,5,22538,112690,20284.2,132974.2
INV01266,2026-02-07,Customer1266,Product20,4,44754,179016,32222.88,211238.88
INV01267,2026-02-08,Customer1267,Product6,4,16463,65852,11853.36,77705.36
INV01268,2026-02-09,Customer1268,Product16,1,33023,33023,5944.14,38967.14
INV01269,2026-02-10,Customer1269,Product4,3,2493,7479,1346.22,8825.22
INV01270,2026-02-11,Customer1270,Product13,4,11966,47864,8615.52,56479.520000000004
INV01271,2026-02-12,Customer1271,Product12,2,37696,75392,13570.56,88962.56
INV01272,2026-02-13,Customer1272,Product1,3,9770,29310,5275.8,34585.8
INV01273,2026-02-14,Customer1273,Product18,3,24258,72774,13099.32,85873.32
INV01274,2026-02-15,Customer1274,Product15,2,47770,95540,17197.2,112737.2
INV01275,2026-02-16,Customer1275,Product6,4,10706,42824,7708.32,50532.32
INV01276,2026-02-17,Customer1276,Product2,4,35519,142076,25573.68,167649.68
INV01277,2026-02-18,Customer1277,Product19,5,30637,153185,27573.3,180758.3
INV01278,2026-02-19,Customer1278,Product18,1,932,932,167.76,1099.76
INV01279,2026-02-20,Customer1279,Product10,1,20060,20060,3610.8,23670.8
INV01280,2026-02-21,Customer1280,Product19,2,47285,94570,17022.6,111592.6
INV01281,2026-02-22,Customer1281,Product14,3,39497,118491,21328.38,139819.38
INV01282,2026-02-23,Customer1282,Product18,5,44670,223350,40203.0,263553.0
INV01283,2026-02-24,Customer1283,Product3,4,10482,41928,7547.04,49475.04
INV01284,2026-02-25,Customer1284,Product15,2,37518,75036,13506.48,88542.48
INV01285,2026-02-26,Customer1285,Product16,2,8959,17918,3225.24,21143.239999999998
INV01286,2026-02-27,Customer1286,Product5,4,39482,157928,28427.04,186355.04
INV01287,2026-02-28,Customer1287,Product20,2,28757,57514,10352.52,67866.52
INV01288,2026-02-01,Customer1288,Product15,4,8022,32088,5775.84,37863.84
INV01289,2026-02-02,Customer1289,Product3,3,38182,114546,20618.28,135164.28
INV01290,2026-02-03,Customer1290,Product3,4,31151,124604,22428.72,147032.72
INV01291,2026-02-04,Customer1291,Product17,3,5316,15948,2870.64,18818.64
INV01292,2026-02-05,Customer1292,Product3,4,40023,160092,28816.56,188908.56
INV01293,2026-02-06,Customer1293,Product6,2,29429,58858,10594.44,69452.44
INV01294,2026-02-07,Customer1294,Product5,2,26264,52528,9455.04,61983.04
INV01295,2026-02-08,Customer1295,Product5,5,36430,182150,32787.0,214937.0
INV01296,2026-02-09,Customer1296,Product9,4,26762,107048,19268.64,126316.64
INV01297,2026-02-10,Customer1297,Product1,2,16264,32528,5855.04,38383.04
INV01298,2026-02-11,Customer1298,Product15,3,47410,142230,25601.4,167831.4
INV01299,2026-02-12,Customer1299,Product11,3,18958,56874,10237.32,67111.32
INV01300,2026-02-13,Customer1300,Product12,1,9134,9134,1644.12,10778.119999999999
INV01301,2026-02-14,Customer1301,Product17,1,24237,24237,4362.66,28599.66
INV01302,2026-02-15,Customer1302,Product17,2,45556,91112,16400.16,107512.16
INV01303,2026-02-16,Customer1303,Product5,4,14723,58892,10600.56,69492.56
INV01304,2026-02-17,Customer1304,Product20,5,33179,165895,29861.1,195756.1
INV01305,2026-02-18,Customer1305,Product2,1,8205,8205,1476.9,9681.9
INV01306,2026-02-19,Customer1306,Product8,1,3495,3495,629.1,4124.1
INV01307,2026-02-20,Customer1307,Product11,5,621,3105,558.9,3663.9
INV01308,2026-02-21,Customer1308,Product17,4,32366,129464,23303.52,152767.52
INV01309,2026-02-22,Customer1309,Product12,2,33238,66476,11965.68,78441.68
INV01310,2026-02-23,Customer1310,Product3,3,14641,43923,7906.14,51829.14
INV01311,2026-02-24,Customer1311,Product6,3,49876,149628,26933.04,176561.04
INV01312,2026-02-25,Customer1312,Product15,4,1265,5060,910.8,5970.8
INV01313,2026-02-26,Customer1313,Product15,5,16171,80855,14553.9,95408.9
INV01314,2026-02-27,Customer1314,Product12,4,44921,179684,32343.12,212027.12
INV01315,2026-02-28,Customer1315,Product8,1,6738,6738,1212.84,7950.84
INV01316,2026-02-01,Customer1316,Product10,5,7162,35810,6445.8,42255.8
INV01317,2026-02-02,Customer1317,Product4,3,43261,129783,23360.94,153143.94
INV01318,2026-02-03,Customer1318,Product4,5,41489,207445,37340.1,244785.1
INV01319,2026-02-04,Customer1319,Product2,4,14119,56476,10165.68,66641.68
INV01320,2026-02-05,Customer1320,Product18,2,45658,91316,16436.88,107752.88
INV01321,2026-02-06,Customer1321,Product12,1,31346,31346,5642.28,36988.28
INV01322,2026-02-07,Customer1322,Product3,2,3956,7912,1424.16,9336.16
INV01323,2026-02-08,Customer1323,Product1,1,9842,9842,1771.56,11613.56
INV01324,2026-02-09,Customer1324,Product13,1,16705,16705,3006.9,19711.9
INV01325,2026-02-10,Customer1325,Product5,1,36103,36103,6498.54,42601.54
INV01326,2026-02-11,Customer1326,Product7,5,23582,117910,21223.8,139133.8
INV01327,2026-02-12,Customer1327,Product13,2,2860,5720,1029.6,6749.6
INV01328,2026-02-13,Customer1328,Product19,5,24924,124620,22431.6,147051.6
INV01329,2026-02-14,Customer1329,Product18,2,22370,44740,8053.2,52793.2
INV01330,2026-02-15,Customer1330,Product9,5,24055,120275,21649.5,141924.5
INV01331,2026-02-16,Customer1331,Product9,2,22103,44206,7957.08,52163.08
INV01332,2026-02-17,Customer1332,Product12,5,39121,195605,35208.9,230813.9
INV01333,2026-02-18,Customer1333,Product4,2,44665,89330,16079.4,105409.4
INV01334,2026-02-19,Customer1334,Product8,5,6823,34115,6140.7,40255.7
INV01335,2026-02-20,Customer1335,Product15,2,42240,84480,15206.4,99686.4
INV01336,2026-02-21,Customer1336,Product14,4,43237,172948,31130.64,204078.64
INV01337,2026-02-22,Customer1337,Product8,3,38923,116769,21018.42,137787.41999999998
INV01338,2026-02-23,Customer1338,Product13,2,24224,48448,8720.64,57168.64
INV01339,2026-02-24,Customer1339,Product18,1,3187,3187,573.66,3760.66
INV01340,2026-02-25,Customer1340,Product6,4,18016,72064,12971.52,85035.52
INV01341,2026-02-26,Customer1341,Product13,4,7576,30304,5454.72,35758.72
INV01342,2026-02-27,Customer1342,Product16,3,2658,7974,1435.32,9409.32
INV01343,2026-02-28,Customer1343,Product10,3,46093,138279,24890.22,163169.22
INV01344,2026-02-01,Customer1344,Product12,1,21509,21509,3871.62,25380.62
INV01345,2026-02-02,Customer1345,Product15,3,19752,59256,10666.08,69922.08
INV01346,2026-02-03,Customer1346,Product11,2,20396,40792,7342.56,48134.56
INV01347,2026-02-04,Customer1347,Product1,3,45580,136740,24613.2,161353.2
INV01348,2026-02-05,Customer1348,Product17,3,35102,105306,18955.08,124261.08
INV01349,2026-02-06,Customer1349,Product11,2,16098,32196,5795.28,37991.28
INV01350,2026-02-07,Customer1350,Product12,5,5367,26835,4830.3,31665.3
INV01351,2026-02-08,Customer1351,Product13,4,11871,47484,8547.12,56031.12
INV01352,2026-02-09,Customer1352,Product1,2,26799,53598,9647.64,63245.64
INV01353,2026-02-10,Customer1353,Product5,2,41856,83712,15068.16,98780.16
INV01354,2026-02-11,Customer1354,Product15,1,9940,9940,1789.2,11729.2
INV01355,2026-02-12,Customer1355,Product6,3,1503,4509,811.62,5320.62
INV01356,2026-02-13,Customer1356,Product15,1,14716,14716,2648.88,17364.88
INV01357,2026-02-14,Customer1357,Product3,2,37210,74420,13395.6,87815.6
INV01358,2026-02-15,Customer1358,Product7,2,22237,44474,8005.32,52479.32
INV01359,2026-02-16,Customer1359,Product5,3,43818,131454,23661.72,155115.72
INV01360,2026-02-17,Customer1360,Product7,1,34240,34240,6163.2,40403.2
INV01361,2026-02-18,Customer1361,Product15,4,7970,31880,5738.4,37618.4
INV01362,2026-02-19,Customer1362,Product9,2,48032,96064,17291.52,113355.52
INV01363,2026-02-20,Customer1363,Product7,3,15595,46785,8421.3,55206.3
INV01364,2026-02-21,Customer1364,Product2,1,34304,34304,6174.72,40478.72
INV01365,2026-02-22,Customer1365,Product12,4,17753,71012,12782.16,83794.16
INV01366,2026-02-23,Customer1366,Product20,2,47348,94696,17045.28,111741.28
INV01367,2026-02-24,Customer1367,Product15,2,47440,94880,17078.4,111958.4
INV01368,2026-02-25,Customer1368,Product1,1,7601,7601,1368.18,8969.18
INV01369,2026-02-26,Customer1369,Product20,1,9196,9196,1655.28,10851.28
INV01370,2026-02-27,Customer1370,Product13,4,36156,144624,26032.32,170656.32
INV01371,2026-02-28,Customer1371,Product15,1,16429,16429,2957.22,19386.22
INV01372,2026-02-01,Customer1372,Product7,1,46172,46172,8310.96,54482.96
INV01373,2026-02-02,Customer1373,Product19,2,44882,89764,16157.52,105921.52
INV01374,2026-02-03,Customer1374,Product11,1,10970,10970,1974.6,12944.6
INV01375,2026-02-04,Customer1375,Product15,1,23570,23570,4242.6,27812.6
INV01376,2026-02-05,Customer1376,Product19,4,38676,154704,27846.72,182550.72
INV01377,2026-02-06,Customer1377,Product8,5,1108,5540,997.2,6537.2
INV01378,2026-02-07,Customer1378,Product17,2,5646,11292,2032.56,13324.56
INV01379,2026-02-08,Customer1379,Product16,3,11337,34011,6121.98,40132.979999999996
INV01380,2026-02-09,Customer1380,Product18,4,23022,92088,16575.84,108663.84
INV01381,2026-02-10,Customer1381,Product2,2,27054,54108,9739.44,63847.44
INV01382,2026-02-11,Customer1382,Product12,2,7120,14240,2563.2,16803.2
INV01383,2026-02-12,Customer1383,Product19,4,46660,186640,33595.2,220235.2
INV01384,2026-02-13,Customer1384,Product16,4,16147,64588,11625.84,76213.84
INV01385,2026-02-14,Customer1385,Product16,4,33014,132056,23770.08,155826.08000000002
INV01386,2026-02-15,Customer1386,Product20,1,38757,38757,6976.26,45733.26
INV01387,2026-02-16,Customer1387,Product15,4,35136,140544,25297.92,165841.91999999998
INV01388,2026-02-17,Customer1388,Product8,5,32543,162715,29288.7,192003.7
INV01389,2026-02-18,Customer1389,Product5,3,43819,131457,23662.26,155119.26
INV01390,2026-02-19,Customer1390,Product15,1,21754,21754,3915.72,25669.72
INV01391,2026-02-20,Customer1391,Product1,1,37893,37893,6820.74,44713.74
INV01392,2026-02-21,Customer1392,Product1,3,16899,50697,9125.46,59822.46
INV01393,2026-02-22,Customer1393,Product13,1,24050,24050,4329.0,28379.0
INV01394,2026-02-23,Customer1394,Product19,4,36738,146952,26451.36,173403.36
INV01395,2026-02-24,Customer1395,Product16,1,9039,9039,1627.02,10666.02
INV01396,2026-02-25,Customer1396,Product6,5,25540,127700,22986.0,150686.0
INV01397,2026-02-26,Customer1397,Product10,1,37593,37593,6766.74,44359.74
INV01398,2026-02-27,Customer1398,Product16,2,31133,62266,11207.88,73473.88
INV01399,2026-02-28,Customer1399,Product18,5,37198,185990,33478.2,219468.2
INV01400,2026-02-01,Customer1400,Product14,4,17058,68232,12281.76,80513.76
INV01401,2026-02-02,Customer1401,Product9,3,6155,18465,3323.7,21788.7
INV01402,2026-02-03,Customer1402,Product1,2,45970,91940,16549.2,108489.2
INV01403,2026-02-04,Customer1403,Product9,5,5762,28810,5185.8,33995.8
INV01404,2026-02-05,Customer1404,Product18,4,36514,146056,26290.08,172346.08000000002
INV01405,2026-02-06,Customer1405,Product3,4,19052,76208,13717.44,89925.44
INV01406,2026-02-07,Customer1406,Product6,3,18888,56664,10199.52,66863.52
INV01407,2026-02-08,Customer1407,Product4,1,35047,35047,6308.46,41355.46
INV01408,2026-02-09,Customer1408,Product11,3,862,2586,465.48,3051.48
INV01409,2026-02-10,Customer1409,Product6,1,39422,39422,7095.96,46517.96
INV01410,2026-02-11,Customer1410,Product2,4,13092,52368,9426.24,61794.24
INV01411,2026-02-12,Customer1411,Product3,3,15613,46839,8431.02,55270.020000000004
INV01412,2026-02-13,Customer1412,Product15,1,8211,8211,1477.98,9688.98
INV01413,2026-02-14,Customer1413,Product8,3,3051,9153,1647.54,10800.54
INV01414,2026-02-15,Customer1414,Product20,4,7957,31828,5729.04,37557.04
INV01415,2026-02-16,Customer1415,Product1,4,46422,185688,33423.84,219111.84
INV01416,2026-02-17,Customer1416,Product18,3,13463,40389,7270.02,47659.020000000004
INV01417,2026-02-18,Customer1417,Product5,1,12353,12353,2223.54,14576.54
INV01418,2026-02-19,Customer1418,Product3,1,10914,10914,1964.52,12878.52
INV01419,2026-02-20,Customer1419,Product8,5,22364,111820,20127.6,131947.6
INV01420,2026-02-21,Customer1420,Product10,4,42672,170688,30723.84,201411.84
INV01421,2026-02-22,Customer1421,Product11,3,30454,91362,16445.16,107807.16
INV01422,2026-02-23,Customer1422,Product2,5,29835,149175,26851.5,176026.5
INV01423,2026-02-24,Customer1423,Product7,2,11947,23894,4300.92,28194.92
INV01424,2026-02-25,Customer1424,Product13,3,21816,65448,11780.64,77228.64
INV01425,2026-02-26,Customer1425,Product13,5,21597,107985,19437.3,127422.3
INV01426,2026-02-27,Customer1426,Product9,1,6790,6790,1222.2,8012.2
INV01427,2026-02-28,Customer1427,Product11,4,36734,146936,26448.48,173384.48
INV01428,2026-02-01,Customer1428,Product5,2,31294,62588,11265.84,73853.84
INV01429,2026-02-02,Customer1429,Product5,3,32430,97290,17512.2,114802.2
INV01430,2026-02-03,Customer1430,Product1,5,37186,185930,33467.4,219397.4
INV01431,2026-02-04,Customer1431,Product12,2,38751,77502,13950.36,91452.36
INV01432,2026-02-05,Customer1432,Product1,3,13822,41466,7463.88,48929.88
INV01433,2026-02-06,Customer1433,Product19,1,35365,35365,6365.7,41730.7
INV01434,2026-02-07,Customer1434,Product5,4,25894,103576,18643.68,122219.68
INV01435,2026-02-08,Customer1435,Product7,4,19546,78184,14073.12,92257.12
INV01436,2026-02-09,Customer1436,Product11,5,19084,95420,17175.6,112595.6
INV01437,2026-02-10,Customer1437,Product5,3,11404,34212,6158.16,40370.16
INV01438,2026-02-11,Customer1438,Product19,3,12217,36651,6597.18,43248.18
INV01439,2026-02-12,Customer1439,Product20,1,31102,31102,5598.36,36700.36
INV01440,2026-02-13,Customer1440,Product5,3,21791,65373,11767.14,77140.14
INV01441,2026-02-14,Customer1441,Product17,2,11656,23312,4196.16,27508.16
INV01442,2026-02-15,Customer1442,Product18,4,18313,73252,13185.36,86437.36
INV01443,2026-02-16,Customer1443,Product12,5,43006,215030,38705.4,253735.4
INV01444,2026-02-17,Customer1444,Product9,4,12328,49312,8876.16,58188.16
INV01445,2026-02-18,Customer1445,Product18,4,18683,74732,13451.76,88183.76
INV01446,2026-02-19,Customer1446,Product4,5,3478,17390,3130.2,20520.2
INV01447,2026-02-20,Customer1447,Product19,4,11751,47004,8460.72,55464.72
INV01448,2026-02-21,Customer1448,Product11,2,38950,77900,14022.0,91922.0
INV01449,2026-02-22,Customer1449,Product11,3,31454,94362,16985.16,111347.16
INV01450,2026-02-23,Customer1450,Product15,3,24602,73806,13285.08,87091.08
INV01451,2026-02-24,Customer1451,Product5,5,32185,160925,28966.5,189891.5
INV01452,2026-02-25,Customer1452,Product17,4,34348,137392,24730.56,162122.56
INV01453,2026-02-26,Customer1453,Product20,1,48543,48543,8737.74,57280.74
INV01454,2026-02-27,Customer1454,Product1,1,40301,40301,7254.18,47555.18
INV01455,2026-02-28,Customer1455,Product2,3,15830,47490,8548.2,56038.2
INV01456,2026-02-01,Customer1456,Product8,3,46346,139038,25026.84,164064.84
INV01457,2026-02-02,Customer1457,Product3,4,7279,29116,5240.88,34356.88
INV01458,2026-02-03,Customer1458,Product2,3,4643,13929,2507.22,16436.22
INV01459,2026-02-04,Customer1459,Product6,3,44881,134643,24235.74,158878.74
INV01460,2026-02-05,Customer1460,Product8,1,2415,2415,434.7,2849.7
INV01461,2026-02-06,Customer1461,Product16,5,9212,46060,8290.8,54350.8
INV01462,2026-02-07,Customer1462,Product13,4,24283,97132,17483.76,114615.76
INV01463,2026-02-08,Customer1463,Product18,2,13009,26018,4683.24,30701.239999999998
INV01464,2026-02-09,Customer1464,Product9,2,22228,44456,8002.08,52458.08
INV01465,2026-02-10,Customer1465,Product12,4,22215,88860,15994.8,104854.8
INV01466,2026-02-11,Customer1466,Product9,3,35473,106419,19155.42,125574.42
INV01467,2026-02-12,Customer1467,Product13,4,14744,58976,10615.68,69591.68
INV01468,2026-02-13,Customer1468,Product3,5,40707,203535,36636.3,240171.3
INV01469,2026-02-14,Customer1469,Product18,5,22765,113825,20488.5,134313.5
INV01470,2026-02-15,Customer1470,Product13,4,28010,112040,20167.2,132207.2
INV01471,2026-02-16,Customer1471,Product5,3,36756,110268,19848.24,130116.24
INV01472,2026-02-17,Customer1472,Product4,4,35203,140812,25346.16,166158.16
INV01473,2026-02-18,Customer1473,Product13,3,3019,9057,1630.26,10687.26
INV01474,2026-02-19,Customer1474,Product16,2,46472,92944,16729.92,109673.92
INV01475,2026-02-20,Customer1475,Product13,2,21299,42598,7667.64,50265.64
INV01476,2026-02-21,Customer1476,Product16,5,21074,105370,18966.6,124336.6
INV01477,2026-02-22,Customer1477,Product4,1,48190,48190,8674.2,56864.2
INV01478,2026-02-23,Customer1478,Product15,5,41539,207695,37385.1,245080.1
INV01479,2026-02-24,Customer1479,Product4,5,16012,80060,14410.8,94470.8
INV01480,2026-02-25,Customer1480,Product19,5,4020,20100,3618.0,23718.0
INV01481,2026-02-26,Customer1481,Product15,1,16333,16333,2939.94,19272.94
INV01482,2026-02-27,Customer1482,Product3,4,35543,142172,25590.96,167762.96
INV01483,2026-02-28,Customer1483,Product1,4,29741,118964,21413.52,140377.52
INV01484,2026-02-01,Customer1484,Product7,4,2557,10228,1841.04,12069.04
INV01485,2026-02-02,Customer1485,Product5,3,29352,88056,15850.08,103906.08
INV01486,2026-02-03,Customer1486,Product19,2,33692,67384,12129.12,79513.12
INV01487,2026-02-04,Customer1487,Product2,4,17734,70936,12768.48,83704.48
INV01488,2026-02-05,Customer1488,Product1,1,41902,41902,7542.36,49444.36
INV01489,2026-02-06,Customer1489,Product5,2,25652,51304,9234.72,60538.72
INV01490,2026-02-07,Customer1490,Product2,1,21305,21305,3834.9,25139.9
INV01491,2026-02-08,Customer1491,Product2,1,28557,28557,5140.26,33697.26
INV01492,2026-02-09,Customer1492,Product9,2,5873,11746,2114.28,13860.28
INV01493,2026-02-10,Customer1493,Product16,4,46879,187516,33752.88,221268.88
INV01494,2026-02-11,Customer1494,Product5,5,3890,19450,3501.0,22951.0
INV01495,2026-02-12,Customer1495,Product11,4,24147,96588,17385.84,113973.84
INV01496,2026-02-13,Customer1496,Product4,2,16048,32096,5777.28,37873.28
INV01497,2026-02-14,Customer1497,Product5,2,11437,22874,4117.32,26991.32
INV01498,2026-02-15,Customer1498,Product18,3,43215,129645,23336.1,152981.1
INV01499,2026-02-16,Customer1499,Product7,3,12504,37512,6752.16,44264.16
INV01500,2026-02-17,Customer1500,Product16,3,49577,148731,26771.58,175502.58000000002
INV01501,2026-02-18,Customer1501,Product4,4,3923,15692,2824.56,18516.56
INV01502,2026-02-19,Customer1502,Product12,1,41773,41773,7519.14,49292.14
INV01503,2026-02-20,Customer1503,Product6,2,41320,82640,14875.2,97515.2
INV01504,2026-02-21,Customer1504,Product5,5,22808,114040,20527.2,134567.2
INV01505,2026-02-22,Customer1505,Product13,3,6760,20280,3650.4,23930.4
INV01506,2026-02-23,Customer1506,Product9,3,1891,5673,1021.14,6694.14
INV01507,2026-02-24,Customer1507,Product13,3,5390,16170,2910.6,19080.6
INV01508,2026-02-25,Customer1508,Product4,3,22542,67626,12172.68,79798.68
INV01509,2026-02-26,Customer1509,Product2,1,30222,30222,5439.96,35661.96
INV01510,2026-02-27,Customer1510,Product10,4,19271,77084,13875.12,90959.12
INV01511,2026-02-28,Customer1511,Product14,1,5822,5822,1047.96,6869.96
INV01512,2026-02-01,Customer1512,Product10,5,25710,128550,23139.0,151689.0
INV01513,2026-02-02,Customer1513,Product13,3,31295,93885,16899.3,110784.3
INV01514,2026-02-03,Customer1514,Product10,1,47667,47667,8580.06,56247.06
INV01515,2026-02-04,Customer1515,Product5,3,8011,24033,4325.94,28358.94
INV01516,2026-02-05,Customer1516,Product2,1,11716,11716,2108.88,13824.880000000001
INV01517,2026-02-06,Customer1517,Product10,5,2579,12895,2321.1,15216.1
INV01518,2026-02-07,Customer1518,Product18,3,44208,132624,23872.32,156496.32
INV01519,2026-02-08,Customer1519,Product14,3,42520,127560,22960.8,150520.8
INV01520,2026-02-09,Customer1520,Product5,5,46889,234445,42200.1,276645.1
INV01521,2026-02-10,Customer1521,Product19,2,42869,85738,15432.84,101170.84
INV01522,2026-02-11,Customer1522,Product13,4,31761,127044,22867.92,149911.91999999998
INV01523,2026-02-12,Customer1523,Product18,5,610,3050,549.0,3599.0
INV01524,2026-02-13,Customer1524,Product8,2,40076,80152,14427.36,94579.36
INV01525,2026-02-14,Customer1525,Product20,2,3546,7092,1276.56,8368.56
INV01526,2026-02-15,Customer1526,Product20,2,32610,65220,11739.6,76959.6
INV01527,2026-02-16,Customer1527,Product18,3,23981,71943,12949.74,84892.74
INV01528,2026-02-17,Customer1528,Product4,4,47090,188360,33904.8,222264.8
INV01529,2026-02-18,Customer1529,Product19,1,33954,33954,6111.72,40065.72
INV01530,2026-02-19,Customer1530,Product14,5,35085,175425,31576.5,207001.5
INV01531,2026-02-20,Customer1531,Product2,1,44151,44151,7947.18,52098.18
INV01532,2026-02-21,Customer1532,Product6,4,40690,162760,29296.8,192056.8
INV01533,2026-02-22,Customer1533,Product19,5,31398,156990,28258.2,185248.2
INV01534,2026-02-23,Customer1534,Product11,2,38941,77882,14018.76,91900.76
INV01535,2026-02-24,Customer1535,Product4,4,33337,133348,24002.64,157350.64
INV01536,2026-02-25,Customer1536,Product9,1,40347,40347,7262.46,47609.46
INV01537,2026-02-26,Customer1537,Product3,5,24955,124775,22459.5,147234.5
INV01538,2026-02-27,Customer1538,Product8,2,33569,67138,12084.84,79222.84
INV01539,2026-02-28,Customer1539,Product1,1,46802,46802,8424.36,55226.36
INV01540,2026-02-01,Customer1540,Product13,4,43044,172176,30991.68,203167.68
INV01541,2026-02-02,Customer1541,Product15,1,35283,35283,6350.94,41633.94
INV01542,2026-02-03,Customer1542,Product2,5,47353,236765,42617.7,279382.7
INV01543,2026-02-04,Customer1543,Product16,3,48055,144165,25949.7,170114.7
INV01544,2026-02-05,Customer1544,Product4,5,15030,75150,13527.0,88677.0
INV01545,2026-02-06,Customer1545,Product2,4,6173,24692,4444.56,29136.56
INV01546,2026-02-07,Customer1546,Product6,2,9445,18890,3400.2,22290.2
INV01547,2026-02-08,Customer1547,Product11,3,4662,13986,2517.48,16503.48
INV01548,2026-02-09,Customer1548,Product6,4,4890,19560,3520.8,23080.8
INV01549,2026-02-10,Customer1549,Product3,2,26331,52662,9479.16,62141.16
INV01550,2026-02-11,Customer1550,Product5,1,5801,5801,1044.18,6845.18
INV01551,2026-02-12,Customer1551,Product20,2,29691,59382,10688.76,70070.76
INV01552,2026-02-13,Customer1552,Product9,3,10489,31467,5664.06,37131.06
INV01553,2026-02-14,Customer1553,Product7,5,17471,87355,15723.9,103078.9
INV01554,2026-02-15,Customer1554,Product20,4,48505,194020,34923.6,228943.6
INV01555,2026-02-16,Customer1555,Product18,2,12086,24172,4350.96,28522.96
INV01556,2026-02-17,Customer1556,Product1,3,31291,93873,16897.14,110770.14
INV01557,2026-02-18,Customer1557,Product6,1,14049,14049,2528.82,16577.82
INV01558,2026-02-19,Customer1558,Product12,4,41485,165940,29869.2,195809.2
INV01559,2026-02-20,Customer1559,Product3,5,17273,86365,15545.7,101910.7
INV01560,2026-02-21,Customer1560,Product19,1,955,955,171.9,1126.9
INV01561,2026-02-22,Customer1561,Product7,3,37805,113415,20414.7,133829.7
INV01562,2026-02-23,Customer1562,Product13,5,5294,26470,4764.6,31234.6
INV01563,2026-02-24,Customer1563,Product9,2,11112,22224,4000.32,26224.32
INV01564,2026-02-25,Customer1564,Product8,2,40078,80156,14428.08,94584.08
INV01565,2026-02-26,Customer1565,Product20,3,23957,71871,12936.78,84807.78
INV01566,2026-02-27,Customer1566,Product5,3,39618,118854,21393.72,140247.72
INV01567,2026-02-28,Customer1567,Product20,5,25786,128930,23207.4,152137.4
INV01568,2026-02-01,Customer1568,Product3,5,42563,212815,38306.7,251121.7
INV01569,2026-02-02,Customer1569,Product18,1,3777,3777,679.86,4456.86
INV01570,2026-02-03,Customer1570,Product2,1,36075,36075,6493.5,42568.5
INV01571,2026-02-04,Customer1571,Product11,2,9936,19872,3576.96,23448.96
INV01572,2026-02-05,Customer1572,Product11,5,15316,76580,13784.4,90364.4
INV01573,2026-02-06,Customer1573,Product3,3,15767,47301,8514.18,55815.18
INV01574,2026-02-07,Customer1574,Product10,2,37515,75030,13505.4,88535.4
INV01575,2026-02-08,Customer1575,Product2,5,38036,190180,34232.4,224412.4
INV01576,2026-02-09,Customer1576,Product6,3,40847,122541,22057.38,144598.38
INV01577,2026-02-10,Customer1577,Product20,1,39219,39219,7059.42,46278.42
INV01578,2026-02-11,Customer1578,Product19,1,37239,37239,6703.02,43942.020000000004
INV01579,2026-02-12,Customer1579,Product3,2,13411,26822,4827.96,31649.96
INV01580,2026-02-13,Customer1580,Product19,4,41184,164736,29652.48,194388.48
INV01581,2026-02-14,Customer1581,Product10,2,31624,63248,11384.64,74632.64
INV01582,2026-02-15,Customer1582,Product19,5,4805,24025,4324.5,28349.5
INV01583,2026-02-16,Customer1583,Product1,1,16532,16532,2975.76,19507.760000000002
INV01584,2026-02-17,Customer1584,Product14,1,11399,11399,2051.82,13450.82
INV01585,2026-02-18,Customer1585,Product4,1,7657,7657,1378.26,9035.26
INV01586,2026-02-19,Customer1586,Product1,3,9300,27900,5022.0,32922.0
INV01587,2026-02-20,Customer1587,Product9,1,3129,3129,563.22,3692.2200000000003
INV01588,2026-02-21,Customer1588,Product10,2,37737,75474,13585.32,89059.32
INV01589,2026-02-22,Customer1589,Product2,3,17222,51666,9299.88,60965.88
INV01590,2026-02-23,Customer1590,Product19,1,34037,34037,6126.66,40163.66
INV01591,2026-02-24,Customer1591,Product16,4,46381,185524,33394.32,218918.32
INV01592,2026-02-25,Customer1592,Product6,5,42800,214000,38520.0,252520.0
INV01593,2026-02-26,Customer1593,Product4,3,27537,82611,14869.98,97480.98
INV01594,2026-02-27,Customer1594,Product5,4,25607,102428,18437.04,120865.04000000001
INV01595,2026-02-28,Customer1595,Product15,5,22855,114275,20569.5,134844.5
INV01596,2026-02-01,Customer1596,Product6,2,11127,22254,4005.72,26259.72
INV01597,2026-02-02,Customer1597,Product7,5,45886,229430,41297.4,270727.4
INV01598,2026-02-03,Customer1598,Product11,4,39753,159012,28622.16,187634.16
INV01599,2026-02-04,Customer1599,Product17,3,23958,71874,12937.32,84811.32
INV01600,2026-02-05,Customer1600,Product9,3,13747,41241,7423.38,48664.38
INV01601,2026-02-06,Customer1601,Product11,1,24843,24843,4471.74,29314.739999999998
INV01602,2026-02-07,Customer1602,Product7,1,3350,3350,603.0,3953.0
INV01603,2026-02-08,Customer1603,Product8,5,12654,63270,11388.6,74658.6
INV01604,2026-02-09,Customer1604,Product20,5,47823,239115,43040.7,282155.7
INV01605,2026-02-10,Customer1605,Product19,4,25606,102424,18436.32,120860.32
INV01606,2026-02-11,Customer1606,Product10,5,34011,170055,30609.9,200664.9
INV01607,2026-02-12,Customer1607,Product6,5,40907,204535,36816.3,241351.3
INV01608,2026-02-13,Customer1608,Product15,2,49120,98240,17683.2,115923.2
INV01609,2026-02-14,Customer1609,Product18,4,40395,161580,29084.4,190664.4
INV01610,2026-02-15,Customer1610,Product17,2,636,1272,228.96,1500.96
INV01611,2026-02-16,Customer1611,Product15,2,3342,6684,1203.12,7887.12
INV01612,2026-02-17,Customer1612,Product14,3,32553,97659,17578.62,115237.62
INV01613,2026-02-18,Customer1613,Product20,1,44609,44609,8029.62,52638.62
INV01614,2026-02-19,Customer1614,Product14,3,49901,149703,26946.54,176649.54
INV01615,2026-02-20,Customer1615,Product2,1,15301,15301,2754.18,18055.18
INV01616,2026-02-21,Customer1616,Product8,4,21460,85840,15451.2,101291.2
INV01617,2026-02-22,Customer1617,Product15,4,6407,25628,4613.04,30241.04
INV01618,2026-02-23,Customer1618,Product1,4,29024,116096,20897.28,136993.28
INV01619,2026-02-24,Customer1619,Product14,3,2128,6384,1149.12,7533.12
INV01620,2026-02-25,Customer1620,Product5,1,12365,12365,2225.7,14590.7
INV01621,2026-02-26,Customer1621,Product14,1,12576,12576,2263.68,14839.68
INV01622,2026-02-27,Customer1622,Product14,3,7693,23079,4154.22,27233.22
INV01623,2026-02-28,Customer1623,Product16,2,21591,43182,7772.76,50954.76
INV01624,2026-02-01,Customer1624,Product15,1,48841,48841,8791.38,57632.38
INV01625,2026-02-02,Customer1625,Product2,4,49615,198460,35722.8,234182.8
INV01626,2026-02-03,Customer1626,Product8,1,18363,18363,3305.34,21668.34
INV01627,2026-02-04,Customer1627,Product19,5,19406,97030,17465.4,114495.4
INV01628,2026-02-05,Customer1628,Product4,4,45801,183204,32976.72,216180.72
INV01629,2026-02-06,Customer1629,Product14,3,24921,74763,13457.34,88220.34
INV01630,2026-02-07,Customer1630,Product20,1,19860,19860,3574.8,23434.8
INV01631,2026-02-08,Customer1631,Product2,3,45753,137259,24706.62,161965.62
INV01632,2026-02-09,Customer1632,Product7,3,11827,35481,6386.58,41867.58
INV01633,2026-02-10,Customer1633,Product4,5,10827,54135,9744.3,63879.3
INV01634,2026-02-11,Customer1634,Product13,2,44967,89934,16188.12,106122.12
INV01635,2026-02-12,Customer1635,Product6,1,28928,28928,5207.04,34135.04
INV01636,2026-02-13,Customer1636,Product19,3,21732,65196,11735.28,76931.28
INV01637,2026-02-14,Customer1637,Product6,3,14129,42387,7629.66,50016.66
INV01638,2026-02-15,Customer1638,Product20,4,35654,142616,25670.88,168286.88
INV01639,2026-02-16,Customer1639,Product10,2,30585,61170,11010.6,72180.6
INV01640,2026-02-17,Customer1640,Product12,1,31866,31866,5735.88,37601.88
INV01641,2026-02-18,Customer1641,Product5,2,16135,32270,5808.6,38078.6
INV01642,2026-02-19,Customer1642,Product17,3,37600,112800,20304.0,133104.0
INV01643,2026-02-20,Customer1643,Product3,3,4799,14397,2591.46,16988.46
INV01644,2026-02-21,Customer1644,Product13,2,34197,68394,12310.92,80704.92
INV01645,2026-02-22,Customer1645,Product13,5,20883,104415,18794.7,123209.7
INV01646,2026-02-23,Customer1646,Product15,4,49796,199184,35853.12,235037.12
INV01647,2026-02-24,Customer1647,Product14,2,21711,43422,7815.96,51237.96
INV01648,2026-02-25,Customer1648,Product15,3,13109,39327,7078.86,46405.86
INV01649,2026-02-26,Customer1649,Product15,3,45954,137862,24815.16,162677.16
INV01650,2026-02-27,Customer1650,Product20,2,42814,85628,15413.04,101041.04000000001
INV01651,2026-02-28,Customer1651,Product10,5,8436,42180,7592.4,49772.4
INV01652,2026-02-01,Customer1652,Product14,2,40590,81180,14612.4,95792.4
INV01653,2026-02-02,Customer1653,Product2,5,22643,113215,20378.7,133593.7
INV01654,2026-02-03,Customer1654,Product3,4,3480,13920,2505.6,16425.6
INV01655,2026-02-04,Customer1655,Product14,1,40212,40212,7238.16,47450.16
INV01656,2026-02-05,Customer1656,Product4,2,42281,84562,15221.16,99783.16
INV01657,2026-02-06,Customer1657,Product20,3,15344,46032,8285.76,54317.76
INV01658,2026-02-07,Customer1658,Product12,1,42909,42909,7723.62,50632.62
INV01659,2026-02-08,Customer1659,Product11,5,13203,66015,11882.7,77897.7
INV01660,2026-02-09,Customer1660,Product6,2,23409,46818,8427.24,55245.24
INV01661,2026-02-10,Customer1661,Product17,3,8086,24258,4366.44,28624.44
INV01662,2026-02-11,Customer1662,Product8,4,25519,102076,18373.68,120449.68
INV01663,2026-02-12,Customer1663,Product18,2,44060,88120,15861.6,103981.6
INV01664,2026-02-13,Customer1664,Product8,2,18772,37544,6757.92,44301.92
INV01665,2026-02-14,Customer1665,Product5,3,15713,47139,8485.02,55624.020000000004
INV01666,2026-02-15,Customer1666,Product4,3,589,1767,318.06,2085.06
INV01667,2026-02-16,Customer1667,Product14,1,6253,6253,1125.54,7378.54
INV01668,2026-02-17,Customer1668,Product3,4,32535,130140,23425.2,153565.2
INV01669,2026-02-18,Customer1669,Product17,1,47856,47856,8614.08,56470.08
INV01670,2026-02-19,Customer1670,Product11,5,47423,237115,42680.7,279795.7
INV01671,2026-02-20,Customer1671,Product15,2,8945,17890,3220.2,21110.2
INV01672,2026-02-21,Customer1672,Product5,2,7609,15218,2739.24,17957.239999999998
INV01673,2026-02-22,Customer1673,Product4,4,1288,5152,927.36,6079.36
INV01674,2026-02-23,Customer1674,Product2,2,26495,52990,9538.2,62528.2
INV01675,2026-02-24,Customer1675,Product9,5,27049,135245,24344.1,159589.1
INV01676,2026-02-25,Customer1676,Product11,1,46514,46514,8372.52,54886.520000000004
INV01677,2026-02-26,Customer1677,Product1,5,45090,225450,40581.0,266031.0
INV01678,2026-02-27,Customer1678,Product17,4,30254,121016,21782.88,142798.88
INV01679,2026-02-28,Customer1679,Product15,5,15610,78050,14049.0,92099.0
INV01680,2026-02-01,Customer1680,Product5,2,42426,84852,15273.36,100125.36
INV01681,2026-02-02,Customer1681,Product18,4,30422,121688,21903.84,143591.84
INV01682,2026-02-03,Customer1682,Product8,4,45210,180840,32551.2,213391.2
INV01683,2026-02-04,Customer1683,Product2,1,1948,1948,350.64,2298.64
INV01684,2026-02-05,Customer1684,Product5,5,16432,82160,14788.8,96948.8
INV01685,2026-02-06,Customer1685,Product20,5,49244,246220,44319.6,290539.6
INV01686,2026-02-07,Customer1686,Product10,1,27102,27102,4878.36,31980.36
INV01687,2026-02-08,Customer1687,Product11,4,8185,32740,5893.2,38633.2
INV01688,2026-02-09,Customer1688,Product20,3,17351,52053,9369.54,61422.54
INV01689,2026-02-10,Customer1689,Product12,4,33235,132940,23929.2,156869.2
INV01690,2026-02-11,Customer1690,Product2,4,14018,56072,10092.96,66164.95999999999
INV01691,2026-02-12,Customer1691,Product3,3,17352,52056,9370.08,61426.08
INV01692,2026-02-13,Customer1692,Product1,5,42322,211610,38089.8,249699.8
INV01693,2026-02-14,Customer1693,Product15,5,43218,216090,38896.2,254986.2
INV01694,2026-02-15,Customer1694,Product8,2,35509,71018,12783.24,83801.24
INV01695,2026-02-16,Customer1695,Product13,1,32460,32460,5842.8,38302.8
INV01696,2026-02-17,Customer1696,Product7,2,28108,56216,10118.88,66334.88
INV01697,2026-02-18,Customer1697,Product16,4,15294,61176,11011.68,72187.68
INV01698,2026-02-19,Customer1698,Product3,5,17836,89180,16052.4,105232.4
INV01699,2026-02-20,Customer1699,Product6,5,8792,43960,7912.8,51872.8
INV01700,2026-02-21,Customer1700,Product9,1,3603,3603,648.54,4251.54
INV01701,2026-02-22,Customer1701,Product4,2,22901,45802,8244.36,54046.36
INV01702,2026-02-23,Customer1702,Product12,2,16613,33226,5980.68,39206.68
INV01703,2026-02-24,Customer1703,Product11,1,29998,29998,5399.64,35397.64
INV01704,2026-02-25,Customer1704,Product18,5,34021,170105,30618.9,200723.9
INV01705,2026-02-26,Customer1705,Product1,2,29487,58974,10615.32,69589.32
INV01706,2026-02-27,Customer1706,Product15,2,40322,80644,14515.92,95159.92
INV01707,2026-02-28,Customer1707,Product4,1,33820,33820,6087.6,39907.6
INV01708,2026-02-01,Customer1708,Product17,1,10926,10926,1966.68,12892.68
INV01709,2026-02-02,Customer1709,Product4,1,22628,22628,4073.04,26701.04
INV01710,2026-02-03,Customer1710,Product13,5,24270,121350,21843.0,143193.0
INV01711,2026-02-04,Customer1711,Product11,2,40411,80822,14547.96,95369.95999999999
INV01712,2026-02-05,Customer1712,Product7,2,23560,47120,8481.6,55601.6
INV01713,2026-02-06,Customer1713,Product17,5,42367,211835,38130.3,249965.3
INV01714,2026-02-07,Customer1714,Product11,1,11063,11063,1991.34,13054.34
INV01715,2026-02-08,Customer1715,Product1,2,8565,17130,3083.4,20213.4
INV01716,2026-02-09,Customer1716,Product6,1,14994,14994,2698.92,17692.92
INV01717,2026-02-10,Customer1717,Product3,4,46176,184704,33246.72,217950.72
INV01718,2026-02-11,Customer1718,Product14,1,49291,49291,8872.38,58163.38
INV01719,2026-02-12,Customer1719,Product2,3,41105,123315,22196.7,145511.7
INV01720,2026-02-13,Customer1720,Product2,4,19847,79388,14289.84,93677.84
INV01721,2026-02-14,Customer1721,Product12,5,32649,163245,29384.1,192629.1
INV01722,2026-02-15,Customer1722,Product15,2,5551,11102,1998.36,13100.36
INV01723,2026-02-16,Customer1723,Product20,4,43108,172432,31037.76,203469.76
INV01724,2026-02-17,Customer1724,Product1,3,1256,3768,678.24,4446.24
INV01725,2026-02-18,Customer1725,Product9,2,10389,20778,3740.04,24518.04
INV01726,2026-02-19,Customer1726,Product4,4,23262,93048,16748.64,109796.64
INV01727,2026-02-20,Customer1727,Product11,5,31770,158850,28593.0,187443.0
INV01728,2026-02-21,Customer1728,Product7,1,16061,16061,2890.98,18951.98
INV01729,2026-02-22,Customer1729,Product4,2,46299,92598,16667.64,109265.64
INV01730,2026-02-23,Customer1730,Product20,5,12031,60155,10827.9,70982.9
INV01731,2026-02-24,Customer1731,Product20,4,4025,16100,2898.0,18998.0
INV01732,2026-02-25,Customer1732,Product6,5,18078,90390,16270.2,106660.2
INV01733,2026-02-26,Customer1733,Product11,1,10821,10821,1947.78,12768.78
INV01734,2026-02-27,Customer1734,Product18,5,47113,235565,42401.7,277966.7
INV01735,2026-02-28,Customer1735,Product2,1,35309,35309,6355.62,41664.62
INV01736,2026-02-01,Customer1736,Product11,2,18925,37850,6813.0,44663.0
INV01737,2026-02-02,Customer1737,Product20,3,34587,103761,18676.98,122437.98
INV01738,2026-02-03,Customer1738,Product5,4,47596,190384,34269.12,224653.12
INV01739,2026-02-04,Customer1739,Product11,5,43595,217975,39235.5,257210.5
INV01740,2026-02-05,Customer1740,Product10,4,25335,101340,18241.2,119581.2
INV01741,2026-02-06,Customer1741,Product18,5,29312,146560,26380.8,172940.8
INV01742,2026-02-07,Customer1742,Product3,1,4698,4698,845.64,5543.64
INV01743,2026-02-08,Customer1743,Product13,5,3960,19800,3564.0,23364.0
INV01744,2026-02-09,Customer1744,Product18,4,33196,132784,23901.12,156685.12
INV01745,2026-02-10,Customer1745,Product18,5,20081,100405,18072.9,118477.9
INV01746,2026-02-11,Customer1746,Product4,4,23469,93876,16897.68,110773.68
INV01747,2026-02-12,Customer1747,Product9,4,44283,177132,31883.76,209015.76
INV01748,2026-02-13,Customer1748,Product12,4,7105,28420,5115.6,33535.6
INV01749,2026-02-14,Customer1749,Product8,1,26131,26131,4703.58,30834.58
INV01750,2026-02-15,Customer1750,Product4,2,34348,68696,12365.28,81061.28
INV01751,2026-02-16,Customer1751,Product19,4,28870,115480,20786.4,136266.4
INV01752,2026-02-17,Customer1752,Product10,4,36181,144724,26050.32,170774.32
INV01753,2026-02-18,Customer1753,Product15,5,1662,8310,1495.8,9805.8
INV01754,2026-02-19,Customer1754,Product7,4,44022,176088,31695.84,207783.84
INV01755,2026-02-20,Customer1755,Product10,1,9776,9776,1759.68,11535.68
INV01756,2026-02-21,Customer1756,Product17,3,39066,117198,21095.64,138293.64
INV01757,2026-02-22,Customer1757,Product2,5,15103,75515,13592.7,89107.7
INV01758,2026-02-23,Customer1758,Product11,1,45041,45041,8107.38,53148.38
INV01759,2026-02-24,Customer1759,Product19,1,42813,42813,7706.34,50519.34
INV01760,2026-02-25,Customer1760,Product20,1,27123,27123,4882.14,32005.14
INV01761,2026-02-26,Customer1761,Product13,1,41787,41787,7521.66,49308.66
INV01762,2026-02-27,Customer1762,Product4,5,34866,174330,31379.4,205709.4
INV01763,2026-02-28,Customer1763,Product16,5,1998,9990,1798.2,11788.2
INV01764,2026-02-01,Customer1764,Product20,1,17903,17903,3222.54,21125.54
INV01765,2026-02-02,Customer1765,Product17,1,1854,1854,333.72,2187.7200000000003
INV01766,2026-02-03,Customer1766,Product14,2,16357,32714,5888.52,38602.520000000004
INV01767,2026-02-04,Customer1767,Product15,4,26101,104404,18792.72,123196.72
INV01768,2026-02-05,Customer1768,Product16,5,29756,148780,26780.4,175560.4
INV01769,2026-02-06,Customer1769,Product7,1,2322,2322,417.96,2739.96
INV01770,2026-02-07,Customer1770,Product4,2,3782,7564,1361.52,8925.52
INV01771,2026-02-08,Customer1771,Product18,2,6920,13840,2491.2,16331.2
INV01772,2026-02-09,Customer1772,Product7,2,25675,51350,9243.0,60593.0
INV01773,2026-02-10,Customer1773,Product16,2,24536,49072,8832.96,57904.96
INV01774,2026-02-11,Customer1774,Product20,5,14645,73225,13180.5,86405.5
INV01775,2026-02-12,Customer1775,Product8,2,7419,14838,2670.84,17508.84
INV01776,2026-02-13,Customer1776,Product9,1,17588,17588,3165.84,20753.84
INV01777,2026-02-14,Customer1777,Product13,2,13163,26326,4738.68,31064.68
INV01778,2026-02-15,Customer1778,Product8,1,28257,28257,5086.26,33343.26
INV01779,2026-02-16,Customer1779,Product12,2,28679,57358,10324.44,67682.44
INV01780,2026-02-17,Customer1780,Product10,1,12529,12529,2255.22,14784.22
INV01781,2026-02-18,Customer1781,Product20,1,4682,4682,842.76,5524.76
INV01782,2026-02-19,Customer1782,Product6,2,42164,84328,15179.04,99507.04000000001
INV01783,2026-02-20,Customer1783,Product20,3,4169,12507,2251.26,14758.26
INV01784,2026-02-21,Customer1784,Product13,1,33711,33711,6067.98,39778.979999999996
INV01785,2026-02-22,Customer1785,Product19,3,15964,47892,8620.56,56512.56
INV01786,2026-02-23,Customer1786,Product16,3,36811,110433,19877.94,130310.94
INV01787,2026-02-24,Customer1787,Product6,4,28997,115988,20877.84,136865.84
INV01788,2026-02-25,Customer1788,Product16,3,15009,45027,8104.86,53131.86
INV01789,2026-02-26,Customer1789,Product6,5,47314,236570,42582.6,279152.6
INV01790,2026-02-27,Customer1790,Product19,2,22222,44444,7999.92,52443.92
INV01791,2026-02-28,Customer1791,Product20,1,5974,5974,1075.32,7049.32
INV01792,2026-02-01,Customer1792,Product5,2,14474,28948,5210.64,34158.64
INV01793,2026-02-02,Customer1793,Product13,4,29600,118400,21312.0,139712.0
INV01794,2026-02-03,Customer1794,Product13,5,6546,32730,5891.4,38621.4
INV01795,2026-02-04,Customer1795,Product8,1,37462,37462,6743.16,44205.16
INV01796,2026-02-05,Customer1796,Product16,4,32962,131848,23732.64,155580.64
INV01797,2026-02-06,Customer1797,Product6,5,12463,62315,11216.7,73531.7
INV01798,2026-02-07,Customer1798,Product10,1,45559,45559,8200.62,53759.62
INV01799,2026-02-08,Customer1799,Product6,4,10262,41048,7388.64,48436.64
INV01800,2026-02-09,Customer1800,Product4,1,35143,35143,6325.74,41468.74
INV01801,2026-02-10,Customer1801,Product5,2,33951,67902,12222.36,80124.36
INV01802,2026-02-11,Customer1802,Product3,5,9343,46715,8408.7,55123.7
INV01803,2026-02-12,Customer1803,Product1,4,40383,161532,29075.76,190607.76
INV01804,2026-02-13,Customer1804,Product2,5,3761,18805,3384.9,22189.9
INV01805,2026-02-14,Customer1805,Product5,3,21211,63633,11453.94,75086.94
INV01806,2026-02-15,Customer1806,Product18,4,22304,89216,16058.88,105274.88
INV01807,2026-02-16,Customer1807,Product16,3,26229,78687,14163.66,92850.66
INV01808,2026-02-17,Customer1808,Product11,2,44261,88522,15933.96,104455.95999999999
INV01809,2026-02-18,Customer1809,Product1,3,14693,44079,7934.22,52013.22
INV01810,2026-02-19,Customer1810,Product17,1,19795,19795,3563.1,23358.1
INV01811,2026-02-20,Customer1811,Product11,2,11753,23506,4231.08,27737.08
INV01812,2026-02-21,Customer1812,Product18,5,48692,243460,43822.8,287282.8
INV01813,2026-02-22,Customer1813,Product11,3,37104,111312,20036.16,131348.16
INV01814,2026-02-23,Customer1814,Product8,3,22285,66855,12033.9,78888.9
INV01815,2026-02-24,Customer1815,Product14,5,12803,64015,11522.7,75537.7
INV01816,2026-02-25,Customer1816,Product12,5,13781,68905,12402.9,81307.9
INV01817,2026-02-26,Customer1817,Product13,1,42341,42341,7621.38,49962.38
INV01818,2026-02-27,Customer1818,Product16,2,41866,83732,15071.76,98803.76
INV01819,2026-02-28,Customer1819,Product4,1,12034,12034,2166.12,14200.119999999999
INV01820,2026-02-01,Customer1820,Product16,1,30448,30448,5480.64,35928.64
INV01821,2026-02-02,Customer1821,Product3,3,34255,102765,18497.7,121262.7
INV01822,2026-02-03,Customer1822,Product17,2,7991,15982,2876.76,18858.760000000002
INV01823,2026-02-04,Customer1823,Product13,2,1648,3296,593.28,3889.2799999999997
INV01824,2026-02-05,Customer1824,Product12,4,9280,37120,6681.6,43801.6
INV01825,2026-02-06,Customer1825,Product15,5,36812,184060,33130.8,217190.8
INV01826,2026-02-07,Customer1826,Product20,5,22522,112610,20269.8,132879.8
INV01827,2026-02-08,Customer1827,Product8,5,48859,244295,43973.1,288268.1
INV01828,2026-02-09,Customer1828,Product16,4,49063,196252,35325.36,231577.36
INV01829,2026-02-10,Customer1829,Product20,1,21886,21886,3939.48,25825.48
INV01830,2026-02-11,Customer1830,Product15,4,26478,105912,19064.16,124976.16
INV01831,2026-02-12,Customer1831,Product8,4,26250,105000,18900.0,123900.0
INV01832,2026-02-13,Customer1832,Product4,4,6535,26140,4705.2,30845.2
INV01833,2026-02-14,Customer1833,Product20,5,34743,173715,31268.7,204983.7
INV01834,2026-02-15,Customer1834,Product6,2,43393,86786,15621.48,102407.48
INV01835,2026-02-16,Customer1835,Product13,4,8489,33956,6112.08,40068.08
INV01836,2026-02-17,Customer1836,Product6,4,37485,149940,26989.2,176929.2
INV01837,2026-02-18,Customer1837,Product20,1,45713,45713,8228.34,53941.34
INV01838,2026-02-19,Customer1838,Product14,5,28183,140915,25364.7,166279.7
INV01839,2026-02-20,Customer1839,Product13,1,30256,30256,5446.08,35702.08
INV01840,2026-02-21,Customer1840,Product18,1,4892,4892,880.56,5772.5599999999995
INV01841,2026-02-22,Customer1841,Product12,2,47426,94852,17073.36,111925.36
INV01842,2026-02-23,Customer1842,Product13,4,46086,184344,33181.92,217525.91999999998
INV01843,2026-02-24,Customer1843,Product18,2,32158,64316,11576.88,75892.88
INV01844,2026-02-25,Customer1844,Product6,1,6846,6846,1232.28,8078.28
INV01845,2026-02-26,Customer1845,Product10,3,19958,59874,10777.32,70651.32
INV01846,2026-02-27,Customer1846,Product14,3,2820,8460,1522.8,9982.8
INV01847,2026-02-28,Customer1847,Product14,3,1074,3222,579.96,3801.96
INV01848,2026-02-01,Customer1848,Product15,4,27766,111064,19991.52,131055.52
INV01849,2026-02-02,Customer1849,Product15,5,42999,214995,38699.1,253694.1
INV01850,2026-02-03,Customer1850,Product13,5,4959,24795,4463.1,29258.1
INV01851,2026-02-04,Customer1851,Product17,5,3443,17215,3098.7,20313.7
INV01852,2026-02-05,Customer1852,Product6,5,49881,249405,44892.9,294297.9
INV01853,2026-02-06,Customer1853,Product11,3,19136,57408,10333.44,67741.44
INV01854,2026-02-07,Customer1854,Product8,5,46528,232640,41875.2,274515.2
INV01855,2026-02-08,Customer1855,Product18,4,33035,132140,23785.2,155925.2
INV01856,2026-02-09,Customer1856,Product15,4,34248,136992,24658.56,161650.56
INV01857,2026-02-10,Customer1857,Product1,3,31838,95514,17192.52,112706.52
INV01858,2026-02-11,Customer1858,Product15,1,21823,21823,3928.14,25751.14
INV01859,2026-02-12,Customer1859,Product18,1,12441,12441,2239.38,14680.380000000001
INV01860,2026-02-13,Customer1860,Product14,3,48970,146910,26443.8,173353.8
INV01861,2026-02-14,Customer1861,Product4,1,2564,2564,461.52,3025.52
INV01862,2026-02-15,Customer1862,Product9,2,28410,56820,10227.6,67047.6
INV01863,2026-02-16,Customer1863,Product3,1,46520,46520,8373.6,54893.6
INV01864,2026-02-17,Customer1864,Product7,4,20340,81360,14644.8,96004.8
INV01865,2026-02-18,Customer1865,Product18,4,35717,142868,25716.24,168584.24
INV01866,2026-02-19,Customer1866,Product13,5,41832,209160,37648.8,246808.8
INV01867,2026-02-20,Customer1867,Product6,1,27077,27077,4873.86,31950.86
INV01868,2026-02-21,Customer1868,Product18,2,24940,49880,8978.4,58858.4
INV01869,2026-02-22,Customer1869,Product17,2,7176,14352,2583.36,16935.36
INV01870,2026-02-23,Customer1870,Product14,5,41465,207325,37318.5,244643.5
INV01871,2026-02-24,Customer1871,Product5,5,23960,119800,21564.0,141364.0
INV01872,2026-02-25,Customer1872,Product11,2,41376,82752,14895.36,97647.36
INV01873,2026-02-26,Customer1873,Product2,3,38059,114177,20551.86,134728.86
INV01874,2026-02-27,Customer1874,Product13,2,47198,94396,16991.28,111387.28
INV01875,2026-02-28,Customer1875,Product19,3,9209,27627,4972.86,32599.86
INV01876,2026-02-01,Customer1876,Product17,5,5607,28035,5046.3,33081.3
INV01877,2026-02-02,Customer1877,Product13,1,3590,3590,646.2,4236.2
INV01878,2026-02-03,Customer1878,Product18,5,42084,210420,37875.6,248295.6
INV01879,2026-02-04,Customer1879,Product2,2,42306,84612,15230.16,99842.16
INV01880,2026-02-05,Customer1880,Product17,5,8598,42990,7738.2,50728.2
INV01881,2026-02-06,Customer1881,Product8,4,26057,104228,18761.04,122989.04000000001
INV01882,2026-02-07,Customer1882,Product7,2,32123,64246,11564.28,75810.28
INV01883,2026-02-08,Customer1883,Product16,4,3322,13288,2391.84,15679.84
INV01884,2026-02-09,Customer1884,Product20,2,49738,99476,17905.68,117381.68
INV01885,2026-02-10,Customer1885,Product18,1,13443,13443,2419.74,15862.74
INV01886,2026-02-11,Customer1886,Product7,3,45093,135279,24350.22,159629.22
INV01887,2026-02-12,Customer1887,Product7,3,44083,132249,23804.82,156053.82
INV01888,2026-02-13,Customer1888,Product8,2,30641,61282,11030.76,72312.76
INV01889,2026-02-14,Customer1889,Product3,2,44674,89348,16082.64,105430.64
INV01890,2026-02-15,Customer1890,Product1,4,3413,13652,2457.36,16109.36
INV01891,2026-02-16,Customer1891,Product13,3,27438,82314,14816.52,97130.52
INV01892,2026-02-17,Customer1892,Product10,4,25281,101124,18202.32,119326.32
INV01893,2026-02-18,Customer1893,Product13,3,34379,103137,18564.66,121701.66
INV01894,2026-02-19,Customer1894,Product20,3,10087,30261,5446.98,35707.979999999996
INV01895,2026-02-20,Customer1895,Product2,4,20880,83520,15033.6,98553.6
INV01896,2026-02-21,Customer1896,Product7,3,30791,92373,16627.14,109000.14
INV01897,2026-02-22,Customer1897,Product13,4,29059,116236,20922.48,137158.48
INV01898,2026-02-23,Customer1898,Product16,1,2284,2284,411.12,2695.12
INV01899,2026-02-24,Customer1899,Product7,5,39916,199580,35924.4,235504.4
INV01900,2026-02-25,Customer1900,Product14,3,36177,108531,19535.58,128066.58
INV01901,2026-02-26,Customer1901,Product2,1,19159,19159,3448.62,22607.62
INV01902,2026-02-27,Customer1902,Product14,3,26269,78807,14185.26,92992.26
INV01903,2026-02-28,Customer1903,Product15,5,3097,15485,2787.3,18272.3
INV01904,2026-02-01,Customer1904,Product11,3,11987,35961,6472.98,42433.979999999996
INV01905,2026-02-02,Customer1905,Product1,2,7034,14068,2532.24,16600.239999999998
INV01906,2026-02-03,Customer1906,Product12,4,22970,91880,16538.4,108418.4
INV01907,2026-02-04,Customer1907,Product9,1,25651,25651,4617.18,30268.18
INV01908,2026-02-05,Customer1908,Product5,4,24765,99060,17830.8,116890.8
INV01909,2026-02-06,Customer1909,Product6,1,46621,46621,8391.78,55012.78
INV01910,2026-02-07,Customer1910,Product17,2,12206,24412,4394.16,28806.16
INV01911,2026-02-08,Customer1911,Product8,1,23682,23682,4262.76,27944.760000000002
INV01912,2026-02-09,Customer1912,Product20,2,3164,6328,1139.04,7467.04
INV01913,2026-02-10,Customer1913,Product20,3,28271,84813,15266.34,100079.34
INV01914,2026-02-11,Customer1914,Product16,4,49807,199228,35861.04,235089.04
INV01915,2026-02-12,Customer1915,Product3,5,22118,110590,19906.2,130496.2
INV01916,2026-02-13,Customer1916,Product13,4,14639,58556,10540.08,69096.08
INV01917,2026-02-14,Customer1917,Product1,2,33911,67822,12207.96,80029.95999999999
INV01918,2026-02-15,Customer1918,Product9,3,43746,131238,23622.84,154860.84
INV01919,2026-02-16,Customer1919,Product13,3,15699,47097,8477.46,55574.46
INV01920,2026-02-17,Customer1920,Product7,2,20243,40486,7287.48,47773.479999999996
INV01921,2026-02-18,Customer1921,Product8,2,22197,44394,7990.92,52384.92
INV01922,2026-02-19,Customer1922,Product3,1,7867,7867,1416.06,9283.06
INV01923,2026-02-20,Customer1923,Product3,3,1981,5943,1069.74,7012.74
INV01924,2026-02-21,Customer1924,Product13,2,21836,43672,7860.96,51532.96
INV01925,2026-02-22,Customer1925,Product4,4,13258,53032,9545.76,62577.76
INV01926,2026-02-23,Customer1926,Product8,1,7407,7407,1333.26,8740.26
INV01927,2026-02-24,Customer1927,Product12,5,1303,6515,1172.7,7687.7
INV01928,2026-02-25,Customer1928,Product7,1,5606,5606,1009.08,6615.08
INV01929,2026-02-26,Customer1929,Product19,4,17784,71136,12804.48,83940.48
INV01930,2026-02-27,Customer1930,Product10,4,47860,191440,34459.2,225899.2
INV01931,2026-02-28,Customer1931,Product15,5,8462,42310,7615.8,49925.8
INV01932,2026-02-01,Customer1932,Product1,3,45227,135681,24422.58,160103.58000000002
INV01933,2026-02-02,Customer1933,Product16,4,21393,85572,15402.96,100974.95999999999
INV01934,2026-02-03,Customer1934,Product14,1,25436,25436,4578.48,30014.48
INV01935,2026-02-04,Customer1935,Product9,3,17610,52830,9509.4,62339.4
INV01936,2026-02-05,Customer1936,Product6,2,23375,46750,8415.0,55165.0
INV01937,2026-02-06,Customer1937,Product12,3,2665,7995,1439.1,9434.1
INV01938,2026-02-07,Customer1938,Product4,4,17897,71588,12885.84,84473.84
INV01939,2026-02-08,Customer1939,Product12,4,17364,69456,12502.08,81958.08
INV01940,2026-02-09,Customer1940,Product5,5,11725,58625,10552.5,69177.5
INV01941,2026-02-10,Customer1941,Product20,2,14188,28376,5107.68,33483.68
INV01942,2026-02-11,Customer1942,Product5,4,37509,150036,27006.48,177042.48
INV01943,2026-02-12,Customer1943,Product6,3,9876,29628,5333.04,34961.04
INV01944,2026-02-13,Customer1944,Product9,4,49412,197648,35576.64,233224.64
INV01945,2026-02-14,Customer1945,Product5,4,32054,128216,23078.88,151294.88
INV01946,2026-02-15,Customer1946,Product17,3,27403,82209,14797.62,97006.62
INV01947,2026-02-16,Customer1947,Product8,5,15229,76145,13706.1,89851.1
INV01948,2026-02-17,Customer1948,Product1,2,4937,9874,1777.32,11651.32
INV01949,2026-02-18,Customer1949,Product13,3,9500,28500,5130.0,33630.0
INV01950,2026-02-19,Customer1950,Product10,2,1569,3138,564.84,3702.84
INV01951,2026-02-20,Customer1951,Product8,2,43974,87948,15830.64,103778.64
INV01952,2026-02-21,Customer1952,Product16,5,42749,213745,38474.1,252219.1
INV01953,2026-02-22,Customer1953,Product5,1,30343,30343,5461.74,35804.74
INV01954,2026-02-23,Customer1954,Product20,4,43967,175868,31656.24,207524.24
INV01955,2026-02-24,Customer1955,Product16,4,47184,188736,33972.48,222708.48
INV01956,2026-02-25,Customer1956,Product19,4,10648,42592,7666.56,50258.56
INV01957,2026-02-26,Customer1957,Product4,1,19668,19668,3540.24,23208.239999999998
INV01958,2026-02-27,Customer1958,Product14,3,10724,32172,5790.96,37962.96
INV01959,2026-02-28,Customer1959,Product15,5,17308,86540,15577.2,102117.2
INV01960,2026-02-01,Customer1960,Product16,2,11359,22718,4089.24,26807.239999999998
INV01961,2026-02-02,Customer1961,Product4,2,27001,54002,9720.36,63722.36
INV01962,2026-02-03,Customer1962,Product3,1,32889,32889,5920.02,38809.020000000004
INV01963,2026-02-04,Customer1963,Product12,4,46785,187140,33685.2,220825.2
INV01964,2026-02-05,Customer1964,Product14,5,3536,17680,3182.4,20862.4
INV01965,2026-02-06,Customer1965,Product9,3,39173,117519,21153.42,138672.41999999998
INV01966,2026-02-07,Customer1966,Product14,2,44390,88780,15980.4,104760.4
INV01967,2026-02-08,Customer1967,Product4,2,37793,75586,13605.48,89191.48
INV01968,2026-02-09,Customer1968,Product18,4,40928,163712,29468.16,193180.16
INV01969,2026-02-10,Customer1969,Product8,1,33597,33597,6047.46,39644.46
INV01970,2026-02-11,Customer1970,Product16,2,3117,6234,1122.12,7356.12
INV01971,2026-02-12,Customer1971,Product7,4,8222,32888,5919.84,38807.84
INV01972,2026-02-13,Customer1972,Product5,2,34827,69654,12537.72,82191.72
INV01973,2026-02-14,Customer1973,Product11,4,2144,8576,1543.68,10119.68
INV01974,2026-02-15,Customer1974,Product4,2,44459,88918,16005.24,104923.24
INV01975,2026-02-16,Customer1975,Product12,2,6533,13066,2351.88,15417.880000000001
INV01976,2026-02-17,Customer1976,Product16,3,38063,114189,20554.02,134743.02
INV01977,2026-02-18,Customer1977,Product7,1,18077,18077,3253.86,21330.86
INV01978,2026-02-19,Customer1978,Product15,4,15410,61640,11095.2,72735.2
INV01979,2026-02-20,Customer1979,Product1,5,7599,37995,6839.1,44834.1
INV01980,2026-02-21,Customer1980,Product20,5,40117,200585,36105.3,236690.3
INV01981,2026-02-22,Customer1981,Product7,2,10774,21548,3878.64,25426.64
INV01982,2026-02-23,Customer1982,Product14,3,32940,98820,17787.6,116607.6
INV01983,2026-02-24,Customer1983,Product20,4,48954,195816,35246.88,231062.88
INV01984,2026-02-25,Customer1984,Product1,3,40133,120399,21671.82,142070.82
INV01985,2026-02-26,Customer1985,Product19,4,25607,102428,18437.04,120865.04000000001
INV01986,2026-02-27,Customer1986,Product5,3,27957,83871,15096.78,98967.78
INV01987,2026-02-28,Customer1987,Product9,3,29778,89334,16080.12,105414.12
INV01988,2026-02-01,Customer1988,Product19,1,32932,32932,5927.76,38859.76
INV01989,2026-02-02,Customer1989,Product1,1,35932,35932,6467.76,42399.76
INV01990,2026-02-03,Customer1990,Product15,3,48470,145410,26173.8,171583.8
INV01991,2026-02-04,Customer1991,Product18,4,41400,165600,29808.0,195408.0
INV01992,2026-02-05,Customer1992,Product3,3,37324,111972,20154.96,132126.96
INV01993,2026-02-06,Customer1993,Product8,2,33789,67578,12164.04,79742.04000000001
INV01994,2026-02-07,Customer1994,Product7,4,9549,38196,6875.28,45071.28
INV01995,2026-02-08,Customer1995,Product8,4,37195,148780,26780.4,175560.4
INV01996,2026-02-09,Customer1996,Product11,1,20885,20885,3759.3,24644.3
INV01997,2026-02-10,Customer1997,Product14,1,28217,28217,5079.06,33296.06
INV01998,2026-02-11,Customer1998,Product12,4,45706,182824,32908.32,215732.32
INV01999,2026-02-12,Customer1999,Product19,5,13742,68710,12367.8,81077.8
INV02000,2026-02-13,Customer2000,Product6,2,20807,41614,7490.52,49104.520000000004
INV02001,2026-02-14,Customer2001,Product5,4,3318,13272,2388.96,15660.96
INV02002,2026-02-15,Customer2002,Product12,4,22937,91748,16514.64,108262.64
INV02003,2026-02-16,Customer2003,Product17,3,7722,23166,4169.88,27335.88
INV02004,2026-02-17,Customer2004,Product11,5,6667,33335,6000.3,39335.3
INV02005,2026-02-18,Customer2005,Product19,1,43793,43793,7882.74,51675.74
INV02006,2026-02-19,Customer2006,Product3,3,32548,97644,17575.92,115219.92
INV02007,2026-02-20,Customer2007,Product10,1,5208,5208,937.44,6145.4400000000005
INV02008,2026-02-21,Customer2008,Product17,2,46677,93354,16803.72,110157.72
INV02009,2026-02-22,Customer2009,Product10,2,13205,26410,4753.8,31163.8
INV02010,2026-02-23,Customer2010,Product17,4,7850,31400,5652.0,37052.0
INV02011,2026-02-24,Customer2011,Product11,4,34429,137716,24788.88,162504.88
INV02012,2026-02-25,Customer2012,Product16,5,21066,105330,18959.4,124289.4
INV02013,2026-02-26,Customer2013,Product11,3,31636,94908,17083.44,111991.44
INV02014,2026-02-27,Customer2014,Product1,4,6345,25380,4568.4,29948.4
INV02015,2026-02-28,Customer2015,Product10,4,36574,146296,26333.28,172629.28
INV02016,2026-02-01,Customer2016,Product5,5,16312,81560,14680.8,96240.8
INV02017,2026-02-02,Customer2017,Product12,1,37635,37635,6774.3,44409.3
INV02018,2026-02-03,Customer2018,Product11,3,18413,55239,9943.02,65182.020000000004
INV02019,2026-02-04,Customer2019,Product10,2,34923,69846,12572.28,82418.28
INV02020,2026-02-05,Customer2020,Product8,1,36201,36201,6516.18,42717.18
INV02021,2026-02-06,Customer2021,Product19,1,46118,46118,8301.24,54419.24
INV02022,2026-02-07,Customer2022,Product16,5,34275,171375,30847.5,202222.5
INV02023,2026-02-08,Customer2023,Product20,2,6176,12352,2223.36,14575.36
INV02024,2026-02-09,Customer2024,Product4,2,44468,88936,16008.48,104944.48
INV02025,2026-02-10,Customer2025,Product11,5,9113,45565,8201.7,53766.7
INV02026,2026-02-11,Customer2026,Product18,2,23092,46184,8313.12,54497.12
INV02027,2026-02-12,Customer2027,Product4,5,793,3965,713.7,4678.7
INV02028,2026-02-13,Customer2028,Product6,1,32947,32947,5930.46,38877.46
INV02029,2026-02-14,Customer2029,Product3,2,12597,25194,4534.92,29728.92
INV02030,2026-02-15,Customer2030,Product7,3,43115,129345,23282.1,152627.1
INV02031,2026-02-16,Customer2031,Product11,2,18759,37518,6753.24,44271.24
INV02032,2026-02-17,Customer2032,Product7,5,35563,177815,32006.7,209821.7
INV02033,2026-02-18,Customer2033,Product2,4,21330,85320,15357.6,100677.6
INV02034,2026-02-19,Customer2034,Product3,4,49279,197116,35480.88,232596.88
INV02035,2026-02-20,Customer2035,Product12,3,37333,111999,20159.82,132158.82
INV02036,2026-02-21,Customer2036,Product14,1,34475,34475,6205.5,40680.5
INV02037,2026-02-22,Customer2037,Product20,5,11893,59465,10703.7,70168.7
INV02038,2026-02-23,Customer2038,Product10,4,8926,35704,6426.72,42130.72
INV02039,2026-02-24,Customer2039,Product18,1,38748,38748,6974.64,45722.64
INV02040,2026-02-25,Customer2040,Product9,5,38574,192870,34716.6,227586.6
INV02041,2026-02-26,Customer2041,Product18,2,46533,93066,16751.88,109817.88
INV02042,2026-02-27,Customer2042,Product7,3,13863,41589,7486.02,49075.020000000004
INV02043,2026-02-28,Customer2043,Product9,5,23748,118740,21373.2,140113.2
INV02044,2026-02-01,Customer2044,Product5,1,12964,12964,2333.52,15297.52
INV02045,2026-02-02,Customer2045,Product14,5,12239,61195,11015.1,72210.1
INV02046,2026-02-03,Customer2046,Product3,3,12934,38802,6984.36,45786.36
INV02047,2026-02-04,Customer2047,Product2,5,8543,42715,7688.7,50403.7
INV02048,2026-02-05,Customer2048,Product7,1,17453,17453,3141.54,20594.54
INV02049,2026-02-06,Customer2049,Product14,4,46215,184860,33274.8,218134.8
INV02050,2026-02-07,Customer2050,Product9,4,43577,174308,31375.44,205683.44
INV02051,2026-02-08,Customer2051,Product14,2,33249,66498,11969.64,78467.64
INV02052,2026-02-09,Customer2052,Product9,4,38663,154652,27837.36,182489.36
INV02053,2026-02-10,Customer2053,Product13,3,33263,99789,17962.02,117751.02
INV02054,2026-02-11,Customer2054,Product6,2,21588,43176,7771.68,50947.68
INV02055,2026-02-12,Customer2055,Product16,5,5603,28015,5042.7,33057.7
INV02056,2026-02-13,Customer2056,Product9,4,34712,138848,24992.64,163840.64
INV02057,2026-02-14,Customer2057,Product14,2,19137,38274,6889.32,45163.32
INV02058,2026-02-15,Customer2058,Product20,3,43852,131556,23680.08,155236.08000000002
INV02059,2026-02-16,Customer2059,Product15,3,24107,72321,13017.78,85338.78
INV02060,2026-02-17,Customer2060,Product15,5,45021,225105,40518.9,265623.9
INV02061,2026-02-18,Customer2061,Product4,1,45117,45117,8121.06,53238.06
INV02062,2026-02-19,Customer2062,Product16,4,16735,66940,12049.2,78989.2
INV02063,2026-02-20,Customer2063,Product6,2,20299,40598,7307.64,47905.64
INV02064,2026-02-21,Customer2064,Product20,4,26881,107524,19354.32,126878.32
INV02065,2026-02-22,Customer2065,Product3,4,4994,19976,3595.68,23571.68
INV02066,2026-02-23,Customer2066,Product15,4,32532,130128,23423.04,153551.04
INV02067,2026-02-24,Customer2067,Product5,5,17659,88295,15893.1,104188.1
INV02068,2026-02-25,Customer2068,Product19,4,20952,83808,15085.44,98893.44
INV02069,2026-02-26,Customer2069,Product6,4,28181,112724,20290.32,133014.32
INV02070,2026-02-27,Customer2070,Product6,4,32618,130472,23484.96,153956.96
INV02071,2026-02-28,Customer2071,Product12,5,30373,151865,27335.7,179200.7
INV02072,2026-02-01,Customer2072,Product12,2,45773,91546,16478.28,108024.28
INV02073,2026-02-02,Customer2073,Product8,3,2446,7338,1320.84,8658.84
INV02074,2026-02-03,Customer2074,Product19,3,34413,103239,18583.02,121822.02
INV02075,2026-02-04,Customer2075,Product16,3,29359,88077,15853.86,103930.86
INV02076,2026-02-05,Customer2076,Product13,5,27578,137890,24820.2,162710.2
INV02077,2026-02-06,Customer2077,Product17,1,3859,3859,694.62,4553.62
INV02078,2026-02-07,Customer2078,Product18,2,1415,2830,509.4,3339.4
INV02079,2026-02-08,Customer2079,Product16,3,37682,113046,20348.28,133394.28
INV02080,2026-02-09,Customer2080,Product19,4,31409,125636,22614.48,148250.48
INV02081,2026-02-10,Customer2081,Product20,4,16592,66368,11946.24,78314.24
INV02082,2026-02-11,Customer2082,Product6,3,41911,125733,22631.94,148364.94
INV02083,2026-02-12,Customer2083,Product17,1,48302,48302,8694.36,56996.36
INV02084,2026-02-13,Customer2084,Product4,4,46742,186968,33654.24,220622.24
INV02085,2026-02-14,Customer2085,Product16,4,48512,194048,34928.64,228976.64
INV02086,2026-02-15,Customer2086,Product15,3,19924,59772,10758.96,70530.95999999999
INV02087,2026-02-16,Customer2087,Product7,3,46882,140646,25316.28,165962.28
INV02088,2026-02-17,Customer2088,Product2,3,22899,68697,12365.46,81062.45999999999
INV02089,2026-02-18,Customer2089,Product5,4,9476,37904,6822.72,44726.72
INV02090,2026-02-19,Customer2090,Product18,2,42359,84718,15249.24,99967.24
INV02091,2026-02-20,Customer2091,Product11,2,32046,64092,11536.56,75628.56
INV02092,2026-02-21,Customer2092,Product14,1,561,561,100.98,661.98
INV02093,2026-02-22,Customer2093,Product4,5,26735,133675,24061.5,157736.5
INV02094,2026-02-23,Customer2094,Product14,3,31840,95520,17193.6,112713.6
INV02095,2026-02-24,Customer2095,Product13,5,18800,94000,16920.0,110920.0
INV02096,2026-02-25,Customer2096,Product7,3,43395,130185,23433.3,153618.3
INV02097,2026-02-26,Customer2097,Product7,5,13364,66820,12027.6,78847.6
INV02098,2026-02-27,Customer2098,Product5,2,21092,42184,7593.12,49777.12
INV02099,2026-02-28,Customer2099,Product5,3,36792,110376,19867.68,130243.68
INV02100,2026-02-01,Customer2100,Product16,1,11635,11635,2094.3,13729.3
INV02101,2026-02-02,Customer2101,Product14,1,42187,42187,7593.66,49780.66
INV02102,2026-02-03,Customer2102,Product20,5,42757,213785,38481.3,252266.3
INV02103,2026-02-04,Customer2103,Product15,5,15662,78310,14095.8,92405.8
INV02104,2026-02-05,Customer2104,Product20,1,37196,37196,6695.28,43891.28
INV02105,2026-02-06,Customer2105,Product17,4,14722,58888,10599.84,69487.84
INV02106,2026-02-07,Customer2106,Product14,5,11330,56650,10197.0,66847.0
INV02107,2026-02-08,Customer2107,Product18,5,48314,241570,43482.6,285052.6
INV02108,2026-02-09,Customer2108,Product2,1,7597,7597,1367.46,8964.46
INV02109,2026-02-10,Customer2109,Product20,3,19843,59529,10715.22,70244.22
INV02110,2026-02-11,Customer2110,Product20,5,38534,192670,34680.6,227350.6
INV02111,2026-02-12,Customer2111,Product19,4,4993,19972,3594.96,23566.96
INV02112,2026-02-13,Customer2112,Product5,2,9917,19834,3570.12,23404.12
INV02113,2026-02-14,Customer2113,Product6,1,8446,8446,1520.28,9966.28
INV02114,2026-02-15,Customer2114,Product5,1,5769,5769,1038.42,6807.42
INV02115,2026-02-16,Customer2115,Product6,1,33813,33813,6086.34,39899.34
INV02116,2026-02-17,Customer2116,Product16,5,20764,103820,18687.6,122507.6
INV02117,2026-02-18,Customer2117,Product18,3,9052,27156,4888.08,32044.08
INV02118,2026-02-19,Customer2118,Product7,3,44667,134001,24120.18,158121.18
INV02119,2026-02-20,Customer2119,Product6,4,11302,45208,8137.44,53345.44
INV02120,2026-02-21,Customer2120,Product6,2,24782,49564,8921.52,58485.520000000004
INV02121,2026-02-22,Customer2121,Product2,1,40344,40344,7261.92,47605.92
INV02122,2026-02-23,Customer2122,Product13,2,24861,49722,8949.96,58671.96
INV02123,2026-02-24,Customer2123,Product5,4,24790,99160,17848.8,117008.8
INV02124,2026-02-25,Customer2124,Product6,4,32458,129832,23369.76,153201.76
INV02125,2026-02-26,Customer2125,Product2,5,20393,101965,18353.7,120318.7
INV02126,2026-02-27,Customer2126,Product14,1,27138,27138,4884.84,32022.84
INV02127,2026-02-28,Customer2127,Product9,4,8242,32968,5934.24,38902.24
INV02128,2026-02-01,Customer2128,Product8,1,41442,41442,7459.56,48901.56
INV02129,2026-02-02,Customer2129,Product14,5,27227,136135,24504.3,160639.3
INV02130,2026-02-03,Customer2130,Product17,2,30788,61576,11083.68,72659.68
INV02131,2026-02-04,Customer2131,Product12,1,26518,26518,4773.24,31291.239999999998
INV02132,2026-02-05,Customer2132,Product5,1,14375,14375,2587.5,16962.5
INV02133,2026-02-06,Customer2133,Product9,1,49530,49530,8915.4,58445.4
INV02134,2026-02-07,Customer2134,Product14,5,31948,159740,28753.2,188493.2
INV02135,2026-02-08,Customer2135,Product8,4,43057,172228,31001.04,203229.04
INV02136,2026-02-09,Customer2136,Product12,1,24289,24289,4372.02,28661.02
INV02137,2026-02-10,Customer2137,Product17,4,30965,123860,22294.8,146154.8
INV02138,2026-02-11,Customer2138,Product8,5,7434,37170,6690.6,43860.6
INV02139,2026-02-12,Customer2139,Product1,5,7547,37735,6792.3,44527.3
INV02140,2026-02-13,Customer2140,Product14,1,12615,12615,2270.7,14885.7
INV02141,2026-02-14,Customer2141,Product9,2,34469,68938,12408.84,81346.84
INV02142,2026-02-15,Customer2142,Product11,1,38190,38190,6874.2,45064.2
INV02143,2026-02-16,Customer2143,Product9,4,9835,39340,7081.2,46421.2
INV02144,2026-02-17,Customer2144,Product12,4,14098,56392,10150.56,66542.56
INV02145,2026-02-18,Customer2145,Product17,4,11961,47844,8611.92,56455.92
INV02146,2026-02-19,Customer2146,Product12,5,44119,220595,39707.1,260302.1
INV02147,2026-02-20,Customer2147,Product19,1,11817,11817,2127.06,13944.06
INV02148,2026-02-21,Customer2148,Product18,3,24067,72201,12996.18,85197.18
INV02149,2026-02-22,Customer2149,Product12,1,9272,9272,1668.96,10940.96
INV02150,2026-02-23,Customer2150,Product15,3,46191,138573,24943.14,163516.14
INV02151,2026-02-24,Customer2151,Product16,1,21452,21452,3861.36,25313.36
INV02152,2026-02-25,Customer2152,Product13,2,597,1194,214.92,1408.92
INV02153,2026-02-26,Customer2153,Product11,5,38033,190165,34229.7,224394.7
INV02154,2026-02-27,Customer2154,Product19,4,29335,117340,21121.2,138461.2
INV02155,2026-02-28,Customer2155,Product1,1,22405,22405,4032.9,26437.9
INV02156,2026-02-01,Customer2156,Product8,5,9037,45185,8133.3,53318.3
INV02157,2026-02-02,Customer2157,Product20,1,42746,42746,7694.28,50440.28
INV02158,2026-02-03,Customer2158,Product12,2,45675,91350,16443.0,107793.0
INV02159,2026-02-04,Customer2159,Product12,2,37765,75530,13595.4,89125.4
INV02160,2026-02-05,Customer2160,Product5,5,40538,202690,36484.2,239174.2
INV02161,2026-02-06,Customer2161,Product1,5,31036,155180,27932.4,183112.4
INV02162,2026-02-07,Customer2162,Product11,2,28317,56634,10194.12,66828.12
INV02163,2026-02-08,Customer2163,Product9,5,10749,53745,9674.1,63419.1
INV02164,2026-02-09,Customer2164,Product7,5,5005,25025,4504.5,29529.5
INV02165,2026-02-10,Customer2165,Product3,3,20455,61365,11045.7,72410.7
INV02166,2026-02-11,Customer2166,Product9,5,10873,54365,9785.7,64150.7
INV02167,2026-02-12,Customer2167,Product7,3,1285,3855,693.9,4548.9
INV02168,2026-02-13,Customer2168,Product3,5,16384,81920,14745.6,96665.6
INV02169,2026-02-14,Customer2169,Product1,4,23926,95704,17226.72,112930.72
INV02170,2026-02-15,Customer2170,Product16,2,22154,44308,7975.44,52283.44
INV02171,2026-02-16,Customer2171,Product14,1,47863,47863,8615.34,56478.34
INV02172,2026-02-17,Customer2172,Product1,4,4383,17532,3155.76,20687.760000000002
INV02173,2026-02-18,Customer2173,Product8,2,39433,78866,14195.88,93061.88
INV02174,2026-02-19,Customer2174,Product16,5,5956,29780,5360.4,35140.4
INV02175,2026-02-20,Customer2175,Product20,2,2101,4202,756.36,4958.36
INV02176,2026-02-21,Customer2176,Product17,2,12731,25462,4583.16,30045.16
INV02177,2026-02-22,Customer2177,Product17,5,7825,39125,7042.5,46167.5
INV02178,2026-02-23,Customer2178,Product7,1,32290,32290,5812.2,38102.2
INV02179,2026-02-24,Customer2179,Product9,3,4798,14394,2590.92,16984.92
INV02180,2026-02-25,Customer2180,Product15,4,35840,143360,25804.8,169164.8
INV02181,2026-02-26,Customer2181,Product9,3,15379,46137,8304.66,54441.66
INV02182,2026-02-27,Customer2182,Product10,2,44005,88010,15841.8,103851.8
INV02183,2026-02-28,Customer2183,Product13,5,12209,61045,10988.1,72033.1
INV02184,2026-02-01,Customer2184,Product5,2,15929,31858,5734.44,37592.44
INV02185,2026-02-02,Customer2185,Product18,5,34492,172460,31042.8,203502.8
INV02186,2026-02-03,Customer2186,Product10,5,43413,217065,39071.7,256136.7
INV02187,2026-02-04,Customer2187,Product20,2,45864,91728,16511.04,108239.04000000001
INV02188,2026-02-05,Customer2188,Product18,3,3529,10587,1905.66,12492.66
INV02189,2026-02-06,Customer2189,Product15,5,24093,120465,21683.7,142148.7
INV02190,2026-02-07,Customer2190,Product3,1,29152,29152,5247.36,34399.36
INV02191,2026-02-08,Customer2191,Product4,2,45952,91904,16542.72,108446.72
INV02192,2026-02-09,Customer2192,Product17,3,5500,16500,2970.0,19470.0
INV02193,2026-02-10,Customer2193,Product12,5,30832,154160,27748.8,181908.8
INV02194,2026-02-11,Customer2194,Product8,1,10938,10938,1968.84,12906.84
INV02195,2026-02-12,Customer2195,Product15,4,47688,190752,34335.36,225087.36
INV02196,2026-02-13,Customer2196,Product18,3,8065,24195,4355.1,28550.1
INV02197,2026-02-14,Customer2197,Product16,1,13817,13817,2487.06,16304.06
INV02198,2026-02-15,Customer2198,Product15,3,16565,49695,8945.1,58640.1
INV02199,2026-02-16,Customer2199,Product12,4,3246,12984,2337.12,15321.119999999999
INV02200,2026-02-17,Customer2200,Product4,4,34231,136924,24646.32,161570.32
INV02201,2026-02-18,Customer2201,Product6,3,29596,88788,15981.84,104769.84
INV02202,2026-02-19,Customer2202,Product6,2,43383,86766,15617.88,102383.88
INV02203,2026-02-20,Customer2203,Product11,3,12358,37074,6673.32,43747.32
INV02204,2026-02-21,Customer2204,Product8,5,6847,34235,6162.3,40397.3
INV02205,2026-02-22,Customer2205,Product9,4,502,2008,361.44,2369.44
INV02206,2026-02-23,Customer2206,Product13,1,36000,36000,6480.0,42480.0
INV02207,2026-02-24,Customer2207,Product2,5,11534,57670,10380.6,68050.6
INV02208,2026-02-25,Customer2208,Product3,1,36680,36680,6602.4,43282.4
INV02209,2026-02-26,Customer2209,Product18,3,31674,95022,17103.96,112125.95999999999
INV02210,2026-02-27,Customer2210,Product7,4,10937,43748,7874.64,51622.64
INV02211,2026-02-28,Customer2211,Product18,1,6107,6107,1099.26,7206.26
INV02212,2026-02-01,Customer2212,Product11,3,1236,3708,667.44,4375.4400000000005
INV02213,2026-02-02,Customer2213,Product7,3,10281,30843,5551.74,36394.74
INV02214,2026-02-03,Customer2214,Product7,4,28339,113356,20404.08,133760.08000000002
INV02215,2026-02-04,Customer2215,Product7,4,43990,175960,31672.8,207632.8
INV02216,2026-02-05,Customer2216,Product16,1,3157,3157,568.26,3725.26
INV02217,2026-02-06,Customer2217,Product12,3,34820,104460,18802.8,123262.8
INV02218,2026-02-07,Customer2218,Product1,4,15071,60284,10851.12,71135.12
INV02219,2026-02-08,Customer2219,Product13,3,26880,80640,14515.2,95155.2
INV02220,2026-02-09,Customer2220,Product6,2,45721,91442,16459.56,107901.56
INV02221,2026-02-10,Customer2221,Product19,2,47727,95454,17181.72,112635.72
INV02222,2026-02-11,Customer2222,Product10,1,27125,27125,4882.5,32007.5
INV02223,2026-02-12,Customer2223,Product14,3,21787,65361,11764.98,77125.98
INV02224,2026-02-13,Customer2224,Product7,4,33749,134996,24299.28,159295.28
INV02225,2026-02-14,Customer2225,Product20,5,47912,239560,43120.8,282680.8
INV02226,2026-02-15,Customer2226,Product8,2,31818,63636,11454.48,75090.48
INV02227,2026-02-16,Customer2227,Product18,5,2842,14210,2557.8,16767.8
INV02228,2026-02-17,Customer2228,Product1,4,25530,102120,18381.6,120501.6
INV02229,2026-02-18,Customer2229,Product14,4,1809,7236,1302.48,8538.48
INV02230,2026-02-19,Customer2230,Product13,3,18503,55509,9991.62,65500.62
INV02231,2026-02-20,Customer2231,Product4,5,33770,168850,30393.0,199243.0
INV02232,2026-02-21,Customer2232,Product2,3,43639,130917,23565.06,154482.06
INV02233,2026-02-22,Customer2233,Product9,2,49886,99772,17958.96,117730.95999999999
INV02234,2026-02-23,Customer2234,Product14,3,36296,108888,19599.84,128487.84
INV02235,2026-02-24,Customer2235,Product16,1,19839,19839,3571.02,23410.02
INV02236,2026-02-25,Customer2236,Product3,5,6447,32235,5802.3,38037.3
INV02237,2026-02-26,Customer2237,Product3,3,984,2952,531.36,3483.36
INV02238,2026-02-27,Customer2238,Product17,1,34401,34401,6192.18,40593.18
INV02239,2026-02-28,Customer2239,Product3,4,14338,57352,10323.36,67675.36
INV02240,2026-02-01,Customer2240,Product16,3,34450,103350,18603.0,121953.0
INV02241,2026-02-02,Customer2241,Product3,3,39777,119331,21479.58,140810.58000000002
INV02242,2026-02-03,Customer2242,Product19,5,3659,18295,3293.1,21588.1
INV02243,2026-02-04,Customer2243,Product9,1,24075,24075,4333.5,28408.5
INV02244,2026-02-05,Customer2244,Product18,4,25819,103276,18589.68,121865.68
INV02245,2026-02-06,Customer2245,Product1,3,48124,144372,25986.96,170358.96
INV02246,2026-02-07,Customer2246,Product18,4,14961,59844,10771.92,70615.92
INV02247,2026-02-08,Customer2247,Product11,2,47970,95940,17269.2,113209.2
INV02248,2026-02-09,Customer2248,Product6,5,47272,236360,42544.8,278904.8
INV02249,2026-02-10,Customer2249,Product7,5,24198,120990,21778.2,142768.2
INV02250,2026-02-11,Customer2250,Product3,5,25171,125855,22653.9,148508.9
INV02251,2026-02-12,Customer2251,Product18,4,46470,185880,33458.4,219338.4
INV02252,2026-02-13,Customer2252,Product3,3,23033,69099,12437.82,81536.82
INV02253,2026-02-14,Customer2253,Product12,4,8946,35784,6441.12,42225.12
INV02254,2026-02-15,Customer2254,Product2,5,25252,126260,22726.8,148986.8
INV02255,2026-02-16,Customer2255,Product4,4,15292,61168,11010.24,72178.24
INV02256,2026-02-17,Customer2256,Product2,5,46765,233825,42088.5,275913.5
INV02257,2026-02-18,Customer2257,Product12,4,46588,186352,33543.36,219895.36
INV02258,2026-02-19,Customer2258,Product12,4,18773,75092,13516.56,88608.56
INV02259,2026-02-20,Customer2259,Product4,2,17933,35866,6455.88,42321.88
INV02260,2026-02-21,Customer2260,Product9,4,9669,38676,6961.68,45637.68
INV02261,2026-02-22,Customer2261,Product4,4,21715,86860,15634.8,102494.8
INV02262,2026-02-23,Customer2262,Product14,1,36251,36251,6525.18,42776.18
INV02263,2026-02-24,Customer2263,Product5,5,49806,249030,44825.4,293855.4
INV02264,2026-02-25,Customer2264,Product9,2,10412,20824,3748.32,24572.32
INV02265,2026-02-26,Customer2265,Product9,5,18256,91280,16430.4,107710.4
INV02266,2026-02-27,Customer2266,Product14,2,42346,84692,15244.56,99936.56
INV02267,2026-02-28,Customer2267,Product8,3,25667,77001,13860.18,90861.18
INV02268,2026-02-01,Customer2268,Product5,2,47826,95652,17217.36,112869.36
INV02269,2026-02-02,Customer2269,Product6,1,40316,40316,7256.88,47572.88
INV02270,2026-02-03,Customer2270,Product10,2,22579,45158,8128.44,53286.44
INV02271,2026-02-04,Customer2271,Product16,4,33121,132484,23847.12,156331.12
INV02272,2026-02-05,Customer2272,Product15,5,26353,131765,23717.7,155482.7
INV02273,2026-02-06,Customer2273,Product4,5,10466,52330,9419.4,61749.4
INV02274,2026-02-07,Customer2274,Product7,1,36567,36567,6582.06,43149.06
INV02275,2026-02-08,Customer2275,Product1,5,13347,66735,12012.3,78747.3
INV02276,2026-02-09,Customer2276,Product10,3,35868,107604,19368.72,126972.72
INV02277,2026-02-10,Customer2277,Product17,1,35517,35517,6393.06,41910.06
INV02278,2026-02-11,Customer2278,Product12,5,47134,235670,42420.6,278090.6
INV02279,2026-02-12,Customer2279,Product15,1,33846,33846,6092.28,39938.28
INV02280,2026-02-13,Customer2280,Product7,2,38948,77896,14021.28,91917.28
INV02281,2026-02-14,Customer2281,Product4,3,47888,143664,25859.52,169523.52
INV02282,2026-02-15,Customer2282,Product2,3,10442,31326,5638.68,36964.68
INV02283,2026-02-16,Customer2283,Product4,2,42258,84516,15212.88,99728.88
INV02284,2026-02-17,Customer2284,Product15,3,8825,26475,4765.5,31240.5
INV02285,2026-02-18,Customer2285,Product20,2,45048,90096,16217.28,106313.28
INV02286,2026-02-19,Customer2286,Product18,2,31824,63648,11456.64,75104.64
INV02287,2026-02-20,Customer2287,Product15,4,33333,133332,23999.76,157331.76
INV02288,2026-02-21,Customer2288,Product10,4,31101,124404,22392.72,146796.72
INV02289,2026-02-22,Customer2289,Product7,1,25491,25491,4588.38,30079.38
INV02290,2026-02-23,Customer2290,Product9,5,27287,136435,24558.3,160993.3
INV02291,2026-02-24,Customer2291,Product4,1,31885,31885,5739.3,37624.3
INV02292,2026-02-25,Customer2292,Product18,5,17056,85280,15350.4,100630.4
INV02293,2026-02-26,Customer2293,Product19,1,13033,13033,2345.94,15378.94
INV02294,2026-02-27,Customer2294,Product15,3,24142,72426,13036.68,85462.68
INV02295,2026-02-28,Customer2295,Product9,5,32345,161725,29110.5,190835.5
INV02296,2026-02-01,Customer2296,Product3,1,26517,26517,4773.06,31290.06
INV02297,2026-02-02,Customer2297,Product15,5,32089,160445,28880.1,189325.1
INV02298,2026-02-03,Customer2298,Product15,1,39049,39049,7028.82,46077.82
INV02299,2026-02-04,Customer2299,Product13,3,43057,129171,23250.78,152421.78
INV02300,2026-02-05,Customer2300,Product9,2,10365,20730,3731.4,24461.4
INV02301,2026-02-06,Customer2301,Product4,1,20873,20873,3757.14,24630.14
INV02302,2026-02-07,Customer2302,Product16,4,47762,191048,34388.64,225436.64
INV02303,2026-02-08,Customer2303,Product7,3,30689,92067,16572.06,108639.06
INV02304,2026-02-09,Customer2304,Product1,1,34433,34433,6197.94,40630.94
INV02305,2026-02-10,Customer2305,Product3,3,40374,121122,21801.96,142923.96
INV02306,2026-02-11,Customer2306,Product11,1,36302,36302,6534.36,42836.36
INV02307,2026-02-12,Customer2307,Product12,2,3301,6602,1188.36,7790.36
INV02308,2026-02-13,Customer2308,Product10,2,38500,77000,13860.0,90860.0
INV02309,2026-02-14,Customer2309,Product17,2,2906,5812,1046.16,6858.16
INV02310,2026-02-15,Customer2310,Product16,3,23916,71748,12914.64,84662.64
INV02311,2026-02-16,Customer2311,Product2,4,12880,51520,9273.6,60793.6
INV02312,2026-02-17,Customer2312,Product6,2,42963,85926,15466.68,101392.68
INV02313,2026-02-18,Customer2313,Product14,5,15236,76180,13712.4,89892.4
INV02314,2026-02-19,Customer2314,Product16,5,35209,176045,31688.1,207733.1
INV02315,2026-02-20,Customer2315,Product20,3,4731,14193,2554.74,16747.739999999998
INV02316,2026-02-21,Customer2316,Product16,4,36037,144148,25946.64,170094.64
INV02317,2026-02-22,Customer2317,Product8,3,1920,5760,1036.8,6796.8
INV02318,2026-02-23,Customer2318,Product3,1,42753,42753,7695.54,50448.54
INV02319,2026-02-24,Customer2319,Product15,1,49252,49252,8865.36,58117.36
INV02320,2026-02-25,Customer2320,Product3,5,23865,119325,21478.5,140803.5
INV02321,2026-02-26,Customer2321,Product5,2,24733,49466,8903.88,58369.88
INV02322,2026-02-27,Customer2322,Product16,2,14387,28774,5179.32,33953.32
INV02323,2026-02-28,Customer2323,Product3,3,25679,77037,13866.66,90903.66
INV02324,2026-02-01,Customer2324,Product2,1,5559,5559,1000.62,6559.62
INV02325,2026-02-02,Customer2325,Product3,2,36883,73766,13277.88,87043.88
INV02326,2026-02-03,Customer2326,Product1,4,22177,88708,15967.44,104675.44
INV02327,2026-02-04,Customer2327,Product13,3,26812,80436,14478.48,94914.48
INV02328,2026-02-05,Customer2328,Product6,1,17644,17644,3175.92,20819.92
INV02329,2026-02-06,Customer2329,Product17,1,29991,29991,5398.38,35389.38
INV02330,2026-02-07,Customer2330,Product17,2,45855,91710,16507.8,108217.8
INV02331,2026-02-08,Customer2331,Product18,5,2555,12775,2299.5,15074.5
INV02332,2026-02-09,Customer2332,Product8,1,1930,1930,347.4,2277.4
INV02333,2026-02-10,Customer2333,Product10,5,34084,170420,30675.6,201095.6
INV02334,2026-02-11,Customer2334,Product12,1,1273,1273,229.14,1502.1399999999999
INV02335,2026-02-12,Customer2335,Product18,4,32441,129764,23357.52,153121.52
INV02336,2026-02-13,Customer2336,Product17,4,49665,198660,35758.8,234418.8
INV02337,2026-02-14,Customer2337,Product19,2,30797,61594,11086.92,72680.92
INV02338,2026-02-15,Customer2338,Product20,5,5425,27125,4882.5,32007.5
INV02339,2026-02-16,Customer2339,Product9,5,15349,76745,13814.1,90559.1
INV02340,2026-02-17,Customer2340,Product12,2,46840,93680,16862.4,110542.4
INV02341,2026-02-18,Customer2341,Product18,3,11763,35289,6352.02,41641.020000000004
INV02342,2026-02-19,Customer2342,Product12,4,21097,84388,15189.84,99577.84
INV02343,2026-02-20,Customer2343,Product16,1,30216,30216,5438.88,35654.88
INV02344,2026-02-21,Customer2344,Product2,1,18352,18352,3303.36,21655.36
INV02345,2026-02-22,Customer2345,Product19,5,2634,13170,2370.6,15540.6
INV02346,2026-02-23,Customer2346,Product12,3,12255,36765,6617.7,43382.7
INV02347,2026-02-24,Customer2347,Product1,1,33155,33155,5967.9,39122.9
INV02348,2026-02-25,Customer2348,Product16,5,27124,135620,24411.6,160031.6
INV02349,2026-02-26,Customer2349,Product14,4,29215,116860,21034.8,137894.8
INV02350,2026-02-27,Customer2350,Product15,4,20886,83544,15037.92,98581.92
INV02351,2026-02-28,Customer2351,Product6,1,43333,43333,7799.94,51132.94
INV02352,2026-02-01,Customer2352,Product19,4,19341,77364,13925.52,91289.52
INV02353,2026-02-02,Customer2353,Product11,5,31514,157570,28362.6,185932.6
INV02354,2026-02-03,Customer2354,Product13,2,45211,90422,16275.96,106697.95999999999
INV02355,2026-02-04,Customer2355,Product13,2,12996,25992,4678.56,30670.56
INV02356,2026-02-05,Customer2356,Product14,2,45714,91428,16457.04,107885.04000000001
INV02357,2026-02-06,Customer2357,Product16,3,20928,62784,11301.12,74085.12
INV02358,2026-02-07,Customer2358,Product16,1,49294,49294,8872.92,58166.92
INV02359,2026-02-08,Customer2359,Product14,4,42971,171884,30939.12,202823.12
INV02360,2026-02-09,Customer2360,Product4,5,41296,206480,37166.4,243646.4
INV02361,2026-02-10,Customer2361,Product20,2,1276,2552,459.36,3011.36
INV02362,2026-02-11,Customer2362,Product4,5,49959,249795,44963.1,294758.1
INV02363,2026-02-12,Customer2363,Product9,3,35245,105735,19032.3,124767.3
INV02364,2026-02-13,Customer2364,Product11,4,17251,69004,12420.72,81424.72
INV02365,2026-02-14,Customer2365,Product8,4,6135,24540,4417.2,28957.2
INV02366,2026-02-15,Customer2366,Product10,3,48282,144846,26072.28,170918.28
INV02367,2026-02-16,Customer2367,Product8,2,36575,73150,13167.0,86317.0
INV02368,2026-02-17,Customer2368,Product5,3,33169,99507,17911.26,117418.26
INV02369,2026-02-18,Customer2369,Product2,4,19354,77416,13934.88,91350.88
INV02370,2026-02-19,Customer2370,Product6,5,46584,232920,41925.6,274845.6
INV02371,2026-02-20,Customer2371,Product3,4,15501,62004,11160.72,73164.72
INV02372,2026-02-21,Customer2372,Product12,2,49264,98528,17735.04,116263.04000000001
INV02373,2026-02-22,Customer2373,Product1,5,36433,182165,32789.7,214954.7
INV02374,2026-02-23,Customer2374,Product14,4,13026,52104,9378.72,61482.72
INV02375,2026-02-24,Customer2375,Product4,4,23096,92384,16629.12,109013.12
INV02376,2026-02-25,Customer2376,Product17,2,43770,87540,15757.2,103297.2
INV02377,2026-02-26,Customer2377,Product6,4,38277,153108,27559.44,180667.44
INV02378,2026-02-27,Customer2378,Product6,4,33264,133056,23950.08,157006.08000000002
INV02379,2026-02-28,Customer2379,Product20,4,39435,157740,28393.2,186133.2
INV02380,2026-02-01,Customer2380,Product3,4,31494,125976,22675.68,148651.68
INV02381,2026-02-02,Customer2381,Product17,4,40243,160972,28974.96,189946.96
INV02382,2026-02-03,Customer2382,Product2,4,946,3784,681.12,4465.12
INV02383,2026-02-04,Customer2383,Product8,1,13089,13089,2356.02,15445.02
INV02384,2026-02-05,Customer2384,Product1,3,7867,23601,4248.18,27849.18
INV02385,2026-02-06,Customer2385,Product3,4,44792,179168,32250.24,211418.24
INV02386,2026-02-07,Customer2386,Product9,2,48279,96558,17380.44,113938.44
INV02387,2026-02-08,Customer2387,Product16,3,23276,69828,12569.04,82397.04000000001
INV02388,2026-02-09,Customer2388,Product19,1,31562,31562,5681.16,37243.16
INV02389,2026-02-10,Customer2389,Product12,5,4992,24960,4492.8,29452.8
INV02390,2026-02-11,Customer2390,Product4,4,34904,139616,25130.88,164746.88
INV02391,2026-02-12,Customer2391,Product17,4,8474,33896,6101.28,39997.28
INV02392,2026-02-13,Customer2392,Product14,3,31025,93075,16753.5,109828.5
INV02393,2026-02-14,Customer2393,Product8,2,36896,73792,13282.56,87074.56
INV02394,2026-02-15,Customer2394,Product20,4,32099,128396,23111.28,151507.28
INV02395,2026-02-16,Customer2395,Product15,3,8100,24300,4374.0,28674.0
INV02396,2026-02-17,Customer2396,Product10,1,45825,45825,8248.5,54073.5
INV02397,2026-02-18,Customer2397,Product14,5,1473,7365,1325.7,8690.7
INV02398,2026-02-19,Customer2398,Product16,2,43663,87326,15718.68,103044.68
INV02399,2026-02-20,Customer2399,Product5,2,12359,24718,4449.24,29167.239999999998
INV02400,2026-02-21,Customer2400,Product7,2,18429,36858,6634.44,43492.44
INV02401,2026-02-22,Customer2401,Product12,4,2709,10836,1950.48,12786.48
INV02402,2026-02-23,Customer2402,Product8,1,40919,40919,7365.42,48284.42
INV02403,2026-02-24,Customer2403,Product2,3,13138,39414,7094.52,46508.520000000004
INV02404,2026-02-25,Customer2404,Product10,1,5655,5655,1017.9,6672.9
INV02405,2026-02-26,Customer2405,Product10,2,31917,63834,11490.12,75324.12
INV02406,2026-02-27,Customer2406,Product10,4,19351,77404,13932.72,91336.72
INV02407,2026-02-28,Customer2407,Product13,1,527,527,94.86,621.86
INV02408,2026-02-01,Customer2408,Product3,5,40384,201920,36345.6,238265.6
INV02409,2026-02-02,Customer2409,Product16,2,39153,78306,14095.08,92401.08
INV02410,2026-02-03,Customer2410,Product7,2,41134,82268,14808.24,97076.24
INV02411,2026-02-04,Customer2411,Product16,5,2488,12440,2239.2,14679.2
INV02412,2026-02-05,Customer2412,Product8,5,49947,249735,44952.3,294687.3
INV02413,2026-02-06,Customer2413,Product12,4,14810,59240,10663.2,69903.2
INV02414,2026-02-07,Customer2414,Product10,5,42064,210320,37857.6,248177.6
INV02415,2026-02-08,Customer2415,Product18,4,19780,79120,14241.6,93361.6
INV02416,2026-02-09,Customer2416,Product3,2,12196,24392,4390.56,28782.56
INV02417,2026-02-10,Customer2417,Product8,1,37049,37049,6668.82,43717.82
INV02418,2026-02-11,Customer2418,Product6,5,41884,209420,37695.6,247115.6
INV02419,2026-02-12,Customer2419,Product7,2,24918,49836,8970.48,58806.479999999996
INV02420,2026-02-13,Customer2420,Product3,3,32128,96384,17349.12,113733.12
INV02421,2026-02-14,Customer2421,Product6,5,16926,84630,15233.4,99863.4
INV02422,2026-02-15,Customer2422,Product3,5,9597,47985,8637.3,56622.3
INV02423,2026-02-16,Customer2423,Product12,5,24492,122460,22042.8,144502.8
INV02424,2026-02-17,Customer2424,Product19,2,20175,40350,7263.0,47613.0
INV02425,2026-02-18,Customer2425,Product14,2,8620,17240,3103.2,20343.2
INV02426,2026-02-19,Customer2426,Product19,4,31023,124092,22336.56,146428.56
INV02427,2026-02-20,Customer2427,Product18,4,26357,105428,18977.04,124405.04000000001
INV02428,2026-02-21,Customer2428,Product19,3,4639,13917,2505.06,16422.06
INV02429,2026-02-22,Customer2429,Product13,2,15905,31810,5725.8,37535.8
INV02430,2026-02-23,Customer2430,Product13,4,31374,125496,22589.28,148085.28
INV02431,2026-02-24,Customer2431,Product1,5,4042,20210,3637.8,23847.8
INV02432,2026-02-25,Customer2432,Product11,3,29691,89073,16033.14,105106.14
INV02433,2026-02-26,Customer2433,Product6,4,1145,4580,824.4,5404.4
INV02434,2026-02-27,Customer2434,Product9,1,41595,41595,7487.1,49082.1
INV02435,2026-02-28,Customer2435,Product7,2,6862,13724,2470.32,16194.32
INV02436,2026-02-01,Customer2436,Product9,4,45865,183460,33022.8,216482.8
INV02437,2026-02-02,Customer2437,Product17,4,24986,99944,17989.92,117933.92
INV02438,2026-02-03,Customer2438,Product4,4,19884,79536,14316.48,93852.48
INV02439,2026-02-04,Customer2439,Product2,5,41702,208510,37531.8,246041.8
INV02440,2026-02-05,Customer2440,Product14,1,33005,33005,5940.9,38945.9
INV02441,2026-02-06,Customer2441,Product8,4,44972,179888,32379.84,212267.84
INV02442,2026-02-07,Customer2442,Product5,5,12019,60095,10817.1,70912.1
INV02443,2026-02-08,Customer2443,Product1,5,48407,242035,43566.3,285601.3
INV02444,2026-02-09,Customer2444,Product14,2,43495,86990,15658.2,102648.2
INV02445,2026-02-10,Customer2445,Product16,5,13345,66725,12010.5,78735.5
INV02446,2026-02-11,Customer2446,Product18,5,23210,116050,20889.0,136939.0
INV02447,2026-02-12,Customer2447,Product6,3,41285,123855,22293.9,146148.9
INV02448,2026-02-13,Customer2448,Product12,1,33537,33537,6036.66,39573.66
INV02449,2026-02-14,Customer2449,Product9,3,22782,68346,12302.28,80648.28
INV02450,2026-02-15,Customer2450,Product4,1,40517,40517,7293.06,47810.06
INV02451,2026-02-16,Customer2451,Product14,5,44183,220915,39764.7,260679.7
INV02452,2026-02-17,Customer2452,Product20,5,36749,183745,33074.1,216819.1
INV02453,2026-02-18,Customer2453,Product6,3,17756,53268,9588.24,62856.24
INV02454,2026-02-19,Customer2454,Product16,1,15848,15848,2852.64,18700.64
INV02455,2026-02-20,Customer2455,Product17,3,32808,98424,17716.32,116140.32
INV02456,2026-02-21,Customer2456,Product19,2,31531,63062,11351.16,74413.16
INV02457,2026-02-22,Customer2457,Product9,1,8162,8162,1469.16,9631.16
INV02458,2026-02-23,Customer2458,Product7,1,36874,36874,6637.32,43511.32
INV02459,2026-02-24,Customer2459,Product13,4,11726,46904,8442.72,55346.72
INV02460,2026-02-25,Customer2460,Product7,5,40117,200585,36105.3,236690.3
INV02461,2026-02-26,Customer2461,Product4,5,32796,163980,29516.4,193496.4
INV02462,2026-02-27,Customer2462,Product19,2,1188,2376,427.68,2803.68
INV02463,2026-02-28,Customer2463,Product13,2,9325,18650,3357.0,22007.0
INV02464,2026-02-01,Customer2464,Product9,5,40123,200615,36110.7,236725.7
INV02465,2026-02-02,Customer2465,Product6,4,18028,72112,12980.16,85092.16
INV02466,2026-02-03,Customer2466,Product5,3,48748,146244,26323.92,172567.91999999998
INV02467,2026-02-04,Customer2467,Product11,3,30002,90006,16201.08,106207.08
INV02468,2026-02-05,Customer2468,Product8,1,18969,18969,3414.42,22383.42
INV02469,2026-02-06,Customer2469,Product5,3,13304,39912,7184.16,47096.16
INV02470,2026-02-07,Customer2470,Product17,4,4493,17972,3234.96,21206.96
INV02471,2026-02-08,Customer2471,Product15,1,15620,15620,2811.6,18431.6
INV02472,2026-02-09,Customer2472,Product5,1,43663,43663,7859.34,51522.34
INV02473,2026-02-10,Customer2473,Product8,3,6428,19284,3471.12,22755.12
INV02474,2026-02-11,Customer2474,Product12,4,11368,45472,8184.96,53656.96
INV02475,2026-02-12,Customer2475,Product1,3,4082,12246,2204.28,14450.28
INV02476,2026-02-13,Customer2476,Product4,2,44130,88260,15886.8,104146.8
INV02477,2026-02-14,Customer2477,Product11,4,49685,198740,35773.2,234513.2
INV02478,2026-02-15,Customer2478,Product4,5,11793,58965,10613.7,69578.7
INV02479,2026-02-16,Customer2479,Product19,5,14955,74775,13459.5,88234.5
INV02480,2026-02-17,Customer2480,Product15,2,23658,47316,8516.88,55832.88
INV02481,2026-02-18,Customer2481,Product15,1,39996,39996,7199.28,47195.28
INV02482,2026-02-19,Customer2482,Product14,2,990,1980,356.4,2336.4
INV02483,2026-02-20,Customer2483,Product16,1,35515,35515,6392.7,41907.7
INV02484,2026-02-21,Customer2484,Product4,5,46936,234680,42242.4,276922.4
INV02485,2026-02-22,Customer2485,Product14,3,42155,126465,22763.7,149228.7
INV02486,2026-02-23,Customer2486,Product13,4,24328,97312,17516.16,114828.16
INV02487,2026-02-24,Customer2487,Product1,2,37161,74322,13377.96,87699.95999999999
INV02488,2026-02-25,Customer2488,Product4,2,20951,41902,7542.36,49444.36
INV02489,2026-02-26,Customer2489,Product14,3,22317,66951,12051.18,79002.18
INV02490,2026-02-27,Customer2490,Product1,2,10942,21884,3939.12,25823.12
INV02491,2026-02-28,Customer2491,Product12,4,5382,21528,3875.04,25403.04
INV02492,2026-02-01,Customer2492,Product9,2,32395,64790,11662.2,76452.2
INV02493,2026-02-02,Customer2493,Product15,4,16903,67612,12170.16,79782.16
INV02494,2026-02-03,Customer2494,Product3,2,14331,28662,5159.16,33821.16
INV02495,2026-02-04,Customer2495,Product18,3,34452,103356,18604.08,121960.08
INV02496,2026-02-05,Customer2496,Product18,2,3728,7456,1342.08,8798.08
INV02497,2026-02-06,Customer2497,Product11,4,23073,92292,16612.56,108904.56
INV02498,2026-02-07,Customer2498,Product4,5,26854,134270,24168.6,158438.6
INV02499,2026-02-08,Customer2499,Product4,3,36653,109959,19792.62,129751.62
INV02500,2026-02-09,Customer2500,Product2,3,49769,149307,26875.26,176182.26
INV02501,2026-02-10,Customer2501,Product16,3,31526,94578,17024.04,111602.04000000001
INV02502,2026-02-11,Customer2502,Product9,5,6978,34890,6280.2,41170.2
INV02503,2026-02-12,Customer2503,Product11,4,38512,154048,27728.64,181776.64
INV02504,2026-02-13,Customer2504,Product11,5,47450,237250,42705.0,279955.0
INV02505,2026-02-14,Customer2505,Product18,4,48217,192868,34716.24,227584.24
INV02506,2026-02-15,Customer2506,Product18,5,40160,200800,36144.0,236944.0
INV02507,2026-02-16,Customer2507,Product20,1,32869,32869,5916.42,38785.42
INV02508,2026-02-17,Customer2508,Product5,1,45603,45603,8208.54,53811.54
INV02509,2026-02-18,Customer2509,Product13,4,23250,93000,16740.0,109740.0
INV02510,2026-02-19,Customer2510,Product11,2,20042,40084,7215.12,47299.12
INV02511,2026-02-20,Customer2511,Product5,2,41968,83936,15108.48,99044.48
INV02512,2026-02-21,Customer2512,Product10,3,14363,43089,7756.02,50845.020000000004
INV02513,2026-02-22,Customer2513,Product9,2,35747,71494,12868.92,84362.92
INV02514,2026-02-23,Customer2514,Product4,1,15171,15171,2730.78,17901.78
INV02515,2026-02-24,Customer2515,Product19,2,12559,25118,4521.24,29639.239999999998
INV02516,2026-02-25,Customer2516,Product15,3,48886,146658,26398.44,173056.44
INV02517,2026-02-26,Customer2517,Product19,2,46426,92852,16713.36,109565.36
INV02518,2026-02-27,Customer2518,Product17,4,4718,18872,3396.96,22268.96
INV02519,2026-02-28,Customer2519,Product18,1,14722,14722,2649.96,17371.96
INV02520,2026-02-01,Customer2520,Product8,2,4036,8072,1452.96,9524.96
INV02521,2026-02-02,Customer2521,Product15,2,34920,69840,12571.2,82411.2
INV02522,2026-02-03,Customer2522,Product14,4,41962,167848,30212.64,198060.64
INV02523,2026-02-04,Customer2523,Product8,2,48003,96006,17281.08,113287.08
INV02524,2026-02-05,Customer2524,Product4,2,43338,86676,15601.68,102277.68
INV02525,2026-02-06,Customer2525,Product14,5,27935,139675,25141.5,164816.5
INV02526,2026-02-07,Customer2526,Product10,4,22233,88932,16007.76,104939.76
INV02527,2026-02-08,Customer2527,Product14,4,23074,92296,16613.28,108909.28
INV02528,2026-02-09,Customer2528,Product18,4,44326,177304,31914.72,209218.72
INV02529,2026-02-10,Customer2529,Product12,4,28604,114416,20594.88,135010.88
INV02530,2026-02-11,Customer2530,Product3,2,47451,94902,17082.36,111984.36
INV02531,2026-02-12,Customer2531,Product19,4,19081,76324,13738.32,90062.32
INV02532,2026-02-13,Customer2532,Product9,3,48258,144774,26059.32,170833.32
INV02533,2026-02-14,Customer2533,Product3,3,9799,29397,5291.46,34688.46
INV02534,2026-02-15,Customer2534,Product11,1,24721,24721,4449.78,29170.78
INV02535,2026-02-16,Customer2535,Product3,1,33535,33535,6036.3,39571.3
INV02536,2026-02-17,Customer2536,Product20,5,38015,190075,34213.5,224288.5
INV02537,2026-02-18,Customer2537,Product3,5,4350,21750,3915.0,25665.0
INV02538,2026-02-19,Customer2538,Product12,1,16117,16117,2901.06,19018.06
INV02539,2026-02-20,Customer2539,Product4,2,8982,17964,3233.52,21197.52
INV02540,2026-02-21,Customer2540,Product9,3,21459,64377,11587.86,75964.86
INV02541,2026-02-22,Customer2541,Product8,2,46984,93968,16914.24,110882.24
INV02542,2026-02-23,Customer2542,Product8,3,31953,95859,17254.62,113113.62
INV02543,2026-02-24,Customer2543,Product12,4,12913,51652,9297.36,60949.36
INV02544,2026-02-25,Customer2544,Product9,4,48738,194952,35091.36,230043.36
INV02545,2026-02-26,Customer2545,Product18,3,2389,7167,1290.06,8457.06
INV02546,2026-02-27,Customer2546,Product10,1,5769,5769,1038.42,6807.42
INV02547,2026-02-28,Customer2547,Product16,4,13706,54824,9868.32,64692.32
INV02548,2026-02-01,Customer2548,Product17,3,44401,133203,23976.54,157179.54
INV02549,2026-02-02,Customer2549,Product7,1,10610,10610,1909.8,12519.8
INV02550,2026-02-03,Customer2550,Product1,4,35573,142292,25612.56,167904.56
INV02551,2026-02-04,Customer2551,Product12,5,4737,23685,4263.3,27948.3
INV02552,2026-02-05,Customer2552,Product14,3,8535,25605,4608.9,30213.9
INV02553,2026-02-06,Customer2553,Product8,3,44105,132315,23816.7,156131.7
INV02554,2026-02-07,Customer2554,Product5,1,25048,25048,4508.64,29556.64
INV02555,2026-02-08,Customer2555,Product2,5,42655,213275,38389.5,251664.5
INV02556,2026-02-09,Customer2556,Product16,5,16250,81250,14625.0,95875.0
INV02557,2026-02-10,Customer2557,Product1,5,29807,149035,26826.3,175861.3
INV02558,2026-02-11,Customer2558,Product7,5,12341,61705,11106.9,72811.9
INV02559,2026-02-12,Customer2559,Product20,1,5502,5502,990.36,6492.36
INV02560,2026-02-13,Customer2560,Product9,1,38959,38959,7012.62,45971.62
INV02561,2026-02-14,Customer2561,Product6,3,13561,40683,7322.94,48005.94
INV02562,2026-02-15,Customer2562,Product4,4,26958,107832,19409.76,127241.76
INV02563,2026-02-16,Customer2563,Product8,2,9755,19510,3511.8,23021.8
INV02564,2026-02-17,Customer2564,Product10,2,28381,56762,10217.16,66979.16
INV02565,2026-02-18,Customer2565,Product1,2,11598,23196,4175.28,27371.28
INV02566,2026-02-19,Customer2566,Product13,2,24783,49566,8921.88,58487.88
INV02567,2026-02-20,Customer2567,Product11,3,37036,111108,19999.44,131107.44
INV02568,2026-02-21,Customer2568,Product2,1,42267,42267,7608.06,49875.06
INV02569,2026-02-22,Customer2569,Product17,2,2714,5428,977.04,6405.04
INV02570,2026-02-23,Customer2570,Product1,1,24136,24136,4344.48,28480.48
INV02571,2026-02-24,Customer2571,Product7,2,23865,47730,8591.4,56321.4
INV02572,2026-02-25,Customer2572,Product4,5,31013,155065,27911.7,182976.7
INV02573,2026-02-26,Customer2573,Product19,3,2565,7695,1385.1,9080.1
INV02574,2026-02-27,Customer2574,Product5,1,26189,26189,4714.02,30903.02
INV02575,2026-02-28,Customer2575,Product14,3,27215,81645,14696.1,96341.1
INV02576,2026-02-01,Customer2576,Product20,3,23799,71397,12851.46,84248.45999999999
INV02577,2026-02-02,Customer2577,Product20,4,42865,171460,30862.8,202322.8
INV02578,2026-02-03,Customer2578,Product14,1,8242,8242,1483.56,9725.56
INV02579,2026-02-04,Customer2579,Product9,1,48853,48853,8793.54,57646.54
INV02580,2026-02-05,Customer2580,Product16,5,6506,32530,5855.4,38385.4
INV02581,2026-02-06,Customer2581,Product4,2,19109,38218,6879.24,45097.24
INV02582,2026-02-07,Customer2582,Product13,2,39974,79948,14390.64,94338.64
INV02583,2026-02-08,Customer2583,Product3,5,3871,19355,3483.9,22838.9
INV02584,2026-02-09,Customer2584,Product13,3,15649,46947,8450.46,55397.46
INV02585,2026-02-10,Customer2585,Product7,3,35361,106083,19094.94,125177.94
INV02586,2026-02-11,Customer2586,Product15,3,33864,101592,18286.56,119878.56
INV02587,2026-02-12,Customer2587,Product5,2,8899,17798,3203.64,21001.64
INV02588,2026-02-13,Customer2588,Product14,5,38720,193600,34848.0,228448.0
INV02589,2026-02-14,Customer2589,Product6,4,8393,33572,6042.96,39614.96
INV02590,2026-02-15,Customer2590,Product20,5,2190,10950,1971.0,12921.0
INV02591,2026-02-16,Customer2591,Product19,3,33206,99618,17931.24,117549.24
INV02592,2026-02-17,Customer2592,Product6,5,47383,236915,42644.7,279559.7
INV02593,2026-02-18,Customer2593,Product18,2,14072,28144,5065.92,33209.92
INV02594,2026-02-19,Customer2594,Product7,1,24805,24805,4464.9,29269.9
INV02595,2026-02-20,Customer2595,Product11,2,36619,73238,13182.84,86420.84
INV02596,2026-02-21,Customer2596,Product18,5,33453,167265,30107.7,197372.7
INV02597,2026-02-22,Customer2597,Product6,4,44576,178304,32094.72,210398.72
INV02598,2026-02-23,Customer2598,Product10,1,37369,37369,6726.42,44095.42
INV02599,2026-02-24,Customer2599,Product14,4,47548,190192,34234.56,224426.56
INV02600,2026-02-25,Customer2600,Product9,5,23243,116215,20918.7,137133.7
INV02601,2026-02-26,Customer2601,Product14,1,13795,13795,2483.1,16278.1
INV02602,2026-02-27,Customer2602,Product3,2,15021,30042,5407.56,35449.56
INV02603,2026-02-28,Customer2603,Product14,5,22171,110855,19953.9,130808.9
INV02604,2026-02-01,Customer2604,Product14,2,48507,97014,17462.52,114476.52
INV02605,2026-02-02,Customer2605,Product5,2,28999,57998,10439.64,68437.64
INV02606,2026-02-03,Customer2606,Product8,4,7864,31456,5662.08,37118.08
INV02607,2026-02-04,Customer2607,Product14,4,15990,63960,11512.8,75472.8
INV02608,2026-02-05,Customer2608,Product7,5,24389,121945,21950.1,143895.1
INV02609,2026-02-06,Customer2609,Product15,3,21160,63480,11426.4,74906.4
INV02610,2026-02-07,Customer2610,Product8,4,34514,138056,24850.08,162906.08000000002
INV02611,2026-02-08,Customer2611,Product9,3,11545,34635,6234.3,40869.3
INV02612,2026-02-09,Customer2612,Product3,4,34569,138276,24889.68,163165.68
INV02613,2026-02-10,Customer2613,Product7,5,49383,246915,44444.7,291359.7
INV02614,2026-02-11,Customer2614,Product10,4,21150,84600,15228.0,99828.0
INV02615,2026-02-12,Customer2615,Product17,4,25522,102088,18375.84,120463.84
INV02616,2026-02-13,Customer2616,Product19,1,47042,47042,8467.56,55509.56
INV02617,2026-02-14,Customer2617,Product17,1,35191,35191,6334.38,41525.38
INV02618,2026-02-15,Customer2618,Product19,2,40861,81722,14709.96,96431.95999999999
INV02619,2026-02-16,Customer2619,Product14,3,45500,136500,24570.0,161070.0
INV02620,2026-02-17,Customer2620,Product14,4,10031,40124,7222.32,47346.32
INV02621,2026-02-18,Customer2621,Product5,5,17518,87590,15766.2,103356.2
INV02622,2026-02-19,Customer2622,Product2,5,8805,44025,7924.5,51949.5
INV02623,2026-02-20,Customer2623,Product7,4,18123,72492,13048.56,85540.56
INV02624,2026-02-21,Customer2624,Product3,4,33017,132068,23772.24,155840.24
INV02625,2026-02-22,Customer2625,Product7,4,37938,151752,27315.36,179067.36
INV02626,2026-02-23,Customer2626,Product18,5,8456,42280,7610.4,49890.4
INV02627,2026-02-24,Customer2627,Product7,1,9665,9665,1739.7,11404.7
INV02628,2026-02-25,Customer2628,Product16,3,6606,19818,3567.24,23385.239999999998
INV02629,2026-02-26,Customer2629,Product2,4,23664,94656,17038.08,111694.08
INV02630,2026-02-27,Customer2630,Product10,3,21119,63357,11404.26,74761.26
INV02631,2026-02-28,Customer2631,Product12,4,32013,128052,23049.36,151101.36
INV02632,2026-02-01,Customer2632,Product18,3,18590,55770,10038.6,65808.6
INV02633,2026-02-02,Customer2633,Product19,5,34080,170400,30672.0,201072.0
INV02634,2026-02-03,Customer2634,Product12,2,41569,83138,14964.84,98102.84
INV02635,2026-02-04,Customer2635,Product8,4,29063,116252,20925.36,137177.36
INV02636,2026-02-05,Customer2636,Product9,5,8461,42305,7614.9,49919.9
INV02637,2026-02-06,Customer2637,Product13,1,16238,16238,2922.84,19160.84
INV02638,2026-02-07,Customer2638,Product5,1,46597,46597,8387.46,54984.46
INV02639,2026-02-08,Customer2639,Product16,1,21926,21926,3946.68,25872.68
INV02640,2026-02-09,Customer2640,Product12,1,43600,43600,7848.0,51448.0
INV02641,2026-02-10,Customer2641,Product18,2,11159,22318,4017.24,26335.239999999998
INV02642,2026-02-11,Customer2642,Product8,2,18617,37234,6702.12,43936.12
INV02643,2026-02-12,Customer2643,Product11,5,39487,197435,35538.3,232973.3
INV02644,2026-02-13,Customer2644,Product8,2,11939,23878,4298.04,28176.04
INV02645,2026-02-14,Customer2645,Product2,4,15952,63808,11485.44,75293.44
INV02646,2026-02-15,Customer2646,Product15,1,10792,10792,1942.56,12734.56
INV02647,2026-02-16,Customer2647,Product18,4,34513,138052,24849.36,162901.36
INV02648,2026-02-17,Customer2648,Product13,1,13732,13732,2471.76,16203.76
INV02649,2026-02-18,Customer2649,Product10,3,30545,91635,16494.3,108129.3
INV02650,2026-02-19,Customer2650,Product19,2,15793,31586,5685.48,37271.479999999996
INV02651,2026-02-20,Customer2651,Product20,5,16246,81230,14621.4,95851.4
INV02652,2026-02-21,Customer2652,Product11,2,8930,17860,3214.8,21074.8
INV02653,2026-02-22,Customer2653,Product14,2,23613,47226,8500.68,55726.68
INV02654,2026-02-23,Customer2654,Product20,5,30247,151235,27222.3,178457.3
INV02655,2026-02-24,Customer2655,Product17,1,27971,27971,5034.78,33005.78
INV02656,2026-02-25,Customer2656,Product17,3,781,2343,421.74,2764.74
INV02657,2026-02-26,Customer2657,Product18,3,17814,53442,9619.56,63061.56
INV02658,2026-02-27,Customer2658,Product16,2,45381,90762,16337.16,107099.16
INV02659,2026-02-28,Customer2659,Product20,3,7997,23991,4318.38,28309.38
INV02660,2026-02-01,Customer2660,Product10,5,32035,160175,28831.5,189006.5
INV02661,2026-02-02,Customer2661,Product14,2,7054,14108,2539.44,16647.44
INV02662,2026-02-03,Customer2662,Product17,4,21824,87296,15713.28,103009.28
INV02663,2026-02-04,Customer2663,Product18,5,45097,225485,40587.3,266072.3
INV02664,2026-02-05,Customer2664,Product5,5,28066,140330,25259.4,165589.4
INV02665,2026-02-06,Customer2665,Product12,5,24488,122440,22039.2,144479.2
INV02666,2026-02-07,Customer2666,Product8,1,30189,30189,5434.02,35623.020000000004
INV02667,2026-02-08,Customer2667,Product8,2,37584,75168,13530.24,88698.24
INV02668,2026-02-09,Customer2668,Product10,5,28380,141900,25542.0,167442.0
INV02669,2026-02-10,Customer2669,Product6,5,33057,165285,29751.3,195036.3
INV02670,2026-02-11,Customer2670,Product5,3,41451,124353,22383.54,146736.54
INV02671,2026-02-12,Customer2671,Product11,4,13823,55292,9952.56,65244.56
INV02672,2026-02-13,Customer2672,Product9,1,42025,42025,7564.5,49589.5
INV02673,2026-02-14,Customer2673,Product1,1,19109,19109,3439.62,22548.62
INV02674,2026-02-15,Customer2674,Product17,3,11904,35712,6428.16,42140.16
INV02675,2026-02-16,Customer2675,Product15,2,43784,87568,15762.24,103330.24
INV02676,2026-02-17,Customer2676,Product5,3,4687,14061,2530.98,16591.98
INV02677,2026-02-18,Customer2677,Product10,4,4650,18600,3348.0,21948.0
INV02678,2026-02-19,Customer2678,Product19,2,18005,36010,6481.8,42491.8
INV02679,2026-02-20,Customer2679,Product16,1,14332,14332,2579.76,16911.760000000002
INV02680,2026-02-21,Customer2680,Product11,1,35484,35484,6387.12,41871.12
INV02681,2026-02-22,Customer2681,Product6,3,34262,102786,18501.48,121287.48
INV02682,2026-02-23,Customer2682,Product16,5,29640,148200,26676.0,174876.0
INV02683,2026-02-24,Customer2683,Product13,3,40403,121209,21817.62,143026.62
INV02684,2026-02-25,Customer2684,Product6,4,9442,37768,6798.24,44566.24
INV02685,2026-02-26,Customer2685,Product4,1,11270,11270,2028.6,13298.6
INV02686,2026-02-27,Customer2686,Product7,2,27073,54146,9746.28,63892.28
INV02687,2026-02-28,Customer2687,Product10,4,41168,164672,29640.96,194312.96
INV02688,2026-02-01,Customer2688,Product17,5,19942,99710,17947.8,117657.8
INV02689,2026-02-02,Customer2689,Product3,4,42891,171564,30881.52,202445.52
INV02690,2026-02-03,Customer2690,Product4,5,26442,132210,23797.8,156007.8
INV02691,2026-02-04,Customer2691,Product11,5,32248,161240,29023.2,190263.2
INV02692,2026-02-05,Customer2692,Product15,5,538,2690,484.2,3174.2
INV02693,2026-02-06,Customer2693,Product7,5,45569,227845,41012.1,268857.1
INV02694,2026-02-07,Customer2694,Product1,3,37413,112239,20203.02,132442.02
INV02695,2026-02-08,Customer2695,Product2,3,13867,41601,7488.18,49089.18
INV02696,2026-02-09,Customer2696,Product5,1,7612,7612,1370.16,8982.16
INV02697,2026-02-10,Customer2697,Product15,3,12489,37467,6744.06,44211.06
INV02698,2026-02-11,Customer2698,Product13,3,36488,109464,19703.52,129167.52
INV02699,2026-02-12,Customer2699,Product6,2,48564,97128,17483.04,114611.04000000001
INV02700,2026-02-13,Customer2700,Product8,2,34567,69134,12444.12,81578.12
INV02701,2026-02-14,Customer2701,Product1,5,44965,224825,40468.5,265293.5
INV02702,2026-02-15,Customer2702,Product15,5,48891,244455,44001.9,288456.9
INV02703,2026-02-16,Customer2703,Product15,3,42796,128388,23109.84,151497.84
INV02704,2026-02-17,Customer2704,Product6,5,28712,143560,25840.8,169400.8
INV02705,2026-02-18,Customer2705,Product4,4,17100,68400,12312.0,80712.0
INV02706,2026-02-19,Customer2706,Product11,4,33928,135712,24428.16,160140.16
INV02707,2026-02-20,Customer2707,Product3,3,4133,12399,2231.82,14630.82
INV02708,2026-02-21,Customer2708,Product10,2,25126,50252,9045.36,59297.36
INV02709,2026-02-22,Customer2709,Product6,5,25466,127330,22919.4,150249.4
INV02710,2026-02-23,Customer2710,Product15,1,14255,14255,2565.9,16820.9
INV02711,2026-02-24,Customer2711,Product2,3,29806,89418,16095.24,105513.24
INV02712,2026-02-25,Customer2712,Product9,4,44422,177688,31983.84,209671.84
INV02713,2026-02-26,Customer2713,Product14,3,19930,59790,10762.2,70552.2
INV02714,2026-02-27,Customer2714,Product6,1,44394,44394,7990.92,52384.92
INV02715,2026-02-28,Customer2715,Product2,3,24286,72858,13114.44,85972.44
INV02716,2026-02-01,Customer2716,Product14,1,36059,36059,6490.62,42549.62
INV02717,2026-02-02,Customer2717,Product10,1,38621,38621,6951.78,45572.78
INV02718,2026-02-03,Customer2718,Product9,1,3977,3977,715.86,4692.86
INV02719,2026-02-04,Customer2719,Product13,3,22744,68232,12281.76,80513.76
INV02720,2026-02-05,Customer2720,Product6,2,33979,67958,12232.44,80190.44
INV02721,2026-02-06,Customer2721,Product1,4,29848,119392,21490.56,140882.56
INV02722,2026-02-07,Customer2722,Product19,3,4723,14169,2550.42,16719.42
INV02723,2026-02-08,Customer2723,Product2,3,7198,21594,3886.92,25480.92
INV02724,2026-02-09,Customer2724,Product12,3,38308,114924,20686.32,135610.32
INV02725,2026-02-10,Customer2725,Product20,2,38604,77208,13897.44,91105.44
INV02726,2026-02-11,Customer2726,Product12,2,26197,52394,9430.92,61824.92
INV02727,2026-02-12,Customer2727,Product14,3,33466,100398,18071.64,118469.64
INV02728,2026-02-13,Customer2728,Product9,5,16234,81170,14610.6,95780.6
INV02729,2026-02-14,Customer2729,Product12,5,715,3575,643.5,4218.5
INV02730,2026-02-15,Customer2730,Product1,1,28499,28499,5129.82,33628.82
INV02731,2026-02-16,Customer2731,Product15,4,9695,38780,6980.4,45760.4
INV02732,2026-02-17,Customer2732,Product6,4,742,2968,534.24,3502.24
INV02733,2026-02-18,Customer2733,Product11,3,44721,134163,24149.34,158312.34
INV02734,2026-02-19,Customer2734,Product14,3,6262,18786,3381.48,22167.48
INV02735,2026-02-20,Customer2735,Product5,4,44001,176004,31680.72,207684.72
INV02736,2026-02-21,Customer2736,Product20,1,20361,20361,3664.98,24025.98
INV02737,2026-02-22,Customer2737,Product2,5,40272,201360,36244.8,237604.8
INV02738,2026-02-23,Customer2738,Product3,3,11459,34377,6187.86,40564.86
INV02739,2026-02-24,Customer2739,Product16,2,46093,92186,16593.48,108779.48
INV02740,2026-02-25,Customer2740,Product12,3,40077,120231,21641.58,141872.58000000002
INV02741,2026-02-26,Customer2741,Product13,4,15077,60308,10855.44,71163.44
INV02742,2026-02-27,Customer2742,Product10,5,41265,206325,37138.5,243463.5
INV02743,2026-02-28,Customer2743,Product17,2,9885,19770,3558.6,23328.6
INV02744,2026-02-01,Customer2744,Product10,4,26551,106204,19116.72,125320.72
INV02745,2026-02-02,Customer2745,Product18,5,6903,34515,6212.7,40727.7
INV02746,2026-02-03,Customer2746,Product5,5,5042,25210,4537.8,29747.8
INV02747,2026-02-04,Customer2747,Product9,1,22622,22622,4071.96,26693.96
INV02748,2026-02-05,Customer2748,Product20,5,24677,123385,22209.3,145594.3
INV02749,2026-02-06,Customer2749,Product15,1,2009,2009,361.62,2370.62
INV02750,2026-02-07,Customer2750,Product18,2,25931,51862,9335.16,61197.16
INV02751,2026-02-08,Customer2751,Product5,5,4365,21825,3928.5,25753.5
INV02752,2026-02-09,Customer2752,Product16,5,30895,154475,27805.5,182280.5
INV02753,2026-02-10,Customer2753,Product13,5,19642,98210,17677.8,115887.8
INV02754,2026-02-11,Customer2754,Product20,4,33043,132172,23790.96,155962.96
INV02755,2026-02-12,Customer2755,Product17,1,42863,42863,7715.34,50578.34
INV02756,2026-02-13,Customer2756,Product13,2,49726,99452,17901.36,117353.36
INV02757,2026-02-14,Customer2757,Product13,5,17179,85895,15461.1,101356.1
INV02758,2026-02-15,Customer2758,Product6,3,2146,6438,1158.84,7596.84
INV02759,2026-02-16,Customer2759,Product3,3,29658,88974,16015.32,104989.32
INV02760,2026-02-17,Customer2760,Product10,1,48077,48077,8653.86,56730.86
INV02761,2026-02-18,Customer2761,Product18,4,14017,56068,10092.24,66160.24
INV02762,2026-02-19,Customer2762,Product14,4,19237,76948,13850.64,90798.64
INV02763,2026-02-20,Customer2763,Product2,3,3437,10311,1855.98,12166.98
INV02764,2026-02-21,Customer2764,Product11,1,14177,14177,2551.86,16728.86
INV02765,2026-02-22,Customer2765,Product5,4,11211,44844,8071.92,52915.92
INV02766,2026-02-23,Customer2766,Product20,3,32121,96363,17345.34,113708.34
INV02767,2026-02-24,Customer2767,Product2,3,11998,35994,6478.92,42472.92
INV02768,2026-02-25,Customer2768,Product16,1,41560,41560,7480.8,49040.8
INV02769,2026-02-26,Customer2769,Product19,5,47743,238715,42968.7,281683.7
INV02770,2026-02-27,Customer2770,Product9,5,48974,244870,44076.6,288946.6
INV02771,2026-02-28,Customer2771,Product17,3,17850,53550,9639.0,63189.0
INV02772,2026-02-01,Customer2772,Product3,5,19267,96335,17340.3,113675.3
INV02773,2026-02-02,Customer2773,Product2,3,15778,47334,8520.12,55854.12
INV02774,2026-02-03,Customer2774,Product15,2,43074,86148,15506.64,101654.64
INV02775,2026-02-04,Customer2775,Product18,5,20737,103685,18663.3,122348.3
INV02776,2026-02-05,Customer2776,Product7,4,46126,184504,33210.72,217714.72
INV02777,2026-02-06,Customer2777,Product6,2,3391,6782,1220.76,8002.76
INV02778,2026-02-07,Customer2778,Product2,1,9326,9326,1678.68,11004.68
INV02779,2026-02-08,Customer2779,Product18,1,14809,14809,2665.62,17474.62
INV02780,2026-02-09,Customer2780,Product10,2,4208,8416,1514.88,9930.880000000001
INV02781,2026-02-10,Customer2781,Product12,4,10586,42344,7621.92,49965.92
INV02782,2026-02-11,Customer2782,Product9,4,12246,48984,8817.12,57801.12
INV02783,2026-02-12,Customer2783,Product18,5,19200,96000,17280.0,113280.0
INV02784,2026-02-13,Customer2784,Product2,4,35346,141384,25449.12,166833.12
INV02785,2026-02-14,Customer2785,Product19,4,19045,76180,13712.4,89892.4
INV02786,2026-02-15,Customer2786,Product10,5,23411,117055,21069.9,138124.9
INV02787,2026-02-16,Customer2787,Product17,2,28127,56254,10125.72,66379.72
INV02788,2026-02-17,Customer2788,Product15,3,24283,72849,13112.82,85961.82
INV02789,2026-02-18,Customer2789,Product4,1,18883,18883,3398.94,22281.94
INV02790,2026-02-19,Customer2790,Product6,2,23719,47438,8538.84,55976.84
INV02791,2026-02-20,Customer2791,Product18,2,31591,63182,11372.76,74554.76
INV02792,2026-02-21,Customer2792,Product14,5,3527,17635,3174.3,20809.3
INV02793,2026-02-22,Customer2793,Product9,3,9575,28725,5170.5,33895.5
INV02794,2026-02-23,Customer2794,Product8,3,33499,100497,18089.46,118586.45999999999
INV02795,2026-02-24,Customer2795,Product10,4,11089,44356,7984.08,52340.08
INV02796,2026-02-25,Customer2796,Product1,1,4270,4270,768.6,5038.6
INV02797,2026-02-26,Customer2797,Product11,1,15686,15686,2823.48,18509.48
INV02798,2026-02-27,Customer2798,Product9,2,35846,71692,12904.56,84596.56
INV02799,2026-02-28,Customer2799,Product7,3,11795,35385,6369.3,41754.3
INV02800,2026-02-01,Customer2800,Product8,2,43465,86930,15647.4,102577.4
INV02801,2026-02-02,Customer2801,Product12,5,13277,66385,11949.3,78334.3
INV02802,2026-02-03,Customer2802,Product16,3,12439,37317,6717.06,44034.06
INV02803,2026-02-04,Customer2803,Product9,5,572,2860,514.8,3374.8
INV02804,2026-02-05,Customer2804,Product2,2,39529,79058,14230.44,93288.44
INV02805,2026-02-06,Customer2805,Product19,2,3695,7390,1330.2,8720.2
INV02806,2026-02-07,Customer2806,Product14,5,43408,217040,39067.2,256107.2
INV02807,2026-02-08,Customer2807,Product14,1,48941,48941,8809.38,57750.38
INV02808,2026-02-09,Customer2808,Product19,4,25312,101248,18224.64,119472.64
INV02809,2026-02-10,Customer2809,Product14,4,48798,195192,35134.56,230326.56
INV02810,2026-02-11,Customer2810,Product9,5,32521,162605,29268.9,191873.9
INV02811,2026-02-12,Customer2811,Product1,5,30240,151200,27216.0,178416.0
INV02812,2026-02-13,Customer2812,Product19,4,47823,191292,34432.56,225724.56
INV02813,2026-02-14,Customer2813,Product8,4,36683,146732,26411.76,173143.76
INV02814,2026-02-15,Customer2814,Product2,1,6631,6631,1193.58,7824.58
INV02815,2026-02-16,Customer2815,Product2,3,43800,131400,23652.0,155052.0
INV02816,2026-02-17,Customer2816,Product7,4,1569,6276,1129.68,7405.68
INV02817,2026-02-18,Customer2817,Product4,2,17053,34106,6139.08,40245.08
INV02818,2026-02-19,Customer2818,Product17,2,9362,18724,3370.32,22094.32
INV02819,2026-02-20,Customer2819,Product13,1,24777,24777,4459.86,29236.86
INV02820,2026-02-21,Customer2820,Product18,3,43366,130098,23417.64,153515.64
INV02821,2026-02-22,Customer2821,Product13,2,19521,39042,7027.56,46069.56
INV02822,2026-02-23,Customer2822,Product20,4,29266,117064,21071.52,138135.52
INV02823,2026-02-24,Customer2823,Product5,5,10385,51925,9346.5,61271.5
INV02824,2026-02-25,Customer2824,Product3,4,39629,158516,28532.88,187048.88
INV02825,2026-02-26,Customer2825,Product19,2,14168,28336,5100.48,33436.479999999996
INV02826,2026-02-27,Customer2826,Product6,1,28839,28839,5191.02,34030.020000000004
INV02827,2026-02-28,Customer2827,Product19,4,37228,148912,26804.16,175716.16
INV02828,2026-02-01,Customer2828,Product2,3,14788,44364,7985.52,52349.520000000004
INV02829,2026-02-02,Customer2829,Product8,3,28611,85833,15449.94,101282.94
INV02830,2026-02-03,Customer2830,Product3,3,47447,142341,25621.38,167962.38
INV02831,2026-02-04,Customer2831,Product19,2,48970,97940,17629.2,115569.2
INV02832,2026-02-05,Customer2832,Product1,3,18148,54444,9799.92,64243.92
INV02833,2026-02-06,Customer2833,Product8,5,11012,55060,9910.8,64970.8
INV02834,2026-02-07,Customer2834,Product6,4,39802,159208,28657.44,187865.44
INV02835,2026-02-08,Customer2835,Product7,4,3076,12304,2214.72,14518.72
INV02836,2026-02-09,Customer2836,Product14,5,37218,186090,33496.2,219586.2
INV02837,2026-02-10,Customer2837,Product16,3,34030,102090,18376.2,120466.2
INV02838,2026-02-11,Customer2838,Product1,4,46092,184368,33186.24,217554.24
INV02839,2026-02-12,Customer2839,Product8,4,28133,112532,20255.76,132787.76
INV02840,2026-02-13,Customer2840,Product13,1,29398,29398,5291.64,34689.64
INV02841,2026-02-14,Customer2841,Product15,1,42328,42328,7619.04,49947.04
INV02842,2026-02-15,Customer2842,Product14,2,47722,95444,17179.92,112623.92
INV02843,2026-02-16,Customer2843,Product1,5,22011,110055,19809.9,129864.9
INV02844,2026-02-17,Customer2844,Product3,4,48340,193360,34804.8,228164.8
INV02845,2026-02-18,Customer2845,Product13,1,42582,42582,7664.76,50246.76
INV02846,2026-02-19,Customer2846,Product1,2,10304,20608,3709.44,24317.44
INV02847,2026-02-20,Customer2847,Product4,3,31894,95682,17222.76,112904.76
INV02848,2026-02-21,Customer2848,Product1,5,17623,88115,15860.7,103975.7
INV02849,2026-02-22,Customer2849,Product7,1,9381,9381,1688.58,11069.58
INV02850,2026-02-23,Customer2850,Product1,2,42429,84858,15274.44,100132.44
INV02851,2026-02-24,Customer2851,Product7,5,40508,202540,36457.2,238997.2
INV02852,2026-02-25,Customer2852,Product5,1,20170,20170,3630.6,23800.6
INV02853,2026-02-26,Customer2853,Product10,1,20924,20924,3766.32,24690.32
INV02854,2026-02-27,Customer2854,Product14,4,47109,188436,33918.48,222354.48
INV02855,2026-02-28,Customer2855,Product11,2,26959,53918,9705.24,63623.24
INV02856,2026-02-01,Customer2856,Product7,5,18445,92225,16600.5,108825.5
INV02857,2026-02-02,Customer2857,Product20,5,41118,205590,37006.2,242596.2
INV02858,2026-02-03,Customer2858,Product17,5,7722,38610,6949.8,45559.8
INV02859,2026-02-04,Customer2859,Product13,3,3482,10446,1880.28,12326.28
INV02860,2026-02-05,Customer2860,Product5,2,12868,25736,4632.48,30368.48
INV02861,2026-02-06,Customer2861,Product7,2,18574,37148,6686.64,43834.64
INV02862,2026-02-07,Customer2862,Product14,2,34319,68638,12354.84,80992.84
INV02863,2026-02-08,Customer2863,Product9,1,23964,23964,4313.52,28277.52
INV02864,2026-02-09,Customer2864,Product18,2,32202,64404,11592.72,75996.72
INV02865,2026-02-10,Customer2865,Product11,1,49953,49953,8991.54,58944.54
INV02866,2026-02-11,Customer2866,Product13,5,20451,102255,18405.9,120660.9
INV02867,2026-02-12,Customer2867,Product19,3,33322,99966,17993.88,117959.88
INV02868,2026-02-13,Customer2868,Product15,3,24045,72135,12984.3,85119.3
INV02869,2026-02-14,Customer2869,Product2,1,30690,30690,5524.2,36214.2
INV02870,2026-02-15,Customer2870,Product11,2,39128,78256,14086.08,92342.08
INV02871,2026-02-16,Customer2871,Product5,4,2795,11180,2012.4,13192.4
INV02872,2026-02-17,Customer2872,Product9,5,34228,171140,30805.2,201945.2
INV02873,2026-02-18,Customer2873,Product15,4,41574,166296,29933.28,196229.28
INV02874,2026-02-19,Customer2874,Product9,3,13430,40290,7252.2,47542.2
INV02875,2026-02-20,Customer2875,Product20,4,9169,36676,6601.68,43277.68
INV02876,2026-02-21,Customer2876,Product7,2,34937,69874,12577.32,82451.32
INV02877,2026-02-22,Customer2877,Product15,5,46761,233805,42084.9,275889.9
INV02878,2026-02-23,Customer2878,Product15,4,9445,37780,6800.4,44580.4
INV02879,2026-02-24,Customer2879,Product20,4,33784,135136,24324.48,159460.48
INV02880,2026-02-25,Customer2880,Product3,3,14334,43002,7740.36,50742.36
INV02881,2026-02-26,Customer2881,Product7,3,12323,36969,6654.42,43623.42
INV02882,2026-02-27,Customer2882,Product19,5,27203,136015,24482.7,160497.7
INV02883,2026-02-28,Customer2883,Product7,4,42617,170468,30684.24,201152.24
INV02884,2026-02-01,Customer2884,Product10,1,46750,46750,8415.0,55165.0
INV02885,2026-02-02,Customer2885,Product17,4,15625,62500,11250.0,73750.0
INV02886,2026-02-03,Customer2886,Product8,5,49259,246295,44333.1,290628.1
INV02887,2026-02-04,Customer2887,Product11,4,22620,90480,16286.4,106766.4
INV02888,2026-02-05,Customer2888,Product20,1,30641,30641,5515.38,36156.38
INV02889,2026-02-06,Customer2889,Product8,1,42044,42044,7567.92,49611.92
INV02890,2026-02-07,Customer2890,Product14,4,26831,107324,19318.32,126642.32
INV02891,2026-02-08,Customer2891,Product15,5,37270,186350,33543.0,219893.0
INV02892,2026-02-09,Customer2892,Product11,5,45148,225740,40633.2,266373.2
INV02893,2026-02-10,Customer2893,Product18,4,19678,78712,14168.16,92880.16
INV02894,2026-02-11,Customer2894,Product14,2,37517,75034,13506.12,88540.12
INV02895,2026-02-12,Customer2895,Product18,3,35412,106236,19122.48,125358.48
INV02896,2026-02-13,Customer2896,Product16,4,19279,77116,13880.88,90996.88
INV02897,2026-02-14,Customer2897,Product13,3,4467,13401,2412.18,15813.18
INV02898,2026-02-15,Customer2898,Product20,3,35225,105675,19021.5,124696.5
INV02899,2026-02-16,Customer2899,Product4,3,20997,62991,11338.38,74329.38
INV02900,2026-02-17,Customer2900,Product2,4,32126,128504,23130.72,151634.72
INV02901,2026-02-18,Customer2901,Product5,5,16511,82555,14859.9,97414.9
INV02902,2026-02-19,Customer2902,Product19,2,26642,53284,9591.12,62875.12
INV02903,2026-02-20,Customer2903,Product16,1,34268,34268,6168.24,40436.24
INV02904,2026-02-21,Customer2904,Product3,4,17438,69752,12555.36,82307.36
INV02905,2026-02-22,Customer2905,Product2,2,36942,73884,13299.12,87183.12
INV02906,2026-02-23,Customer2906,Product17,5,15499,77495,13949.1,91444.1
INV02907,2026-02-24,Customer2907,Product13,5,38221,191105,34398.9,225503.9
INV02908,2026-02-25,Customer2908,Product16,5,7105,35525,6394.5,41919.5
INV02909,2026-02-26,Customer2909,Product6,2,41000,82000,14760.0,96760.0
INV02910,2026-02-27,Customer2910,Product6,3,20222,60666,10919.88,71585.88
INV02911,2026-02-28,Customer2911,Product8,3,29802,89406,16093.08,105499.08
INV02912,2026-02-01,Customer2912,Product13,3,42652,127956,23032.08,150988.08000000002
INV02913,2026-02-02,Customer2913,Product6,2,33252,66504,11970.72,78474.72
INV02914,2026-02-03,Customer2914,Product10,1,22906,22906,4123.08,27029.08
INV02915,2026-02-04,Customer2915,Product1,4,22205,88820,15987.6,104807.6
INV02916,2026-02-05,Customer2916,Product13,2,26374,52748,9494.64,62242.64
INV02917,2026-02-06,Customer2917,Product2,3,28409,85227,15340.86,100567.86
INV02918,2026-02-07,Customer2918,Product20,2,21044,42088,7575.84,49663.84
INV02919,2026-02-08,Customer2919,Product20,4,43056,172224,31000.32,203224.32
INV02920,2026-02-09,Customer2920,Product10,3,43542,130626,23512.68,154138.68
INV02921,2026-02-10,Customer2921,Product14,4,8311,33244,5983.92,39227.92
INV02922,2026-02-11,Customer2922,Product17,5,3485,17425,3136.5,20561.5
INV02923,2026-02-12,Customer2923,Product11,5,47837,239185,43053.3,282238.3
INV02924,2026-02-13,Customer2924,Product16,2,4076,8152,1467.36,9619.36
INV02925,2026-02-14,Customer2925,Product19,3,17357,52071,9372.78,61443.78
INV02926,2026-02-15,Customer2926,Product18,2,8846,17692,3184.56,20876.56
INV02927,2026-02-16,Customer2927,Product4,5,35454,177270,31908.6,209178.6
INV02928,2026-02-17,Customer2928,Product7,2,29156,58312,10496.16,68808.16
INV02929,2026-02-18,Customer2929,Product2,2,48145,96290,17332.2,113622.2
INV02930,2026-02-19,Customer2930,Product5,3,38933,116799,21023.82,137822.82
INV02931,2026-02-20,Customer2931,Product4,5,5248,26240,4723.2,30963.2
INV02932,2026-02-21,Customer2932,Product8,1,31566,31566,5681.88,37247.88
INV02933,2026-02-22,Customer2933,Product4,3,33933,101799,18323.82,120122.82
INV02934,2026-02-23,Customer2934,Product15,5,31314,156570,28182.6,184752.6
INV02935,2026-02-24,Customer2935,Product2,4,14902,59608,10729.44,70337.44
INV02936,2026-02-25,Customer2936,Product4,5,42278,211390,38050.2,249440.2
INV02937,2026-02-26,Customer2937,Product12,4,18984,75936,13668.48,89604.48
INV02938,2026-02-27,Customer2938,Product4,3,10480,31440,5659.2,37099.2
INV02939,2026-02-28,Customer2939,Product15,5,14951,74755,13455.9,88210.9
INV02940,2026-02-01,Customer2940,Product16,2,36231,72462,13043.16,85505.16
INV02941,2026-02-02,Customer2941,Product7,4,27814,111256,20026.08,131282.08000000002
INV02942,2026-02-03,Customer2942,Product4,4,46687,186748,33614.64,220362.64
INV02943,2026-02-04,Customer2943,Product17,2,3005,6010,1081.8,7091.8
INV02944,2026-02-05,Customer2944,Product4,4,29096,116384,20949.12,137333.12
INV02945,2026-02-06,Customer2945,Product20,2,44440,88880,15998.4,104878.4
INV02946,2026-02-07,Customer2946,Product13,3,25695,77085,13875.3,90960.3
INV02947,2026-02-08,Customer2947,Product7,1,30815,30815,5546.7,36361.7
INV02948,2026-02-09,Customer2948,Product5,5,38395,191975,34555.5,226530.5
INV02949,2026-02-10,Customer2949,Product18,2,10347,20694,3724.92,24418.92
INV02950,2026-02-11,Customer2950,Product5,3,5660,16980,3056.4,20036.4
INV02951,2026-02-12,Customer2951,Product1,2,46530,93060,16750.8,109810.8
INV02952,2026-02-13,Customer2952,Product9,4,23692,94768,17058.24,111826.24
INV02953,2026-02-14,Customer2953,Product10,1,13235,13235,2382.3,15617.3
INV02954,2026-02-15,Customer2954,Product19,5,31896,159480,28706.4,188186.4
INV02955,2026-02-16,Customer2955,Product9,4,11788,47152,8487.36,55639.36
INV02956,2026-02-17,Customer2956,Product19,5,44831,224155,40347.9,264502.9
INV02957,2026-02-18,Customer2957,Product10,4,15174,60696,10925.28,71621.28
INV02958,2026-02-19,Customer2958,Product10,4,6464,25856,4654.08,30510.08
INV02959,2026-02-20,Customer2959,Product2,2,3624,7248,1304.64,8552.64
INV02960,2026-02-21,Customer2960,Product2,1,15494,15494,2788.92,18282.92
INV02961,2026-02-22,Customer2961,Product18,2,10479,20958,3772.44,24730.44
INV02962,2026-02-23,Customer2962,Product16,4,8670,34680,6242.4,40922.4
INV02963,2026-02-24,Customer2963,Product13,4,26864,107456,19342.08,126798.08
INV02964,2026-02-25,Customer2964,Product16,1,38141,38141,6865.38,45006.38
INV02965,2026-02-26,Customer2965,Product11,2,1263,2526,454.68,2980.68
INV02966,2026-02-27,Customer2966,Product19,3,7289,21867,3936.06,25803.06
INV02967,2026-02-28,Customer2967,Product15,4,16127,64508,11611.44,76119.44
INV02968,2026-02-01,Customer2968,Product17,2,35627,71254,12825.72,84079.72
INV02969,2026-02-02,Customer2969,Product1,2,44832,89664,16139.52,105803.52
INV02970,2026-02-03,Customer2970,Product13,3,25638,76914,13844.52,90758.52
INV02971,2026-02-04,Customer2971,Product15,1,46966,46966,8453.88,55419.88
INV02972,2026-02-05,Customer2972,Product6,4,6499,25996,4679.28,30675.28
INV02973,2026-02-06,Customer2973,Product2,1,36850,36850,6633.0,43483.0
INV02974,2026-02-07,Customer2974,Product1,2,34377,68754,12375.72,81129.72
INV02975,2026-02-08,Customer2975,Product9,2,39809,79618,14331.24,93949.24
INV02976,2026-02-09,Customer2976,Product4,3,46141,138423,24916.14,163339.14
INV02977,2026-02-10,Customer2977,Product18,3,4185,12555,2259.9,14814.9
INV02978,2026-02-11,Customer2978,Product15,2,19881,39762,7157.16,46919.16
INV02979,2026-02-12,Customer2979,Product6,3,18681,56043,10087.74,66130.74
INV02980,2026-02-13,Customer2980,Product18,3,17759,53277,9589.86,62866.86
INV02981,2026-02-14,Customer2981,Product17,2,734,1468,264.24,1732.24
INV02982,2026-02-15,Customer2982,Product13,4,17193,68772,12378.96,81150.95999999999
INV02983,2026-02-16,Customer2983,Product6,3,36002,108006,19441.08,127447.08
INV02984,2026-02-17,Customer2984,Product7,3,30131,90393,16270.74,106663.74
INV02985,2026-02-18,Customer2985,Product19,1,30117,30117,5421.06,35538.06
INV02986,2026-02-19,Customer2986,Product18,1,16845,16845,3032.1,19877.1
INV02987,2026-02-20,Customer2987,Product2,4,19401,77604,13968.72,91572.72
INV02988,2026-02-21,Customer2988,Product12,1,16098,16098,2897.64,18995.64
INV02989,2026-02-22,Customer2989,Product6,5,5033,25165,4529.7,29694.7
INV02990,2026-02-23,Customer2990,Product10,1,36105,36105,6498.9,42603.9
INV02991,2026-02-24,Customer2991,Product20,4,13878,55512,9992.16,65504.16
INV02992,2026-02-25,Customer2992,Product18,3,18533,55599,10007.82,65606.82
INV02993,2026-02-26,Customer2993,Product14,2,36390,72780,13100.4,85880.4
INV02994,2026-02-27,Customer2994,Product11,1,22453,22453,4041.54,26494.54
INV02995,2026-02-28,Customer2995,Product5,4,33520,134080,24134.4,158214.4
INV02996,2026-02-01,Customer2996,Product17,4,21157,84628,15233.04,99861.04000000001
INV02997,2026-02-02,Customer2997,Product10,4,3298,13192,2374.56,15566.56
INV02998,2026-02-03,Customer2998,Product12,3,17460,52380,9428.4,61808.4
INV02999,2026-02-04,Customer2999,Product17,2,28753,57506,10351.08,67857.08
INV03000,2026-02-05,Customer3000,Product2,4,26929,107716,19388.88,127104.88
INV03001,2026-02-06,Customer3001,Product17,3,38126,114378,20588.04,134966.04
INV03002,2026-02-07,Customer3002,Product3,1,42305,42305,7614.9,49919.9
INV03003,2026-02-08,Customer3003,Product16,2,824,1648,296.64,1944.6399999999999
INV03004,2026-02-09,Customer3004,Product1,3,35513,106539,19177.02,125716.02
INV03005,2026-02-10,Customer3005,Product8,1,37163,37163,6689.34,43852.34
INV03006,2026-02-11,Customer3006,Product14,3,37789,113367,20406.06,133773.06
INV03007,2026-02-12,Customer3007,Product11,1,26722,26722,4809.96,31531.96
INV03008,2026-02-13,Customer3008,Product20,5,3630,18150,3267.0,21417.0
INV03009,2026-02-14,Customer3009,Product2,5,42866,214330,38579.4,252909.4
INV03010,2026-02-15,Customer3010,Product8,1,4368,4368,786.24,5154.24
INV03011,2026-02-16,Customer3011,Product2,5,14205,71025,12784.5,83809.5
INV03012,2026-02-17,Customer3012,Product2,4,10749,42996,7739.28,50735.28
INV03013,2026-02-18,Customer3013,Product1,2,36454,72908,13123.44,86031.44
INV03014,2026-02-19,Customer3014,Product1,2,12426,24852,4473.36,29325.36
INV03015,2026-02-20,Customer3015,Product19,1,31840,31840,5731.2,37571.2
INV03016,2026-02-21,Customer3016,Product4,1,16029,16029,2885.22,18914.22
INV03017,2026-02-22,Customer3017,Product1,3,15776,47328,8519.04,55847.04
INV03018,2026-02-23,Customer3018,Product11,4,14865,59460,10702.8,70162.8
INV03019,2026-02-24,Customer3019,Product13,5,32754,163770,29478.6,193248.6
INV03020,2026-02-25,Customer3020,Product14,5,42422,212110,38179.8,250289.8
INV03021,2026-02-26,Customer3021,Product1,4,19987,79948,14390.64,94338.64
INV03022,2026-02-27,Customer3022,Product13,3,40907,122721,22089.78,144810.78
INV03023,2026-02-28,Customer3023,Product18,2,42910,85820,15447.6,101267.6
INV03024,2026-02-01,Customer3024,Product20,5,39967,199835,35970.3,235805.3
INV03025,2026-02-02,Customer3025,Product6,5,20048,100240,18043.2,118283.2
INV03026,2026-02-03,Customer3026,Product15,4,10474,41896,7541.28,49437.28
INV03027,2026-02-04,Customer3027,Product18,4,15979,63916,11504.88,75420.88
INV03028,2026-02-05,Customer3028,Product11,4,929,3716,668.88,4384.88
INV03029,2026-02-06,Customer3029,Product20,2,35478,70956,12772.08,83728.08
INV03030,2026-02-07,Customer3030,Product8,5,21063,105315,18956.7,124271.7
INV03031,2026-02-08,Customer3031,Product1,5,31305,156525,28174.5,184699.5
INV03032,2026-02-09,Customer3032,Product2,4,19509,78036,14046.48,92082.48
INV03033,2026-02-10,Customer3033,Product5,1,29614,29614,5330.52,34944.520000000004
INV03034,2026-02-11,Customer3034,Product10,2,21502,43004,7740.72,50744.72
INV03035,2026-02-12,Customer3035,Product3,2,17487,34974,6295.32,41269.32
INV03036,2026-02-13,Customer3036,Product13,5,44163,220815,39746.7,260561.7
INV03037,2026-02-14,Customer3037,Product13,4,47687,190748,34334.64,225082.64
INV03038,2026-02-15,Customer3038,Product16,3,25454,76362,13745.16,90107.16
INV03039,2026-02-16,Customer3039,Product20,5,7661,38305,6894.9,45199.9
INV03040,2026-02-17,Customer3040,Product2,1,860,860,154.8,1014.8
INV03041,2026-02-18,Customer3041,Product5,3,29137,87411,15733.98,103144.98
INV03042,2026-02-19,Customer3042,Product5,4,31811,127244,22903.92,150147.91999999998
INV03043,2026-02-20,Customer3043,Product5,2,49840,99680,17942.4,117622.4
INV03044,2026-02-21,Customer3044,Product5,3,23364,70092,12616.56,82708.56
INV03045,2026-02-22,Customer3045,Product11,2,48111,96222,17319.96,113541.95999999999
INV03046,2026-02-23,Customer3046,Product5,2,17562,35124,6322.32,41446.32
INV03047,2026-02-24,Customer3047,Product10,2,13196,26392,4750.56,31142.56
INV03048,2026-02-25,Customer3048,Product5,5,17128,85640,15415.2,101055.2
INV03049,2026-02-26,Customer3049,Product7,3,44736,134208,24157.44,158365.44
INV03050,2026-02-27,Customer3050,Product4,4,9741,38964,7013.52,45977.520000000004
INV03051,2026-02-28,Customer3051,Product13,3,35215,105645,19016.1,124661.1
INV03052,2026-02-01,Customer3052,Product11,1,48925,48925,8806.5,57731.5
INV03053,2026-02-02,Customer3053,Product20,4,16436,65744,11833.92,77577.92
INV03054,2026-02-03,Customer3054,Product1,2,25133,50266,9047.88,59313.88
INV03055,2026-02-04,Customer3055,Product9,1,1453,1453,261.54,1714.54
INV03056,2026-02-05,Customer3056,Product18,2,47482,94964,17093.52,112057.52
INV03057,2026-02-06,Customer3057,Product20,2,32694,65388,11769.84,77157.84
INV03058,2026-02-07,Customer3058,Product18,1,19998,19998,3599.64,23597.64
INV03059,2026-02-08,Customer3059,Product17,1,28463,28463,5123.34,33586.34
INV03060,2026-02-09,Customer3060,Product18,5,44959,224795,40463.1,265258.1
INV03061,2026-02-10,Customer3061,Product1,4,49695,198780,35780.4,234560.4
INV03062,2026-02-11,Customer3062,Product19,5,46856,234280,42170.4,276450.4
INV03063,2026-02-12,Customer3063,Product7,2,35130,70260,12646.8,82906.8
INV03064,2026-02-13,Customer3064,Product15,5,31848,159240,28663.2,187903.2
INV03065,2026-02-14,Customer3065,Product13,3,44402,133206,23977.08,157183.08000000002
INV03066,2026-02-15,Customer3066,Product12,5,28830,144150,25947.0,170097.0
INV03067,2026-02-16,Customer3067,Product8,5,13421,67105,12078.9,79183.9
INV03068,2026-02-17,Customer3068,Product11,2,43320,86640,15595.2,102235.2
INV03069,2026-02-18,Customer3069,Product9,3,21978,65934,11868.12,77802.12
INV03070,2026-02-19,Customer3070,Product7,3,34432,103296,18593.28,121889.28
INV03071,2026-02-20,Customer3071,Product18,1,30234,30234,5442.12,35676.12
INV03072,2026-02-21,Customer3072,Product3,4,11915,47660,8578.8,56238.8
INV03073,2026-02-22,Customer3073,Product5,2,12843,25686,4623.48,30309.48
INV03074,2026-02-23,Customer3074,Product12,2,29430,58860,10594.8,69454.8
INV03075,2026-02-24,Customer3075,Product4,4,7761,31044,5587.92,36631.92
INV03076,2026-02-25,Customer3076,Product1,2,3230,6460,1162.8,7622.8
INV03077,2026-02-26,Customer3077,Product7,5,4493,22465,4043.7,26508.7
INV03078,2026-02-27,Customer3078,Product12,5,33240,166200,29916.0,196116.0
INV03079,2026-02-28,Customer3079,Product2,3,15256,45768,8238.24,54006.24
INV03080,2026-02-01,Customer3080,Product11,4,32806,131224,23620.32,154844.32
INV03081,2026-02-02,Customer3081,Product10,5,19097,95485,17187.3,112672.3
INV03082,2026-02-03,Customer3082,Product6,5,38605,193025,34744.5,227769.5
INV03083,2026-02-04,Customer3083,Product3,1,25314,25314,4556.52,29870.52
INV03084,2026-02-05,Customer3084,Product6,4,11827,47308,8515.44,55823.44
INV03085,2026-02-06,Customer3085,Product20,4,30286,121144,21805.92,142949.91999999998
INV03086,2026-02-07,Customer3086,Product15,4,8384,33536,6036.48,39572.479999999996
INV03087,2026-02-08,Customer3087,Product18,2,20427,40854,7353.72,48207.72
INV03088,2026-02-09,Customer3088,Product15,4,29125,116500,20970.0,137470.0
INV03089,2026-02-10,Customer3089,Product8,3,13959,41877,7537.86,49414.86
INV03090,2026-02-11,Customer3090,Product11,4,21147,84588,15225.84,99813.84
INV03091,2026-02-12,Customer3091,Product1,3,5757,17271,3108.78,20379.78
INV03092,2026-02-13,Customer3092,Product18,3,46556,139668,25140.24,164808.24
INV03093,2026-02-14,Customer3093,Product19,3,12972,38916,7004.88,45920.88
INV03094,2026-02-15,Customer3094,Product14,2,4355,8710,1567.8,10277.8
INV03095,2026-02-16,Customer3095,Product9,1,14147,14147,2546.46,16693.46
INV03096,2026-02-17,Customer3096,Product19,4,10706,42824,7708.32,50532.32
INV03097,2026-02-18,Customer3097,Product8,4,13098,52392,9430.56,61822.56
INV03098,2026-02-19,Customer3098,Product8,3,6571,19713,3548.34,23261.34
INV03099,2026-02-20,Customer3099,Product17,2,47210,94420,16995.6,111415.6
INV03100,2026-02-21,Customer3100,Product11,5,46927,234635,42234.3,276869.3
INV03101,2026-02-22,Customer3101,Product17,1,19505,19505,3510.9,23015.9
INV03102,2026-02-23,Customer3102,Product15,1,12811,12811,2305.98,15116.98
INV03103,2026-02-24,Customer3103,Product4,5,32313,161565,29081.7,190646.7
INV03104,2026-02-25,Customer3104,Product17,5,11410,57050,10269.0,67319.0
INV03105,2026-02-26,Customer3105,Product17,1,5688,5688,1023.84,6711.84
INV03106,2026-02-27,Customer3106,Product5,2,3257,6514,1172.52,7686.52
INV03107,2026-02-28,Customer3107,Product1,2,14310,28620,5151.6,33771.6
INV03108,2026-02-01,Customer3108,Product4,5,40171,200855,36153.9,237008.9
INV03109,2026-02-02,Customer3109,Product10,2,17286,34572,6222.96,40794.96
INV03110,2026-02-03,Customer3110,Product16,3,17075,51225,9220.5,60445.5
INV03111,2026-02-04,Customer3111,Product16,2,45244,90488,16287.84,106775.84
INV03112,2026-02-05,Customer3112,Product1,4,11803,47212,8498.16,55710.16
INV03113,2026-02-06,Customer3113,Product5,5,20226,101130,18203.4,119333.4
INV03114,2026-02-07,Customer3114,Product8,3,25204,75612,13610.16,89222.16
INV03115,2026-02-08,Customer3115,Product11,4,28010,112040,20167.2,132207.2
INV03116,2026-02-09,Customer3116,Product12,5,32442,162210,29197.8,191407.8
INV03117,2026-02-10,Customer3117,Product12,4,8609,34436,6198.48,40634.479999999996
INV03118,2026-02-11,Customer3118,Product13,3,32317,96951,17451.18,114402.18
INV03119,2026-02-12,Customer3119,Product18,1,41814,41814,7526.52,49340.520000000004
INV03120,2026-02-13,Customer3120,Product14,1,45957,45957,8272.26,54229.26
INV03121,2026-02-14,Customer3121,Product13,5,22939,114695,20645.1,135340.1
INV03122,2026-02-15,Customer3122,Product7,5,22355,111775,20119.5,131894.5
INV03123,2026-02-16,Customer3123,Product17,1,9764,9764,1757.52,11521.52
INV03124,2026-02-17,Customer3124,Product10,4,14733,58932,10607.76,69539.76
INV03125,2026-02-18,Customer3125,Product8,2,36686,73372,13206.96,86578.95999999999
INV03126,2026-02-19,Customer3126,Product3,4,48400,193600,34848.0,228448.0
INV03127,2026-02-20,Customer3127,Product9,3,6293,18879,3398.22,22277.22
INV03128,2026-02-21,Customer3128,Product15,1,6384,6384,1149.12,7533.12
INV03129,2026-02-22,Customer3129,Product10,4,33543,134172,24150.96,158322.96
INV03130,2026-02-23,Customer3130,Product3,4,40305,161220,29019.6,190239.6
INV03131,2026-02-24,Customer3131,Product13,5,23672,118360,21304.8,139664.8
INV03132,2026-02-25,Customer3132,Product18,1,8713,8713,1568.34,10281.34
INV03133,2026-02-26,Customer3133,Product4,4,30406,121624,21892.32,143516.32
INV03134,2026-02-27,Customer3134,Product13,3,31793,95379,17168.22,112547.22
INV03135,2026-02-28,Customer3135,Product11,5,4251,21255,3825.9,25080.9
INV03136,2026-02-01,Customer3136,Product9,5,39326,196630,35393.4,232023.4
INV03137,2026-02-02,Customer3137,Product13,5,29930,149650,26937.0,176587.0
INV03138,2026-02-03,Customer3138,Product16,5,15597,77985,14037.3,92022.3
INV03139,2026-02-04,Customer3139,Product7,3,647,1941,349.38,2290.38
INV03140,2026-02-05,Customer3140,Product11,3,40439,121317,21837.06,143154.06
INV03141,2026-02-06,Customer3141,Product3,5,6747,33735,6072.3,39807.3
INV03142,2026-02-07,Customer3142,Product11,3,41016,123048,22148.64,145196.64
INV03143,2026-02-08,Customer3143,Product5,5,30407,152035,27366.3,179401.3
INV03144,2026-02-09,Customer3144,Product12,1,3325,3325,598.5,3923.5
INV03145,2026-02-10,Customer3145,Product12,2,35703,71406,12853.08,84259.08
INV03146,2026-02-11,Customer3146,Product7,1,39483,39483,7106.94,46589.94
INV03147,2026-02-12,Customer3147,Product5,5,37641,188205,33876.9,222081.9
INV03148,2026-02-13,Customer3148,Product8,3,43267,129801,23364.18,153165.18
INV03149,2026-02-14,Customer3149,Product17,4,38178,152712,27488.16,180200.16
INV03150,2026-02-15,Customer3150,Product18,5,21383,106915,19244.7,126159.7
INV03151,2026-02-16,Customer3151,Product8,1,49811,49811,8965.98,58776.979999999996
INV03152,2026-02-17,Customer3152,Product7,3,26460,79380,14288.4,93668.4
INV03153,2026-02-18,Customer3153,Product14,1,39249,39249,7064.82,46313.82
INV03154,2026-02-19,Customer3154,Product4,3,1085,3255,585.9,3840.9
INV03155,2026-02-20,Customer3155,Product4,5,45555,227775,40999.5,268774.5
INV03156,2026-02-21,Customer3156,Product16,3,18286,54858,9874.44,64732.44
INV03157,2026-02-22,Customer3157,Product17,3,19346,58038,10446.84,68484.84
INV03158,2026-02-23,Customer3158,Product8,5,40669,203345,36602.1,239947.1
INV03159,2026-02-24,Customer3159,Product17,4,48334,193336,34800.48,228136.48
INV03160,2026-02-25,Customer3160,Product19,1,1079,1079,194.22,1273.22
INV03161,2026-02-26,Customer3161,Product2,2,5187,10374,1867.32,12241.32
INV03162,2026-02-27,Customer3162,Product12,3,47583,142749,25694.82,168443.82
INV03163,2026-02-28,Customer3163,Product8,3,36231,108693,19564.74,128257.74
INV03164,2026-02-01,Customer3164,Product15,2,31751,63502,11430.36,74932.36
INV03165,2026-02-02,Customer3165,Product10,1,20380,20380,3668.4,24048.4
INV03166,2026-02-03,Customer3166,Product10,5,43001,215005,38700.9,253705.9
INV03167,2026-02-04,Customer3167,Product9,3,42677,128031,23045.58,151076.58000000002
INV03168,2026-02-05,Customer3168,Product4,2,22380,44760,8056.8,52816.8
INV03169,2026-02-06,Customer3169,Product11,4,27101,108404,19512.72,127916.72
INV03170,2026-02-07,Customer3170,Product19,2,6048,12096,2177.28,14273.28
INV03171,2026-02-08,Customer3171,Product20,2,17642,35284,6351.12,41635.12
INV03172,2026-02-09,Customer3172,Product12,3,28735,86205,15516.9,101721.9
INV03173,2026-02-10,Customer3173,Product6,3,6596,19788,3561.84,23349.84
INV03174,2026-02-11,Customer3174,Product1,5,7376,36880,6638.4,43518.4
INV03175,2026-02-12,Customer3175,Product12,1,41425,41425,7456.5,48881.5
INV03176,2026-02-13,Customer3176,Product18,2,31432,62864,11315.52,74179.52
INV03177,2026-02-14,Customer3177,Product2,2,8735,17470,3144.6,20614.6
INV03178,2026-02-15,Customer3178,Product18,4,5014,20056,3610.08,23666.08
INV03179,2026-02-16,Customer3179,Product19,2,13379,26758,4816.44,31574.44
INV03180,2026-02-17,Customer3180,Product11,4,45271,181084,32595.12,213679.12
INV03181,2026-02-18,Customer3181,Product20,2,25165,50330,9059.4,59389.4
INV03182,2026-02-19,Customer3182,Product13,4,14782,59128,10643.04,69771.04000000001
INV03183,2026-02-20,Customer3183,Product13,2,36941,73882,13298.76,87180.76
INV03184,2026-02-21,Customer3184,Product1,4,8918,35672,6420.96,42092.96
INV03185,2026-02-22,Customer3185,Product13,5,47936,239680,43142.4,282822.4
INV03186,2026-02-23,Customer3186,Product10,2,17524,35048,6308.64,41356.64
INV03187,2026-02-24,Customer3187,Product13,3,20452,61356,11044.08,72400.08
INV03188,2026-02-25,Customer3188,Product19,4,32663,130652,23517.36,154169.36
INV03189,2026-02-26,Customer3189,Product19,2,12403,24806,4465.08,29271.08
INV03190,2026-02-27,Customer3190,Product1,2,21738,43476,7825.68,51301.68
INV03191,2026-02-28,Customer3191,Product8,5,35900,179500,32310.0,211810.0
INV03192,2026-02-01,Customer3192,Product14,4,39194,156776,28219.68,184995.68
INV03193,2026-02-02,Customer3193,Product20,1,38660,38660,6958.8,45618.8
INV03194,2026-02-03,Customer3194,Product13,4,49401,197604,35568.72,233172.72
INV03195,2026-02-04,Customer3195,Product15,2,23407,46814,8426.52,55240.520000000004
INV03196,2026-02-05,Customer3196,Product19,2,10909,21818,3927.24,25745.239999999998
INV03197,2026-02-06,Customer3197,Product15,5,29490,147450,26541.0,173991.0
INV03198,2026-02-07,Customer3198,Product13,1,17722,17722,3189.96,20911.96
INV03199,2026-02-08,Customer3199,Product10,2,23428,46856,8434.08,55290.08
INV03200,2026-02-09,Customer3200,Product1,5,24963,124815,22466.7,147281.7
INV03201,2026-02-10,Customer3201,Product9,2,2569,5138,924.84,6062.84
INV03202,2026-02-11,Customer3202,Product14,3,17241,51723,9310.14,61033.14
INV03203,2026-02-12,Customer3203,Product4,4,34476,137904,24822.72,162726.72
INV03204,2026-02-13,Customer3204,Product14,3,9464,28392,5110.56,33502.56
INV03205,2026-02-14,Customer3205,Product14,1,48742,48742,8773.56,57515.56
INV03206,2026-02-15,Customer3206,Product7,5,24534,122670,22080.6,144750.6
INV03207,2026-02-16,Customer3207,Product12,1,38544,38544,6937.92,45481.92
INV03208,2026-02-17,Customer3208,Product17,1,47892,47892,8620.56,56512.56
INV03209,2026-02-18,Customer3209,Product5,2,4282,8564,1541.52,10105.52
INV03210,2026-02-19,Customer3210,Product20,4,17912,71648,12896.64,84544.64
INV03211,2026-02-20,Customer3211,Product8,5,40616,203080,36554.4,239634.4
INV03212,2026-02-21,Customer3212,Product1,2,24457,48914,8804.52,57718.520000000004
INV03213,2026-02-22,Customer3213,Product1,1,37370,37370,6726.6,44096.6
INV03214,2026-02-23,Customer3214,Product3,1,42238,42238,7602.84,49840.84
INV03215,2026-02-24,Customer3215,Product12,3,23730,71190,12814.2,84004.2
INV03216,2026-02-25,Customer3216,Product9,4,22675,90700,16326.0,107026.0
INV03217,2026-02-26,Customer3217,Product19,5,19838,99190,17854.2,117044.2
INV03218,2026-02-27,Customer3218,Product17,1,21715,21715,3908.7,25623.7
INV03219,2026-02-28,Customer3219,Product19,5,18843,94215,16958.7,111173.7
INV03220,2026-02-01,Customer3220,Product1,4,42325,169300,30474.0,199774.0
INV03221,2026-02-02,Customer3221,Product13,5,17010,85050,15309.0,100359.0
INV03222,2026-02-03,Customer3222,Product8,5,42067,210335,37860.3,248195.3
INV03223,2026-02-04,Customer3223,Product18,1,36247,36247,6524.46,42771.46
INV03224,2026-02-05,Customer3224,Product12,2,21150,42300,7614.0,49914.0
INV03225,2026-02-06,Customer3225,Product20,2,18662,37324,6718.32,44042.32
INV03226,2026-02-07,Customer3226,Product1,1,36002,36002,6480.36,42482.36
INV03227,2026-02-08,Customer3227,Product19,4,39132,156528,28175.04,184703.04
INV03228,2026-02-09,Customer3228,Product4,2,23078,46156,8308.08,54464.08
INV03229,2026-02-10,Customer3229,Product1,5,38996,194980,35096.4,230076.4
INV03230,2026-02-11,Customer3230,Product4,5,14965,74825,13468.5,88293.5
INV03231,2026-02-12,Customer3231,Product12,3,24210,72630,13073.4,85703.4
INV03232,2026-02-13,Customer3232,Product19,5,43990,219950,39591.0,259541.0
INV03233,2026-02-14,Customer3233,Product18,5,28656,143280,25790.4,169070.4
INV03234,2026-02-15,Customer3234,Product20,2,6856,13712,2468.16,16180.16
INV03235,2026-02-16,Customer3235,Product18,4,17460,69840,12571.2,82411.2
INV03236,2026-02-17,Customer3236,Product18,5,25308,126540,22777.2,149317.2
INV03237,2026-02-18,Customer3237,Product9,5,27047,135235,24342.3,159577.3
INV03238,2026-02-19,Customer3238,Product20,1,9161,9161,1648.98,10809.98
INV03239,2026-02-20,Customer3239,Product1,5,27278,136390,24550.2,160940.2
INV03240,2026-02-21,Customer3240,Product5,2,34081,68162,12269.16,80431.16
INV03241,2026-02-22,Customer3241,Product19,1,23182,23182,4172.76,27354.760000000002
INV03242,2026-02-23,Customer3242,Product4,3,29400,88200,15876.0,104076.0
INV03243,2026-02-24,Customer3243,Product8,2,42294,84588,15225.84,99813.84
INV03244,2026-02-25,Customer3244,Product18,4,45450,181800,32724.0,214524.0
INV03245,2026-02-26,Customer3245,Product9,1,35304,35304,6354.72,41658.72
INV03246,2026-02-27,Customer3246,Product17,5,21067,105335,18960.3,124295.3
INV03247,2026-02-28,Customer3247,Product18,4,42504,170016,30602.88,200618.88
INV03248,2026-02-01,Customer3248,Product20,2,5879,11758,2116.44,13874.44
INV03249,2026-02-02,Customer3249,Product7,2,2486,4972,894.96,5866.96
INV03250,2026-02-03,Customer3250,Product15,1,25120,25120,4521.6,29641.6
INV03251,2026-02-04,Customer3251,Product1,2,12622,25244,4543.92,29787.92
INV03252,2026-02-05,Customer3252,Product18,4,6619,26476,4765.68,31241.68
INV03253,2026-02-06,Customer3253,Product15,3,8269,24807,4465.26,29272.260000000002
INV03254,2026-02-07,Customer3254,Product5,4,42674,170696,30725.28,201421.28
INV03255,2026-02-08,Customer3255,Product18,2,39814,79628,14333.04,93961.04000000001
INV03256,2026-02-09,Customer3256,Product4,3,33733,101199,18215.82,119414.82
INV03257,2026-02-10,Customer3257,Product8,2,9015,18030,3245.4,21275.4
INV03258,2026-02-11,Customer3258,Product18,2,33540,67080,12074.4,79154.4
INV03259,2026-02-12,Customer3259,Product10,3,49567,148701,26766.18,175467.18
INV03260,2026-02-13,Customer3260,Product7,3,44399,133197,23975.46,157172.46
INV03261,2026-02-14,Customer3261,Product20,5,20620,103100,18558.0,121658.0
INV03262,2026-02-15,Customer3262,Product19,4,19278,77112,13880.16,90992.16
INV03263,2026-02-16,Customer3263,Product10,3,19712,59136,10644.48,69780.48
INV03264,2026-02-17,Customer3264,Product18,2,28110,56220,10119.6,66339.6
INV03265,2026-02-18,Customer3265,Product11,5,17708,88540,15937.2,104477.2
INV03266,2026-02-19,Customer3266,Product3,5,48169,240845,43352.1,284197.1
INV03267,2026-02-20,Customer3267,Product12,1,41347,41347,7442.46,48789.46
INV03268,2026-02-21,Customer3268,Product15,3,25411,76233,13721.94,89954.94
INV03269,2026-02-22,Customer3269,Product3,2,31333,62666,11279.88,73945.88
INV03270,2026-02-23,Customer3270,Product1,1,27639,27639,4975.02,32614.02
INV03271,2026-02-24,Customer3271,Product7,5,44866,224330,40379.4,264709.4
INV03272,2026-02-25,Customer3272,Product20,4,38396,153584,27645.12,181229.12
INV03273,2026-02-26,Customer3273,Product20,4,5081,20324,3658.32,23982.32
INV03274,2026-02-27,Customer3274,Product6,2,49233,98466,17723.88,116189.88
INV03275,2026-02-28,Customer3275,Product4,3,21211,63633,11453.94,75086.94
INV03276,2026-02-01,Customer3276,Product3,4,28989,115956,20872.08,136828.08000000002
INV03277,2026-02-02,Customer3277,Product8,2,28014,56028,10085.04,66113.04000000001
INV03278,2026-02-03,Customer3278,Product6,4,9936,39744,7153.92,46897.92
INV03279,2026-02-04,Customer3279,Product11,4,49807,199228,35861.04,235089.04
INV03280,2026-02-05,Customer3280,Product8,1,13557,13557,2440.26,15997.26
INV03281,2026-02-06,Customer3281,Product15,5,19653,98265,17687.7,115952.7
INV03282,2026-02-07,Customer3282,Product9,2,1262,2524,454.32,2978.32
INV03283,2026-02-08,Customer3283,Product5,2,47391,94782,17060.76,111842.76
INV03284,2026-02-09,Customer3284,Product20,4,34905,139620,25131.6,164751.6
INV03285,2026-02-10,Customer3285,Product8,4,32035,128140,23065.2,151205.2
INV03286,2026-02-11,Customer3286,Product18,2,9342,18684,3363.12,22047.12
INV03287,2026-02-12,Customer3287,Product3,3,5770,17310,3115.8,20425.8
INV03288,2026-02-13,Customer3288,Product18,3,5081,15243,2743.74,17986.739999999998
INV03289,2026-02-14,Customer3289,Product1,4,5516,22064,3971.52,26035.52
INV03290,2026-02-15,Customer3290,Product3,1,16407,16407,2953.26,19360.260000000002
INV03291,2026-02-16,Customer3291,Product19,3,19904,59712,10748.16,70460.16
INV03292,2026-02-17,Customer3292,Product8,4,40486,161944,29149.92,191093.91999999998
INV03293,2026-02-18,Customer3293,Product3,5,1114,5570,1002.6,6572.6
INV03294,2026-02-19,Customer3294,Product2,2,21960,43920,7905.6,51825.6
INV03295,2026-02-20,Customer3295,Product16,1,34769,34769,6258.42,41027.42
INV03296,2026-02-21,Customer3296,Product2,5,6277,31385,5649.3,37034.3
INV03297,2026-02-22,Customer3297,Product20,2,34216,68432,12317.76,80749.76
INV03298,2026-02-23,Customer3298,Product8,2,15009,30018,5403.24,35421.24
INV03299,2026-02-24,Customer3299,Product11,4,32785,131140,23605.2,154745.2
INV03300,2026-02-25,Customer3300,Product20,2,40152,80304,14454.72,94758.72
INV03301,2026-02-26,Customer3301,Product2,5,45820,229100,41238.0,270338.0
INV03302,2026-02-27,Customer3302,Product12,4,36098,144392,25990.56,170382.56
INV03303,2026-02-28,Customer3303,Product12,3,36473,109419,19695.42,129114.42
INV03304,2026-02-01,Customer3304,Product16,5,15955,79775,14359.5,94134.5
INV03305,2026-02-02,Customer3305,Product2,5,15556,77780,14000.4,91780.4
INV03306,2026-02-03,Customer3306,Product6,2,17674,35348,6362.64,41710.64
INV03307,2026-02-04,Customer3307,Product7,1,1888,1888,339.84,2227.84
INV03308,2026-02-05,Customer3308,Product13,1,24648,24648,4436.64,29084.64
INV03309,2026-02-06,Customer3309,Product8,3,17311,51933,9347.94,61280.94
INV03310,2026-02-07,Customer3310,Product8,4,15822,63288,11391.84,74679.84
INV03311,2026-02-08,Customer3311,Product2,5,7880,39400,7092.0,46492.0
INV03312,2026-02-09,Customer3312,Product5,4,36973,147892,26620.56,174512.56
INV03313,2026-02-10,Customer3313,Product18,5,38441,192205,34596.9,226801.9
INV03314,2026-02-11,Customer3314,Product12,5,47758,238790,42982.2,281772.2
INV03315,2026-02-12,Customer3315,Product4,4,43823,175292,31552.56,206844.56
INV03316,2026-02-13,Customer3316,Product6,1,30200,30200,5436.0,35636.0
INV03317,2026-02-14,Customer3317,Product18,1,36327,36327,6538.86,42865.86
INV03318,2026-02-15,Customer3318,Product7,5,5480,27400,4932.0,32332.0
INV03319,2026-02-16,Customer3319,Product20,4,32793,131172,23610.96,154782.96
INV03320,2026-02-17,Customer3320,Product1,4,19664,78656,14158.08,92814.08
INV03321,2026-02-18,Customer3321,Product3,4,38588,154352,27783.36,182135.36
INV03322,2026-02-19,Customer3322,Product14,3,36525,109575,19723.5,129298.5
INV03323,2026-02-20,Customer3323,Product17,4,10882,43528,7835.04,51363.04
INV03324,2026-02-21,Customer3324,Product13,2,33850,67700,12186.0,79886.0
INV03325,2026-02-22,Customer3325,Product11,1,35823,35823,6448.14,42271.14
INV03326,2026-02-23,Customer3326,Product10,3,11355,34065,6131.7,40196.7
INV03327,2026-02-24,Customer3327,Product15,3,41480,124440,22399.2,146839.2
INV03328,2026-02-25,Customer3328,Product14,5,34866,174330,31379.4,205709.4
INV03329,2026-02-26,Customer3329,Product16,1,42223,42223,7600.14,49823.14
INV03330,2026-02-27,Customer3330,Product7,5,22848,114240,20563.2,134803.2
INV03331,2026-02-28,Customer3331,Product11,5,20788,103940,18709.2,122649.2
INV03332,2026-02-01,Customer3332,Product10,5,9161,45805,8244.9,54049.9
INV03333,2026-02-02,Customer3333,Product4,3,20416,61248,11024.64,72272.64
INV03334,2026-02-03,Customer3334,Product4,3,29425,88275,15889.5,104164.5
INV03335,2026-02-04,Customer3335,Product2,1,24136,24136,4344.48,28480.48
INV03336,2026-02-05,Customer3336,Product11,1,43661,43661,7858.98,51519.979999999996
INV03337,2026-02-06,Customer3337,Product5,1,19082,19082,3434.76,22516.760000000002
INV03338,2026-02-07,Customer3338,Product7,5,49287,246435,44358.3,290793.3
INV03339,2026-02-08,Customer3339,Product8,5,28256,141280,25430.4,166710.4
INV03340,2026-02-09,Customer3340,Product17,2,13933,27866,5015.88,32881.88
INV03341,2026-02-10,Customer3341,Product5,4,43241,172964,31133.52,204097.52
INV03342,2026-02-11,Customer3342,Product14,1,8104,8104,1458.72,9562.72
INV03343,2026-02-12,Customer3343,Product12,5,10787,53935,9708.3,63643.3
INV03344,2026-02-13,Customer3344,Product14,2,20338,40676,7321.68,47997.68
INV03345,2026-02-14,Customer3345,Product7,1,33424,33424,6016.32,39440.32
INV03346,2026-02-15,Customer3346,Product1,4,29276,117104,21078.72,138182.72
INV03347,2026-02-16,Customer3347,Product13,3,44810,134430,24197.4,158627.4
INV03348,2026-02-17,Customer3348,Product8,1,45951,45951,8271.18,54222.18
INV03349,2026-02-18,Customer3349,Product15,1,6179,6179,1112.22,7291.22
INV03350,2026-02-19,Customer3350,Product13,2,48558,97116,17480.88,114596.88
INV03351,2026-02-20,Customer3351,Product2,4,29822,119288,21471.84,140759.84
INV03352,2026-02-21,Customer3352,Product3,1,20209,20209,3637.62,23846.62
INV03353,2026-02-22,Customer3353,Product20,3,17727,53181,9572.58,62753.58
INV03354,2026-02-23,Customer3354,Product19,5,22802,114010,20521.8,134531.8
INV03355,2026-02-24,Customer3355,Product19,1,25761,25761,4636.98,30397.98
INV03356,2026-02-25,Customer3356,Product16,4,44782,179128,32243.04,211371.04
INV03357,2026-02-26,Customer3357,Product17,1,49539,49539,8917.02,58456.020000000004
INV03358,2026-02-27,Customer3358,Product6,4,10117,40468,7284.24,47752.24
INV03359,2026-02-28,Customer3359,Product6,2,2079,4158,748.44,4906.4400000000005
INV03360,2026-02-01,Customer3360,Product12,1,9223,9223,1660.14,10883.14
INV03361,2026-02-02,Customer3361,Product4,1,4586,4586,825.48,5411.48
INV03362,2026-02-03,Customer3362,Product18,4,42474,169896,30581.28,200477.28
INV03363,2026-02-04,Customer3363,Product10,5,21415,107075,19273.5,126348.5
INV03364,2026-02-05,Customer3364,Product11,2,46675,93350,16803.0,110153.0
INV03365,2026-02-06,Customer3365,Product8,1,11367,11367,2046.06,13413.06
INV03366,2026-02-07,Customer3366,Product2,1,25235,25235,4542.3,29777.3
INV03367,2026-02-08,Customer3367,Product20,3,39685,119055,21429.9,140484.9
INV03368,2026-02-09,Customer3368,Product12,3,17267,51801,9324.18,61125.18
INV03369,2026-02-10,Customer3369,Product10,4,35976,143904,25902.72,169806.72
INV03370,2026-02-11,Customer3370,Product2,4,11769,47076,8473.68,55549.68
INV03371,2026-02-12,Customer3371,Product14,3,2241,6723,1210.14,7933.14
INV03372,2026-02-13,Customer3372,Product1,2,37572,75144,13525.92,88669.92
INV03373,2026-02-14,Customer3373,Product15,5,15207,76035,13686.3,89721.3
INV03374,2026-02-15,Customer3374,Product12,3,11029,33087,5955.66,39042.66
INV03375,2026-02-16,Customer3375,Product16,5,18776,93880,16898.4,110778.4
INV03376,2026-02-17,Customer3376,Product20,1,48594,48594,8746.92,57340.92
INV03377,2026-02-18,Customer3377,Product19,1,47004,47004,8460.72,55464.72
INV03378,2026-02-19,Customer3378,Product14,4,26014,104056,18730.08,122786.08
INV03379,2026-02-20,Customer3379,Product19,3,49214,147642,26575.56,174217.56
INV03380,2026-02-21,Customer3380,Product2,2,42619,85238,15342.84,100580.84
INV03381,2026-02-22,Customer3381,Product14,1,45964,45964,8273.52,54237.520000000004
INV03382,2026-02-23,Customer3382,Product13,4,2062,8248,1484.64,9732.64
INV03383,2026-02-24,Customer3383,Product5,4,27089,108356,19504.08,127860.08
INV03384,2026-02-25,Customer3384,Product10,4,45347,181388,32649.84,214037.84
INV03385,2026-02-26,Customer3385,Product20,2,1774,3548,638.64,4186.64
INV03386,2026-02-27,Customer3386,Product16,2,6009,12018,2163.24,14181.24
INV03387,2026-02-28,Customer3387,Product9,1,21341,21341,3841.38,25182.38
INV03388,2026-02-01,Customer3388,Product8,3,9965,29895,5381.1,35276.1
INV03389,2026-02-02,Customer3389,Product13,5,12805,64025,11524.5,75549.5
INV03390,2026-02-03,Customer3390,Product7,2,12858,25716,4628.88,30344.88
INV03391,2026-02-04,Customer3391,Product10,5,23695,118475,21325.5,139800.5
INV03392,2026-02-05,Customer3392,Product20,1,23059,23059,4150.62,27209.62
INV03393,2026-02-06,Customer3393,Product9,5,1456,7280,1310.4,8590.4
INV03394,2026-02-07,Customer3394,Product15,4,4312,17248,3104.64,20352.64
INV03395,2026-02-08,Customer3395,Product18,2,649,1298,233.64,1531.6399999999999
INV03396,2026-02-09,Customer3396,Product6,2,17981,35962,6473.16,42435.16
INV03397,2026-02-10,Customer3397,Product19,2,43565,87130,15683.4,102813.4
INV03398,2026-02-11,Customer3398,Product12,5,25524,127620,22971.6,150591.6
INV03399,2026-02-12,Customer3399,Product7,2,47917,95834,17250.12,113084.12
INV03400,2026-02-13,Customer3400,Product2,5,25574,127870,23016.6,150886.6
INV03401,2026-02-14,Customer3401,Product16,3,47737,143211,25777.98,168988.98
INV03402,2026-02-15,Customer3402,Product6,4,28237,112948,20330.64,133278.64
INV03403,2026-02-16,Customer3403,Product6,1,1466,1466,263.88,1729.88
INV03404,2026-02-17,Customer3404,Product18,5,38444,192220,34599.6,226819.6
INV03405,2026-02-18,Customer3405,Product16,3,6135,18405,3312.9,21717.9
INV03406,2026-02-19,Customer3406,Product14,2,12711,25422,4575.96,29997.96
INV03407,2026-02-20,Customer3407,Product9,4,546,2184,393.12,2577.12
INV03408,2026-02-21,Customer3408,Product3,1,38856,38856,6994.08,45850.08
INV03409,2026-02-22,Customer3409,Product4,5,29237,146185,26313.3,172498.3
INV03410,2026-02-23,Customer3410,Product18,2,32509,65018,11703.24,76721.24
INV03411,2026-02-24,Customer3411,Product19,5,5816,29080,5234.4,34314.4
INV03412,2026-02-25,Customer3412,Product2,4,29712,118848,21392.64,140240.64
INV03413,2026-02-26,Customer3413,Product4,2,19915,39830,7169.4,46999.4
INV03414,2026-02-27,Customer3414,Product16,2,40368,80736,14532.48,95268.48
INV03415,2026-02-28,Customer3415,Product2,2,9059,18118,3261.24,21379.239999999998
INV03416,2026-02-01,Customer3416,Product14,5,5144,25720,4629.6,30349.6
INV03417,2026-02-02,Customer3417,Product8,5,12094,60470,10884.6,71354.6
INV03418,2026-02-03,Customer3418,Product3,2,11072,22144,3985.92,26129.92
INV03419,2026-02-04,Customer3419,Product8,5,47760,238800,42984.0,281784.0
INV03420,2026-02-05,Customer3420,Product8,2,31518,63036,11346.48,74382.48
INV03421,2026-02-06,Customer3421,Product12,2,3651,7302,1314.36,8616.36
INV03422,2026-02-07,Customer3422,Product2,4,43085,172340,31021.2,203361.2
INV03423,2026-02-08,Customer3423,Product5,3,8628,25884,4659.12,30543.12
INV03424,2026-02-09,Customer3424,Product20,2,16641,33282,5990.76,39272.76
INV03425,2026-02-10,Customer3425,Product5,3,22646,67938,12228.84,80166.84
INV03426,2026-02-11,Customer3426,Product15,5,6012,30060,5410.8,35470.8
INV03427,2026-02-12,Customer3427,Product14,4,45867,183468,33024.24,216492.24
INV03428,2026-02-13,Customer3428,Product7,1,29470,29470,5304.6,34774.6
INV03429,2026-02-14,Customer3429,Product2,2,26073,52146,9386.28,61532.28
INV03430,2026-02-15,Customer3430,Product17,3,1926,5778,1040.04,6818.04
INV03431,2026-02-16,Customer3431,Product3,3,10855,32565,5861.7,38426.7
INV03432,2026-02-17,Customer3432,Product3,1,6667,6667,1200.06,7867.0599999999995
INV03433,2026-02-18,Customer3433,Product20,3,26527,79581,14324.58,93905.58
INV03434,2026-02-19,Customer3434,Product8,3,16097,48291,8692.38,56983.38
INV03435,2026-02-20,Customer3435,Product19,3,37140,111420,20055.6,131475.6
INV03436,2026-02-21,Customer3436,Product2,3,37396,112188,20193.84,132381.84
INV03437,2026-02-22,Customer3437,Product17,5,10934,54670,9840.6,64510.6
INV03438,2026-02-23,Customer3438,Product19,3,1711,5133,923.94,6056.9400000000005
INV03439,2026-02-24,Customer3439,Product20,5,12001,60005,10800.9,70805.9
INV03440,2026-02-25,Customer3440,Product17,1,47730,47730,8591.4,56321.4
INV03441,2026-02-26,Customer3441,Product8,3,2824,8472,1524.96,9996.96
INV03442,2026-02-27,Customer3442,Product2,5,41517,207585,37365.3,244950.3
INV03443,2026-02-28,Customer3443,Product17,3,7719,23157,4168.26,27325.260000000002
INV03444,2026-02-01,Customer3444,Product6,2,35149,70298,12653.64,82951.64
INV03445,2026-02-02,Customer3445,Product20,3,34284,102852,18513.36,121365.36
INV03446,2026-02-03,Customer3446,Product15,3,36707,110121,19821.78,129942.78
INV03447,2026-02-04,Customer3447,Product4,5,20610,103050,18549.0,121599.0
INV03448,2026-02-05,Customer3448,Product10,2,29707,59414,10694.52,70108.52
INV03449,2026-02-06,Customer3449,Product18,2,18308,36616,6590.88,43206.88
INV03450,2026-02-07,Customer3450,Product12,4,25936,103744,18673.92,122417.92
INV03451,2026-02-08,Customer3451,Product17,1,30901,30901,5562.18,36463.18
INV03452,2026-02-09,Customer3452,Product17,2,19557,39114,7040.52,46154.520000000004
INV03453,2026-02-10,Customer3453,Product3,5,30559,152795,27503.1,180298.1
INV03454,2026-02-11,Customer3454,Product7,1,15099,15099,2717.82,17816.82
INV03455,2026-02-12,Customer3455,Product6,2,33978,67956,12232.08,80188.08
INV03456,2026-02-13,Customer3456,Product18,1,48951,48951,8811.18,57762.18
INV03457,2026-02-14,Customer3457,Product8,5,32244,161220,29019.6,190239.6
INV03458,2026-02-15,Customer3458,Product9,2,30551,61102,10998.36,72100.36
INV03459,2026-02-16,Customer3459,Product14,1,14118,14118,2541.24,16659.239999999998
INV03460,2026-02-17,Customer3460,Product14,5,6772,33860,6094.8,39954.8
INV03461,2026-02-18,Customer3461,Product2,1,11116,11116,2000.88,13116.880000000001
INV03462,2026-02-19,Customer3462,Product10,1,40073,40073,7213.14,47286.14
INV03463,2026-02-20,Customer3463,Product8,3,45939,137817,24807.06,162624.06
INV03464,2026-02-21,Customer3464,Product4,3,30582,91746,16514.28,108260.28
INV03465,2026-02-22,Customer3465,Product6,5,21205,106025,19084.5,125109.5
INV03466,2026-02-23,Customer3466,Product4,2,2531,5062,911.16,5973.16
INV03467,2026-02-24,Customer3467,Product19,1,9306,9306,1675.08,10981.08
INV03468,2026-02-25,Customer3468,Product1,4,45926,183704,33066.72,216770.72
INV03469,2026-02-26,Customer3469,Product14,5,1448,7240,1303.2,8543.2
INV03470,2026-02-27,Customer3470,Product13,5,49777,248885,44799.3,293684.3
INV03471,2026-02-28,Customer3471,Product8,2,4918,9836,1770.48,11606.48
INV03472,2026-02-01,Customer3472,Product12,5,26322,131610,23689.8,155299.8
INV03473,2026-02-02,Customer3473,Product9,2,38805,77610,13969.8,91579.8
INV03474,2026-02-03,Customer3474,Product7,3,23656,70968,12774.24,83742.24
INV03475,2026-02-04,Customer3475,Product11,4,21751,87004,15660.72,102664.72
INV03476,2026-02-05,Customer3476,Product4,4,2779,11116,2000.88,13116.880000000001
INV03477,2026-02-06,Customer3477,Product2,1,4168,4168,750.24,4918.24
INV03478,2026-02-07,Customer3478,Product5,2,30990,61980,11156.4,73136.4
INV03479,2026-02-08,Customer3479,Product7,5,35159,175795,31643.1,207438.1
INV03480,2026-02-09,Customer3480,Product10,3,36060,108180,19472.4,127652.4
INV03481,2026-02-10,Customer3481,Product16,5,7089,35445,6380.1,41825.1
INV03482,2026-02-11,Customer3482,Product20,5,10435,52175,9391.5,61566.5
INV03483,2026-02-12,Customer3483,Product20,1,44612,44612,8030.16,52642.16
INV03484,2026-02-13,Customer3484,Product14,3,5359,16077,2893.86,18970.86
INV03485,2026-02-14,Customer3485,Product4,1,31232,31232,5621.76,36853.76
INV03486,2026-02-15,Customer3486,Product4,2,44112,88224,15880.32,104104.32
INV03487,2026-02-16,Customer3487,Product12,3,30869,92607,16669.26,109276.26
INV03488,2026-02-17,Customer3488,Product15,4,31631,126524,22774.32,149298.32
INV03489,2026-02-18,Customer3489,Product11,5,14218,71090,12796.2,83886.2
INV03490,2026-02-19,Customer3490,Product10,5,43678,218390,39310.2,257700.2
INV03491,2026-02-20,Customer3491,Product1,2,35930,71860,12934.8,84794.8
INV03492,2026-02-21,Customer3492,Product4,3,2707,8121,1461.78,9582.78
INV03493,2026-02-22,Customer3493,Product1,3,14025,42075,7573.5,49648.5
INV03494,2026-02-23,Customer3494,Product17,3,13262,39786,7161.48,46947.479999999996
INV03495,2026-02-24,Customer3495,Product16,1,40010,40010,7201.8,47211.8
INV03496,2026-02-25,Customer3496,Product17,1,10775,10775,1939.5,12714.5
INV03497,2026-02-26,Customer3497,Product17,3,36932,110796,19943.28,130739.28
INV03498,2026-02-27,Customer3498,Product10,5,17012,85060,15310.8,100370.8
INV03499,2026-02-28,Customer3499,Product2,3,26052,78156,14068.08,92224.08
INV03500,2026-02-01,Customer3500,Product19,1,12801,12801,2304.18,15105.18
INV03501,2026-02-02,Customer3501,Product7,4,10193,40772,7338.96,48110.96
INV03502,2026-02-03,Customer3502,Product1,5,45254,226270,40728.6,266998.6
INV03503,2026-02-04,Customer3503,Product13,2,15630,31260,5626.8,36886.8
INV03504,2026-02-05,Customer3504,Product10,5,40214,201070,36192.6,237262.6
INV03505,2026-02-06,Customer3505,Product3,1,27000,27000,4860.0,31860.0
INV03506,2026-02-07,Customer3506,Product20,4,41090,164360,29584.8,193944.8
INV03507,2026-02-08,Customer3507,Product5,2,28048,56096,10097.28,66193.28
INV03508,2026-02-09,Customer3508,Product20,2,17861,35722,6429.96,42151.96
INV03509,2026-02-10,Customer3509,Product1,3,14581,43743,7873.74,51616.74
INV03510,2026-02-11,Customer3510,Product10,3,23562,70686,12723.48,83409.48
INV03511,2026-02-12,Customer3511,Product4,5,8794,43970,7914.6,51884.6
INV03512,2026-02-13,Customer3512,Product13,2,6875,13750,2475.0,16225.0
INV03513,2026-02-14,Customer3513,Product10,2,25159,50318,9057.24,59375.24
INV03514,2026-02-15,Customer3514,Product11,5,23371,116855,21033.9,137888.9
INV03515,2026-02-16,Customer3515,Product14,5,40040,200200,36036.0,236236.0
INV03516,2026-02-17,Customer3516,Product2,4,26653,106612,19190.16,125802.16
INV03517,2026-02-18,Customer3517,Product15,2,4548,9096,1637.28,10733.28
INV03518,2026-02-19,Customer3518,Product11,5,47560,237800,42804.0,280604.0
INV03519,2026-02-20,Customer3519,Product8,4,18601,74404,13392.72,87796.72
INV03520,2026-02-21,Customer3520,Product17,2,956,1912,344.16,2256.16
INV03521,2026-02-22,Customer3521,Product15,3,7815,23445,4220.1,27665.1
INV03522,2026-02-23,Customer3522,Product8,1,18370,18370,3306.6,21676.6
INV03523,2026-02-24,Customer3523,Product8,4,27194,108776,19579.68,128355.68
INV03524,2026-02-25,Customer3524,Product4,2,5121,10242,1843.56,12085.56
INV03525,2026-02-26,Customer3525,Product15,2,43294,86588,15585.84,102173.84
INV03526,2026-02-27,Customer3526,Product8,2,35521,71042,12787.56,83829.56
INV03527,2026-02-28,Customer3527,Product2,5,33755,168775,30379.5,199154.5
INV03528,2026-02-01,Customer3528,Product17,2,27109,54218,9759.24,63977.24
INV03529,2026-02-02,Customer3529,Product7,5,9312,46560,8380.8,54940.8
INV03530,2026-02-03,Customer3530,Product18,4,12360,49440,8899.2,58339.2
INV03531,2026-02-04,Customer3531,Product19,4,47861,191444,34459.92,225903.91999999998
INV03532,2026-02-05,Customer3532,Product1,4,4549,18196,3275.28,21471.28
INV03533,2026-02-06,Customer3533,Product12,5,1812,9060,1630.8,10690.8
INV03534,2026-02-07,Customer3534,Product18,3,14023,42069,7572.42,49641.42
INV03535,2026-02-08,Customer3535,Product20,5,2252,11260,2026.8,13286.8
INV03536,2026-02-09,Customer3536,Product18,1,48561,48561,8740.98,57301.979999999996
INV03537,2026-02-10,Customer3537,Product20,5,694,3470,624.6,4094.6
INV03538,2026-02-11,Customer3538,Product9,4,21892,87568,15762.24,103330.24
INV03539,2026-02-12,Customer3539,Product15,3,44341,133023,23944.14,156967.14
INV03540,2026-02-13,Customer3540,Product14,4,47167,188668,33960.24,222628.24
INV03541,2026-02-14,Customer3541,Product2,4,27267,109068,19632.24,128700.24
INV03542,2026-02-15,Customer3542,Product3,4,25610,102440,18439.2,120879.2
INV03543,2026-02-16,Customer3543,Product15,5,38717,193585,34845.3,228430.3
INV03544,2026-02-17,Customer3544,Product10,5,38115,190575,34303.5,224878.5
INV03545,2026-02-18,Customer3545,Product3,5,26656,133280,23990.4,157270.4
INV03546,2026-02-19,Customer3546,Product2,1,30739,30739,5533.02,36272.020000000004
INV03547,2026-02-20,Customer3547,Product5,1,47561,47561,8560.98,56121.979999999996
INV03548,2026-02-21,Customer3548,Product19,2,30153,60306,10855.08,71161.08
INV03549,2026-02-22,Customer3549,Product1,2,28380,56760,10216.8,66976.8
INV03550,2026-02-23,Customer3550,Product1,5,23772,118860,21394.8,140254.8
INV03551,2026-02-24,Customer3551,Product10,4,2332,9328,1679.04,11007.04
INV03552,2026-02-25,Customer3552,Product11,3,46992,140976,25375.68,166351.68
INV03553,2026-02-26,Customer3553,Product18,4,41849,167396,30131.28,197527.28
INV03554,2026-02-27,Customer3554,Product6,3,46070,138210,24877.8,163087.8
INV03555,2026-02-28,Customer3555,Product5,5,7821,39105,7038.9,46143.9
INV03556,2026-02-01,Customer3556,Product5,2,10411,20822,3747.96,24569.96
INV03557,2026-02-02,Customer3557,Product11,2,1023,2046,368.28,2414.2799999999997
INV03558,2026-02-03,Customer3558,Product11,3,38847,116541,20977.38,137518.38
INV03559,2026-02-04,Customer3559,Product13,5,30996,154980,27896.4,182876.4
INV03560,2026-02-05,Customer3560,Product12,4,5012,20048,3608.64,23656.64
INV03561,2026-02-06,Customer3561,Product11,2,27018,54036,9726.48,63762.479999999996
INV03562,2026-02-07,Customer3562,Product15,1,4968,4968,894.24,5862.24
INV03563,2026-02-08,Customer3563,Product10,2,33712,67424,12136.32,79560.32
INV03564,2026-02-09,Customer3564,Product14,1,1352,1352,243.36,1595.3600000000001
INV03565,2026-02-10,Customer3565,Product6,3,48523,145569,26202.42,171771.41999999998
INV03566,2026-02-11,Customer3566,Product10,3,21879,65637,11814.66,77451.66
INV03567,2026-02-12,Customer3567,Product10,1,34474,34474,6205.32,40679.32
INV03568,2026-02-13,Customer3568,Product11,1,29672,29672,5340.96,35012.96
INV03569,2026-02-14,Customer3569,Product11,5,8187,40935,7368.3,48303.3
INV03570,2026-02-15,Customer3570,Product3,4,9192,36768,6618.24,43386.24
INV03571,2026-02-16,Customer3571,Product20,1,36196,36196,6515.28,42711.28
INV03572,2026-02-17,Customer3572,Product9,5,32217,161085,28995.3,190080.3
INV03573,2026-02-18,Customer3573,Product16,4,27793,111172,20010.96,131182.96
INV03574,2026-02-19,Customer3574,Product13,1,25199,25199,4535.82,29734.82
INV03575,2026-02-20,Customer3575,Product7,4,47225,188900,34002.0,222902.0
INV03576,2026-02-21,Customer3576,Product9,5,6625,33125,5962.5,39087.5
INV03577,2026-02-22,Customer3577,Product10,1,9716,9716,1748.88,11464.880000000001
INV03578,2026-02-23,Customer3578,Product16,3,14630,43890,7900.2,51790.2
INV03579,2026-02-24,Customer3579,Product8,4,38076,152304,27414.72,179718.72
INV03580,2026-02-25,Customer3580,Product17,3,20407,61221,11019.78,72240.78
INV03581,2026-02-26,Customer3581,Product16,1,33844,33844,6091.92,39935.92
INV03582,2026-02-27,Customer3582,Product17,1,9531,9531,1715.58,11246.58
INV03583,2026-02-28,Customer3583,Product18,5,7519,37595,6767.1,44362.1
INV03584,2026-02-01,Customer3584,Product17,1,11126,11126,2002.68,13128.68
INV03585,2026-02-02,Customer3585,Product6,4,26510,106040,19087.2,125127.2
INV03586,2026-02-03,Customer3586,Product13,2,48428,96856,17434.08,114290.08
INV03587,2026-02-04,Customer3587,Product20,3,36629,109887,19779.66,129666.66
INV03588,2026-02-05,Customer3588,Product11,2,24457,48914,8804.52,57718.520000000004
INV03589,2026-02-06,Customer3589,Product14,4,40072,160288,28851.84,189139.84
INV03590,2026-02-07,Customer3590,Product16,2,46621,93242,16783.56,110025.56
INV03591,2026-02-08,Customer3591,Product5,4,32329,129316,23276.88,152592.88
INV03592,2026-02-09,Customer3592,Product1,1,8029,8029,1445.22,9474.22
INV03593,2026-02-10,Customer3593,Product10,5,26182,130910,23563.8,154473.8
INV03594,2026-02-11,Customer3594,Product9,1,11277,11277,2029.86,13306.86
INV03595,2026-02-12,Customer3595,Product19,3,13001,39003,7020.54,46023.54
INV03596,2026-02-13,Customer3596,Product16,2,4179,8358,1504.44,9862.44
INV03597,2026-02-14,Customer3597,Product13,3,45992,137976,24835.68,162811.68
INV03598,2026-02-15,Customer3598,Product3,1,45549,45549,8198.82,53747.82
INV03599,2026-02-16,Customer3599,Product19,5,14430,72150,12987.0,85137.0
INV03600,2026-02-17,Customer3600,Product10,3,25604,76812,13826.16,90638.16
INV03601,2026-02-18,Customer3601,Product4,3,48880,146640,26395.2,173035.2
INV03602,2026-02-19,Customer3602,Product14,4,48296,193184,34773.12,227957.12
INV03603,2026-02-20,Customer3603,Product3,2,40349,80698,14525.64,95223.64
INV03604,2026-02-21,Customer3604,Product19,2,43854,87708,15787.44,103495.44
INV03605,2026-02-22,Customer3605,Product7,4,47298,189192,34054.56,223246.56
INV03606,2026-02-23,Customer3606,Product10,4,34442,137768,24798.24,162566.24
INV03607,2026-02-24,Customer3607,Product11,2,29766,59532,10715.76,70247.76
INV03608,2026-02-25,Customer3608,Product6,3,43011,129033,23225.94,152258.94
INV03609,2026-02-26,Customer3609,Product9,4,36132,144528,26015.04,170543.04
INV03610,2026-02-27,Customer3610,Product15,4,14879,59516,10712.88,70228.88
INV03611,2026-02-28,Customer3611,Product5,4,10632,42528,7655.04,50183.04
INV03612,2026-02-01,Customer3612,Product11,2,30931,61862,11135.16,72997.16
INV03613,2026-02-02,Customer3613,Product3,5,39004,195020,35103.6,230123.6
INV03614,2026-02-03,Customer3614,Product13,4,24259,97036,17466.48,114502.48
INV03615,2026-02-04,Customer3615,Product10,1,29916,29916,5384.88,35300.88
INV03616,2026-02-05,Customer3616,Product15,1,10636,10636,1914.48,12550.48
INV03617,2026-02-06,Customer3617,Product5,4,19286,77144,13885.92,91029.92
INV03618,2026-02-07,Customer3618,Product8,2,6199,12398,2231.64,14629.64
INV03619,2026-02-08,Customer3619,Product10,4,18607,74428,13397.04,87825.04000000001
INV03620,2026-02-09,Customer3620,Product3,3,17513,52539,9457.02,61996.020000000004
INV03621,2026-02-10,Customer3621,Product1,1,34949,34949,6290.82,41239.82
INV03622,2026-02-11,Customer3622,Product14,4,10595,42380,7628.4,50008.4
INV03623,2026-02-12,Customer3623,Product5,2,45702,91404,16452.72,107856.72
INV03624,2026-02-13,Customer3624,Product5,5,5164,25820,4647.6,30467.6
INV03625,2026-02-14,Customer3625,Product7,4,18274,73096,13157.28,86253.28
INV03626,2026-02-15,Customer3626,Product18,4,49788,199152,35847.36,234999.36
INV03627,2026-02-16,Customer3627,Product14,3,32491,97473,17545.14,115018.14
INV03628,2026-02-17,Customer3628,Product4,1,44162,44162,7949.16,52111.16
INV03629,2026-02-18,Customer3629,Product10,5,19030,95150,17127.0,112277.0
INV03630,2026-02-19,Customer3630,Product3,1,20130,20130,3623.4,23753.4
INV03631,2026-02-20,Customer3631,Product9,4,32130,128520,23133.6,151653.6
INV03632,2026-02-21,Customer3632,Product17,4,12780,51120,9201.6,60321.6
INV03633,2026-02-22,Customer3633,Product1,1,24309,24309,4375.62,28684.62
INV03634,2026-02-23,Customer3634,Product7,5,22767,113835,20490.3,134325.3
INV03635,2026-02-24,Customer3635,Product16,2,47130,94260,16966.8,111226.8
INV03636,2026-02-25,Customer3636,Product2,5,24802,124010,22321.8,146331.8
INV03637,2026-02-26,Customer3637,Product19,4,29052,116208,20917.44,137125.44
INV03638,2026-02-27,Customer3638,Product2,3,9012,27036,4866.48,31902.48
INV03639,2026-02-28,Customer3639,Product2,1,43877,43877,7897.86,51774.86
INV03640,2026-02-01,Customer3640,Product19,5,30874,154370,27786.6,182156.6
INV03641,2026-02-02,Customer3641,Product11,1,31052,31052,5589.36,36641.36
INV03642,2026-02-03,Customer3642,Product9,4,36215,144860,26074.8,170934.8
INV03643,2026-02-04,Customer3643,Product2,5,46409,232045,41768.1,273813.1
INV03644,2026-02-05,Customer3644,Product12,2,45439,90878,16358.04,107236.04000000001
INV03645,2026-02-06,Customer3645,Product15,2,11721,23442,4219.56,27661.56
INV03646,2026-02-07,Customer3646,Product7,2,45288,90576,16303.68,106879.68
INV03647,2026-02-08,Customer3647,Product17,1,41364,41364,7445.52,48809.520000000004
INV03648,2026-02-09,Customer3648,Product18,5,48441,242205,43596.9,285801.9
INV03649,2026-02-10,Customer3649,Product17,5,5108,25540,4597.2,30137.2
INV03650,2026-02-11,Customer3650,Product19,2,44632,89264,16067.52,105331.52
INV03651,2026-02-12,Customer3651,Product3,1,17845,17845,3212.1,21057.1
INV03652,2026-02-13,Customer3652,Product3,4,21641,86564,15581.52,102145.52
INV03653,2026-02-14,Customer3653,Product12,3,19640,58920,10605.6,69525.6
INV03654,2026-02-15,Customer3654,Product13,5,18319,91595,16487.1,108082.1
INV03655,2026-02-16,Customer3655,Product8,1,22540,22540,4057.2,26597.2
INV03656,2026-02-17,Customer3656,Product15,4,34513,138052,24849.36,162901.36
INV03657,2026-02-18,Customer3657,Product17,5,11908,59540,10717.2,70257.2
INV03658,2026-02-19,Customer3658,Product9,2,20085,40170,7230.6,47400.6
INV03659,2026-02-20,Customer3659,Product14,1,6865,6865,1235.7,8100.7
INV03660,2026-02-21,Customer3660,Product6,4,42419,169676,30541.68,200217.68
INV03661,2026-02-22,Customer3661,Product7,3,1397,4191,754.38,4945.38
INV03662,2026-02-23,Customer3662,Product8,4,13891,55564,10001.52,65565.52
INV03663,2026-02-24,Customer3663,Product2,1,14483,14483,2606.94,17089.94
INV03664,2026-02-25,Customer3664,Product8,4,23426,93704,16866.72,110570.72
INV03665,2026-02-26,Customer3665,Product15,4,24949,99796,17963.28,117759.28
INV03666,2026-02-27,Customer3666,Product10,5,46484,232420,41835.6,274255.6
INV03667,2026-02-28,Customer3667,Product5,3,7263,21789,3922.02,25711.02
INV03668,2026-02-01,Customer3668,Product19,4,12501,50004,9000.72,59004.72
INV03669,2026-02-02,Customer3669,Product10,5,24599,122995,22139.1,145134.1
INV03670,2026-02-03,Customer3670,Product5,2,32899,65798,11843.64,77641.64
INV03671,2026-02-04,Customer3671,Product7,2,29296,58592,10546.56,69138.56
INV03672,2026-02-05,Customer3672,Product4,5,2466,12330,2219.4,14549.4
INV03673,2026-02-06,Customer3673,Product9,5,6766,33830,6089.4,39919.4
INV03674,2026-02-07,Customer3674,Product3,3,32099,96297,17333.46,113630.45999999999
INV03675,2026-02-08,Customer3675,Product19,3,48109,144327,25978.86,170305.86
INV03676,2026-02-09,Customer3676,Product11,3,24040,72120,12981.6,85101.6
INV03677,2026-02-10,Customer3677,Product11,5,32676,163380,29408.4,192788.4
INV03678,2026-02-11,Customer3678,Product1,5,24911,124555,22419.9,146974.9
INV03679,2026-02-12,Customer3679,Product14,3,27729,83187,14973.66,98160.66
INV03680,2026-02-13,Customer3680,Product16,3,40818,122454,22041.72,144495.72
INV03681,2026-02-14,Customer3681,Product18,5,16411,82055,14769.9,96824.9
INV03682,2026-02-15,Customer3682,Product2,1,43525,43525,7834.5,51359.5
INV03683,2026-02-16,Customer3683,Product4,5,21871,109355,19683.9,129038.9
INV03684,2026-02-17,Customer3684,Product1,3,48880,146640,26395.2,173035.2
INV03685,2026-02-18,Customer3685,Product18,5,46876,234380,42188.4,276568.4
INV03686,2026-02-19,Customer3686,Product19,3,27179,81537,14676.66,96213.66
INV03687,2026-02-20,Customer3687,Product6,4,43321,173284,31191.12,204475.12
INV03688,2026-02-21,Customer3688,Product7,1,21209,21209,3817.62,25026.62
INV03689,2026-02-22,Customer3689,Product15,1,14015,14015,2522.7,16537.7
INV03690,2026-02-23,Customer3690,Product2,3,33981,101943,18349.74,120292.74
INV03691,2026-02-24,Customer3691,Product15,1,47126,47126,8482.68,55608.68
INV03692,2026-02-25,Customer3692,Product14,2,6508,13016,2342.88,15358.880000000001
INV03693,2026-02-26,Customer3693,Product14,2,27317,54634,9834.12,64468.12
INV03694,2026-02-27,Customer3694,Product12,1,38284,38284,6891.12,45175.12
INV03695,2026-02-28,Customer3695,Product6,5,40330,201650,36297.0,237947.0
INV03696,2026-02-01,Customer3696,Product4,4,15572,62288,11211.84,73499.84
INV03697,2026-02-02,Customer3697,Product10,2,31511,63022,11343.96,74365.95999999999
INV03698,2026-02-03,Customer3698,Product9,5,44147,220735,39732.3,260467.3
INV03699,2026-02-04,Customer3699,Product8,4,19198,76792,13822.56,90614.56
INV03700,2026-02-05,Customer3700,Product13,4,30790,123160,22168.8,145328.8
INV03701,2026-02-06,Customer3701,Product19,4,25614,102456,18442.08,120898.08
INV03702,2026-02-07,Customer3702,Product5,2,44475,88950,16011.0,104961.0
INV03703,2026-02-08,Customer3703,Product19,2,5844,11688,2103.84,13791.84
INV03704,2026-02-09,Customer3704,Product19,1,20186,20186,3633.48,23819.48
INV03705,2026-02-10,Customer3705,Product12,3,4487,13461,2422.98,15883.98
INV03706,2026-02-11,Customer3706,Product1,4,26271,105084,18915.12,123999.12
INV03707,2026-02-12,Customer3707,Product2,4,11670,46680,8402.4,55082.4
INV03708,2026-02-13,Customer3708,Product11,5,24193,120965,21773.7,142738.7
INV03709,2026-02-14,Customer3709,Product19,2,38435,76870,13836.6,90706.6
INV03710,2026-02-15,Customer3710,Product5,1,39536,39536,7116.48,46652.479999999996
INV03711,2026-02-16,Customer3711,Product8,5,32656,163280,29390.4,192670.4
INV03712,2026-02-17,Customer3712,Product13,1,20163,20163,3629.34,23792.34
INV03713,2026-02-18,Customer3713,Product14,3,41676,125028,22505.04,147533.04
INV03714,2026-02-19,Customer3714,Product7,3,33225,99675,17941.5,117616.5
INV03715,2026-02-20,Customer3715,Product13,2,13432,26864,4835.52,31699.52
INV03716,2026-02-21,Customer3716,Product6,3,10281,30843,5551.74,36394.74
INV03717,2026-02-22,Customer3717,Product6,2,24417,48834,8790.12,57624.12
INV03718,2026-02-23,Customer3718,Product10,5,24939,124695,22445.1,147140.1
INV03719,2026-02-24,Customer3719,Product10,2,32921,65842,11851.56,77693.56
INV03720,2026-02-25,Customer3720,Product7,4,38692,154768,27858.24,182626.24
INV03721,2026-02-26,Customer3721,Product12,4,3696,14784,2661.12,17445.12
INV03722,2026-02-27,Customer3722,Product14,3,38772,116316,20936.88,137252.88
INV03723,2026-02-28,Customer3723,Product6,4,8171,32684,5883.12,38567.12
INV03724,2026-02-01,Customer3724,Product4,4,28911,115644,20815.92,136459.91999999998
INV03725,2026-02-02,Customer3725,Product11,5,1948,9740,1753.2,11493.2
INV03726,2026-02-03,Customer3726,Product13,1,34694,34694,6244.92,40938.92
INV03727,2026-02-04,Customer3727,Product10,1,40894,40894,7360.92,48254.92
INV03728,2026-02-05,Customer3728,Product1,4,39837,159348,28682.64,188030.64
INV03729,2026-02-06,Customer3729,Product19,2,9022,18044,3247.92,21291.92
INV03730,2026-02-07,Customer3730,Product2,1,11885,11885,2139.3,14024.3
INV03731,2026-02-08,Customer3731,Product15,1,40931,40931,7367.58,48298.58
INV03732,2026-02-09,Customer3732,Product19,3,3146,9438,1698.84,11136.84
INV03733,2026-02-10,Customer3733,Product3,5,649,3245,584.1,3829.1
INV03734,2026-02-11,Customer3734,Product9,1,44377,44377,7987.86,52364.86
INV03735,2026-02-12,Customer3735,Product19,2,21549,43098,7757.64,50855.64
INV03736,2026-02-13,Customer3736,Product18,4,32224,128896,23201.28,152097.28
INV03737,2026-02-14,Customer3737,Product2,5,45079,225395,40571.1,265966.1
INV03738,2026-02-15,Customer3738,Product6,3,18812,56436,10158.48,66594.48
INV03739,2026-02-16,Customer3739,Product19,3,20468,61404,11052.72,72456.72
INV03740,2026-02-17,Customer3740,Product20,3,6529,19587,3525.66,23112.66
INV03741,2026-02-18,Customer3741,Product10,2,23313,46626,8392.68,55018.68
INV03742,2026-02-19,Customer3742,Product13,2,24659,49318,8877.24,58195.24
INV03743,2026-02-20,Customer3743,Product4,4,3831,15324,2758.32,18082.32
INV03744,2026-02-21,Customer3744,Product15,5,32949,164745,29654.1,194399.1
INV03745,2026-02-22,Customer3745,Product2,4,23278,93112,16760.16,109872.16
INV03746,2026-02-23,Customer3746,Product9,2,40414,80828,14549.04,95377.04000000001
INV03747,2026-02-24,Customer3747,Product5,4,45883,183532,33035.76,216567.76
INV03748,2026-02-25,Customer3748,Product14,2,9851,19702,3546.36,23248.36
INV03749,2026-02-26,Customer3749,Product3,2,29016,58032,10445.76,68477.76
INV03750,2026-02-27,Customer3750,Product19,1,43028,43028,7745.04,50773.04
INV03751,2026-02-28,Customer3751,Product7,2,9232,18464,3323.52,21787.52
INV03752,2026-02-01,Customer3752,Product1,3,10531,31593,5686.74,37279.74
INV03753,2026-02-02,Customer3753,Product7,5,7692,38460,6922.8,45382.8
INV03754,2026-02-03,Customer3754,Product8,3,42126,126378,22748.04,149126.04
INV03755,2026-02-04,Customer3755,Product9,4,48207,192828,34709.04,227537.04
INV03756,2026-02-05,Customer3756,Product19,5,47152,235760,42436.8,278196.8
INV03757,2026-02-06,Customer3757,Product10,2,46365,92730,16691.4,109421.4
INV03758,2026-02-07,Customer3758,Product15,5,28469,142345,25622.1,167967.1
INV03759,2026-02-08,Customer3759,Product4,2,17438,34876,6277.68,41153.68
INV03760,2026-02-09,Customer3760,Product18,4,7400,29600,5328.0,34928.0
INV03761,2026-02-10,Customer3761,Product4,2,49578,99156,17848.08,117004.08
INV03762,2026-02-11,Customer3762,Product6,1,20545,20545,3698.1,24243.1
INV03763,2026-02-12,Customer3763,Product16,5,10906,54530,9815.4,64345.4
INV03764,2026-02-13,Customer3764,Product6,2,8283,16566,2981.88,19547.88
INV03765,2026-02-14,Customer3765,Product6,2,17121,34242,6163.56,40405.56
INV03766,2026-02-15,Customer3766,Product1,2,17563,35126,6322.68,41448.68
INV03767,2026-02-16,Customer3767,Product18,5,15237,76185,13713.3,89898.3
INV03768,2026-02-17,Customer3768,Product10,4,25472,101888,18339.84,120227.84
INV03769,2026-02-18,Customer3769,Product9,5,25563,127815,23006.7,150821.7
INV03770,2026-02-19,Customer3770,Product7,4,39282,157128,28283.04,185411.04
INV03771,2026-02-20,Customer3771,Product16,3,24191,72573,13063.14,85636.14
INV03772,2026-02-21,Customer3772,Product11,2,22706,45412,8174.16,53586.16
INV03773,2026-02-22,Customer3773,Product19,2,9651,19302,3474.36,22776.36
INV03774,2026-02-23,Customer3774,Product9,2,4409,8818,1587.24,10405.24
INV03775,2026-02-24,Customer3775,Product4,2,15072,30144,5425.92,35569.92
INV03776,2026-02-25,Customer3776,Product3,5,28423,142115,25580.7,167695.7
INV03777,2026-02-26,Customer3777,Product6,5,4255,21275,3829.5,25104.5
INV03778,2026-02-27,Customer3778,Product9,2,36787,73574,13243.32,86817.32
INV03779,2026-02-28,Customer3779,Product10,5,6846,34230,6161.4,40391.4
INV03780,2026-02-01,Customer3780,Product8,2,13085,26170,4710.6,30880.6
INV03781,2026-02-02,Customer3781,Product3,1,3614,3614,650.52,4264.52
INV03782,2026-02-03,Customer3782,Product16,3,25374,76122,13701.96,89823.95999999999
INV03783,2026-02-04,Customer3783,Product2,4,20444,81776,14719.68,96495.68
INV03784,2026-02-05,Customer3784,Product8,2,13111,26222,4719.96,30941.96
INV03785,2026-02-06,Customer3785,Product3,3,18408,55224,9940.32,65164.32
INV03786,2026-02-07,Customer3786,Product7,2,15740,31480,5666.4,37146.4
INV03787,2026-02-08,Customer3787,Product14,3,6030,18090,3256.2,21346.2
INV03788,2026-02-09,Customer3788,Product16,5,8702,43510,7831.8,51341.8
INV03789,2026-02-10,Customer3789,Product15,2,23498,46996,8459.28,55455.28
INV03790,2026-02-11,Customer3790,Product5,3,19329,57987,10437.66,68424.66
INV03791,2026-02-12,Customer3791,Product15,4,26289,105156,18928.08,124084.08
INV03792,2026-02-13,Customer3792,Product12,4,6853,27412,4934.16,32346.16
INV03793,2026-02-14,Customer3793,Product12,4,7641,30564,5501.52,36065.520000000004
INV03794,2026-02-15,Customer3794,Product2,1,5138,5138,924.84,6062.84
INV03795,2026-02-16,Customer3795,Product1,1,15194,15194,2734.92,17928.92
INV03796,2026-02-17,Customer3796,Product1,1,30584,30584,5505.12,36089.12
INV03797,2026-02-18,Customer3797,Product6,4,49955,199820,35967.6,235787.6
INV03798,2026-02-19,Customer3798,Product18,5,28184,140920,25365.6,166285.6
INV03799,2026-02-20,Customer3799,Product20,3,34648,103944,18709.92,122653.92
INV03800,2026-02-21,Customer3800,Product2,1,30464,30464,5483.52,35947.520000000004
INV03801,2026-02-22,Customer3801,Product20,1,29256,29256,5266.08,34522.08
INV03802,2026-02-23,Customer3802,Product17,4,4723,18892,3400.56,22292.56
INV03803,2026-02-24,Customer3803,Product11,1,41994,41994,7558.92,49552.92
INV03804,2026-02-25,Customer3804,Product18,1,2557,2557,460.26,3017.26
INV03805,2026-02-26,Customer3805,Product7,2,20966,41932,7547.76,49479.76
INV03806,2026-02-27,Customer3806,Product17,5,26207,131035,23586.3,154621.3
INV03807,2026-02-28,Customer3807,Product8,3,26462,79386,14289.48,93675.48
INV03808,2026-02-01,Customer3808,Product16,4,31696,126784,22821.12,149605.12
INV03809,2026-02-02,Customer3809,Product10,5,24801,124005,22320.9,146325.9
INV03810,2026-02-03,Customer3810,Product16,4,20573,82292,14812.56,97104.56
INV03811,2026-02-04,Customer3811,Product5,3,32441,97323,17518.14,114841.14
INV03812,2026-02-05,Customer3812,Product4,5,27150,135750,24435.0,160185.0
INV03813,2026-02-06,Customer3813,Product13,4,7913,31652,5697.36,37349.36
INV03814,2026-02-07,Customer3814,Product2,1,47120,47120,8481.6,55601.6
INV03815,2026-02-08,Customer3815,Product10,2,29995,59990,10798.2,70788.2
INV03816,2026-02-09,Customer3816,Product5,4,36070,144280,25970.4,170250.4
INV03817,2026-02-10,Customer3817,Product4,2,17156,34312,6176.16,40488.16
INV03818,2026-02-11,Customer3818,Product5,4,38252,153008,27541.44,180549.44
INV03819,2026-02-12,Customer3819,Product4,3,45888,137664,24779.52,162443.52
INV03820,2026-02-13,Customer3820,Product4,4,7227,28908,5203.44,34111.44
INV03821,2026-02-14,Customer3821,Product2,1,29986,29986,5397.48,35383.479999999996
INV03822,2026-02-15,Customer3822,Product15,5,11396,56980,10256.4,67236.4
INV03823,2026-02-16,Customer3823,Product14,5,28095,140475,25285.5,165760.5
INV03824,2026-02-17,Customer3824,Product16,4,13635,54540,9817.2,64357.2
INV03825,2026-02-18,Customer3825,Product10,5,30149,150745,27134.1,177879.1
INV03826,2026-02-19,Customer3826,Product2,2,21613,43226,7780.68,51006.68
INV03827,2026-02-20,Customer3827,Product10,4,2333,9332,1679.76,11011.76
INV03828,2026-02-21,Customer3828,Product20,4,18374,73496,13229.28,86725.28
INV03829,2026-02-22,Customer3829,Product11,5,5715,28575,5143.5,33718.5
INV03830,2026-02-23,Customer3830,Product6,4,20152,80608,14509.44,95117.44
INV03831,2026-02-24,Customer3831,Product16,3,49527,148581,26744.58,175325.58000000002
INV03832,2026-02-25,Customer3832,Product14,1,10437,10437,1878.66,12315.66
INV03833,2026-02-26,Customer3833,Product13,5,28487,142435,25638.3,168073.3
INV03834,2026-02-27,Customer3834,Product10,4,43587,174348,31382.64,205730.64
INV03835,2026-02-28,Customer3835,Product17,3,23267,69801,12564.18,82365.18
INV03836,2026-02-01,Customer3836,Product12,2,30495,60990,10978.2,71968.2
INV03837,2026-02-02,Customer3837,Product5,2,13622,27244,4903.92,32147.92
INV03838,2026-02-03,Customer3838,Product14,2,3855,7710,1387.8,9097.8
INV03839,2026-02-04,Customer3839,Product4,4,45307,181228,32621.04,213849.04
INV03840,2026-02-05,Customer3840,Product16,4,21207,84828,15269.04,100097.04000000001
INV03841,2026-02-06,Customer3841,Product3,1,23705,23705,4266.9,27971.9
INV03842,2026-02-07,Customer3842,Product11,4,30526,122104,21978.72,144082.72
INV03843,2026-02-08,Customer3843,Product2,4,10951,43804,7884.72,51688.72
INV03844,2026-02-09,Customer3844,Product13,2,5373,10746,1934.28,12680.28
INV03845,2026-02-10,Customer3845,Product14,3,47630,142890,25720.2,168610.2
INV03846,2026-02-11,Customer3846,Product7,1,3785,3785,681.3,4466.3
INV03847,2026-02-12,Customer3847,Product7,5,32713,163565,29441.7,193006.7
INV03848,2026-02-13,Customer3848,Product16,4,12109,48436,8718.48,57154.479999999996
INV03849,2026-02-14,Customer3849,Product6,4,49816,199264,35867.52,235131.52
INV03850,2026-02-15,Customer3850,Product13,2,973,1946,350.28,2296.2799999999997
INV03851,2026-02-16,Customer3851,Product12,4,17547,70188,12633.84,82821.84
INV03852,2026-02-17,Customer3852,Product15,1,21390,21390,3850.2,25240.2
INV03853,2026-02-18,Customer3853,Product2,5,25053,125265,22547.7,147812.7
INV03854,2026-02-19,Customer3854,Product1,1,2620,2620,471.6,3091.6
INV03855,2026-02-20,Customer3855,Product19,4,25541,102164,18389.52,120553.52
INV03856,2026-02-21,Customer3856,Product10,4,10499,41996,7559.28,49555.28
INV03857,2026-02-22,Customer3857,Product14,5,668,3340,601.2,3941.2
INV03858,2026-02-23,Customer3858,Product15,4,42074,168296,30293.28,198589.28
INV03859,2026-02-24,Customer3859,Product5,1,46215,46215,8318.7,54533.7
INV03860,2026-02-25,Customer3860,Product9,1,14904,14904,2682.72,17586.72
INV03861,2026-02-26,Customer3861,Product2,5,48034,240170,43230.6,283400.6
INV03862,2026-02-27,Customer3862,Product17,2,19847,39694,7144.92,46838.92
INV03863,2026-02-28,Customer3863,Product3,5,48682,243410,43813.8,287223.8
INV03864,2026-02-01,Customer3864,Product8,1,13050,13050,2349.0,15399.0
INV03865,2026-02-02,Customer3865,Product6,4,49702,198808,35785.44,234593.44
INV03866,2026-02-03,Customer3866,Product18,5,29574,147870,26616.6,174486.6
INV03867,2026-02-04,Customer3867,Product18,1,33789,33789,6082.02,39871.020000000004
INV03868,2026-02-05,Customer3868,Product9,2,34723,69446,12500.28,81946.28
INV03869,2026-02-06,Customer3869,Product20,4,767,3068,552.24,3620.24
INV03870,2026-02-07,Customer3870,Product6,1,49912,49912,8984.16,58896.16
INV03871,2026-02-08,Customer3871,Product10,4,48061,192244,34603.92,226847.91999999998
INV03872,2026-02-09,Customer3872,Product7,5,1859,9295,1673.1,10968.1
INV03873,2026-02-10,Customer3873,Product20,4,1786,7144,1285.92,8429.92
INV03874,2026-02-11,Customer3874,Product17,2,42245,84490,15208.2,99698.2
INV03875,2026-02-12,Customer3875,Product10,2,23915,47830,8609.4,56439.4
INV03876,2026-02-13,Customer3876,Product7,5,10530,52650,9477.0,62127.0
INV03877,2026-02-14,Customer3877,Product2,3,26762,80286,14451.48,94737.48
INV03878,2026-02-15,Customer3878,Product13,5,26420,132100,23778.0,155878.0
INV03879,2026-02-16,Customer3879,Product10,2,13974,27948,5030.64,32978.64
INV03880,2026-02-17,Customer3880,Product20,1,39027,39027,7024.86,46051.86
INV03881,2026-02-18,Customer3881,Product14,3,36744,110232,19841.76,130073.76
INV03882,2026-02-19,Customer3882,Product8,3,46513,139539,25117.02,164656.02
INV03883,2026-02-20,Customer3883,Product19,5,30789,153945,27710.1,181655.1
INV03884,2026-02-21,Customer3884,Product15,1,21054,21054,3789.72,24843.72
INV03885,2026-02-22,Customer3885,Product2,2,31315,62630,11273.4,73903.4
INV03886,2026-02-23,Customer3886,Product11,3,13700,41100,7398.0,48498.0
INV03887,2026-02-24,Customer3887,Product20,1,33835,33835,6090.3,39925.3
INV03888,2026-02-25,Customer3888,Product1,5,18893,94465,17003.7,111468.7
INV03889,2026-02-26,Customer3889,Product6,2,47270,94540,17017.2,111557.2
INV03890,2026-02-27,Customer3890,Product18,4,20531,82124,14782.32,96906.32
INV03891,2026-02-28,Customer3891,Product17,1,25784,25784,4641.12,30425.12
INV03892,2026-02-01,Customer3892,Product8,2,45761,91522,16473.96,107995.95999999999
INV03893,2026-02-02,Customer3893,Product19,4,2578,10312,1856.16,12168.16
INV03894,2026-02-03,Customer3894,Product15,1,34918,34918,6285.24,41203.24
INV03895,2026-02-04,Customer3895,Product6,1,32679,32679,5882.22,38561.22
INV03896,2026-02-05,Customer3896,Product1,5,33313,166565,29981.7,196546.7
INV03897,2026-02-06,Customer3897,Product16,3,40096,120288,21651.84,141939.84
INV03898,2026-02-07,Customer3898,Product16,3,46253,138759,24976.62,163735.62
INV03899,2026-02-08,Customer3899,Product13,4,45940,183760,33076.8,216836.8
INV03900,2026-02-09,Customer3900,Product8,4,38416,153664,27659.52,181323.52
INV03901,2026-02-10,Customer3901,Product5,3,35864,107592,19366.56,126958.56
INV03902,2026-02-11,Customer3902,Product7,5,24254,121270,21828.6,143098.6
INV03903,2026-02-12,Customer3903,Product14,1,10376,10376,1867.68,12243.68
INV03904,2026-02-13,Customer3904,Product14,5,12869,64345,11582.1,75927.1
INV03905,2026-02-14,Customer3905,Product18,4,19404,77616,13970.88,91586.88
INV03906,2026-02-15,Customer3906,Product3,4,30621,122484,22047.12,144531.12
INV03907,2026-02-16,Customer3907,Product19,2,6107,12214,2198.52,14412.52
INV03908,2026-02-17,Customer3908,Product19,5,33766,168830,30389.4,199219.4
INV03909,2026-02-18,Customer3909,Product13,5,35921,179605,32328.9,211933.9
INV03910,2026-02-19,Customer3910,Product11,5,21014,105070,18912.6,123982.6
INV03911,2026-02-20,Customer3911,Product17,2,43891,87782,15800.76,103582.76
INV03912,2026-02-21,Customer3912,Product4,2,39803,79606,14329.08,93935.08
INV03913,2026-02-22,Customer3913,Product20,3,27693,83079,14954.22,98033.22
INV03914,2026-02-23,Customer3914,Product19,4,23576,94304,16974.72,111278.72
INV03915,2026-02-24,Customer3915,Product6,4,8879,35516,6392.88,41908.88
INV03916,2026-02-25,Customer3916,Product10,3,27470,82410,14833.8,97243.8
INV03917,2026-02-26,Customer3917,Product8,4,29863,119452,21501.36,140953.36
INV03918,2026-02-27,Customer3918,Product17,4,16651,66604,11988.72,78592.72
INV03919,2026-02-28,Customer3919,Product7,5,16127,80635,14514.3,95149.3
INV03920,2026-02-01,Customer3920,Product10,5,27511,137555,24759.9,162314.9
INV03921,2026-02-02,Customer3921,Product17,4,39530,158120,28461.6,186581.6
INV03922,2026-02-03,Customer3922,Product11,3,43183,129549,23318.82,152867.82
INV03923,2026-02-04,Customer3923,Product19,5,41972,209860,37774.8,247634.8
INV03924,2026-02-05,Customer3924,Product16,3,6773,20319,3657.42,23976.42
INV03925,2026-02-06,Customer3925,Product7,4,23833,95332,17159.76,112491.76
INV03926,2026-02-07,Customer3926,Product16,2,28682,57364,10325.52,67689.52
INV03927,2026-02-08,Customer3927,Product6,3,29792,89376,16087.68,105463.68
INV03928,2026-02-09,Customer3928,Product16,2,45901,91802,16524.36,108326.36
INV03929,2026-02-10,Customer3929,Product8,5,7034,35170,6330.6,41500.6
INV03930,2026-02-11,Customer3930,Product8,1,43663,43663,7859.34,51522.34
INV03931,2026-02-12,Customer3931,Product4,5,21265,106325,19138.5,125463.5
INV03932,2026-02-13,Customer3932,Product17,5,29114,145570,26202.6,171772.6
INV03933,2026-02-14,Customer3933,Product15,2,18193,36386,6549.48,42935.479999999996
INV03934,2026-02-15,Customer3934,Product13,4,41800,167200,30096.0,197296.0
INV03935,2026-02-16,Customer3935,Product12,4,41789,167156,30088.08,197244.08000000002
INV03936,2026-02-17,Customer3936,Product11,3,40759,122277,22009.86,144286.86
INV03937,2026-02-18,Customer3937,Product14,2,27504,55008,9901.44,64909.44
INV03938,2026-02-19,Customer3938,Product7,3,28960,86880,15638.4,102518.4
INV03939,2026-02-20,Customer3939,Product9,2,32312,64624,11632.32,76256.32
INV03940,2026-02-21,Customer3940,Product15,4,46149,184596,33227.28,217823.28
INV03941,2026-02-22,Customer3941,Product1,5,37701,188505,33930.9,222435.9
INV03942,2026-02-23,Customer3942,Product19,2,26839,53678,9662.04,63340.04
INV03943,2026-02-24,Customer3943,Product12,2,7452,14904,2682.72,17586.72
INV03944,2026-02-25,Customer3944,Product20,2,21743,43486,7827.48,51313.479999999996
INV03945,2026-02-26,Customer3945,Product20,1,22454,22454,4041.72,26495.72
INV03946,2026-02-27,Customer3946,Product8,2,26911,53822,9687.96,63509.96
INV03947,2026-02-28,Customer3947,Product13,1,6146,6146,1106.28,7252.28
INV03948,2026-02-01,Customer3948,Product8,5,20893,104465,18803.7,123268.7
INV03949,2026-02-02,Customer3949,Product10,1,42325,42325,7618.5,49943.5
INV03950,2026-02-03,Customer3950,Product8,2,39431,78862,14195.16,93057.16
INV03951,2026-02-04,Customer3951,Product4,3,48897,146691,26404.38,173095.38
INV03952,2026-02-05,Customer3952,Product15,2,16483,32966,5933.88,38899.88
INV03953,2026-02-06,Customer3953,Product11,3,17098,51294,9232.92,60526.92
INV03954,2026-02-07,Customer3954,Product1,1,34960,34960,6292.8,41252.8
INV03955,2026-02-08,Customer3955,Product4,1,23226,23226,4180.68,27406.68
INV03956,2026-02-09,Customer3956,Product15,3,15052,45156,8128.08,53284.08
INV03957,2026-02-10,Customer3957,Product6,3,4839,14517,2613.06,17130.06
INV03958,2026-02-11,Customer3958,Product8,4,43563,174252,31365.36,205617.36
INV03959,2026-02-12,Customer3959,Product3,2,41977,83954,15111.72,99065.72
INV03960,2026-02-13,Customer3960,Product6,1,12692,12692,2284.56,14976.56
INV03961,2026-02-14,Customer3961,Product1,3,36358,109074,19633.32,128707.32
INV03962,2026-02-15,Customer3962,Product19,1,10247,10247,1844.46,12091.46
INV03963,2026-02-16,Customer3963,Product4,2,43726,87452,15741.36,103193.36
INV03964,2026-02-17,Customer3964,Product7,3,38612,115836,20850.48,136686.48
INV03965,2026-02-18,Customer3965,Product6,4,33001,132004,23760.72,155764.72
INV03966,2026-02-19,Customer3966,Product9,5,32531,162655,29277.9,191932.9
INV03967,2026-02-20,Customer3967,Product3,4,4100,16400,2952.0,19352.0
INV03968,2026-02-21,Customer3968,Product3,4,9794,39176,7051.68,46227.68
INV03969,2026-02-22,Customer3969,Product8,3,28387,85161,15328.98,100489.98
INV03970,2026-02-23,Customer3970,Product7,5,22619,113095,20357.1,133452.1
INV03971,2026-02-24,Customer3971,Product13,5,6840,34200,6156.0,40356.0
INV03972,2026-02-25,Customer3972,Product11,2,36134,72268,13008.24,85276.24
INV03973,2026-02-26,Customer3973,Product20,4,37032,148128,26663.04,174791.04
INV03974,2026-02-27,Customer3974,Product12,1,22867,22867,4116.06,26983.06
INV03975,2026-02-28,Customer3975,Product7,2,43888,87776,15799.68,103575.68
INV03976,2026-02-01,Customer3976,Product16,4,10582,42328,7619.04,49947.04
INV03977,2026-02-02,Customer3977,Product11,3,26264,78792,14182.56,92974.56
INV03978,2026-02-03,Customer3978,Product7,5,32329,161645,29096.1,190741.1
INV03979,2026-02-04,Customer3979,Product15,1,18509,18509,3331.62,21840.62
INV03980,2026-02-05,Customer3980,Product9,5,42857,214285,38571.3,252856.3
INV03981,2026-02-06,Customer3981,Product4,1,2569,2569,462.42,3031.42
INV03982,2026-02-07,Customer3982,Product19,2,7468,14936,2688.48,17624.48
INV03983,2026-02-08,Customer3983,Product11,2,27636,55272,9948.96,65220.96
INV03984,2026-02-09,Customer3984,Product17,4,4264,17056,3070.08,20126.08
INV03985,2026-02-10,Customer3985,Product9,2,37213,74426,13396.68,87822.68
INV03986,2026-02-11,Customer3986,Product11,5,12772,63860,11494.8,75354.8
INV03987,2026-02-12,Customer3987,Product7,4,29973,119892,21580.56,141472.56
INV03988,2026-02-13,Customer3988,Product16,1,42167,42167,7590.06,49757.06
INV03989,2026-02-14,Customer3989,Product9,3,683,2049,368.82,2417.82
INV03990,2026-02-15,Customer3990,Product18,4,14489,57956,10432.08,68388.08
INV03991,2026-02-16,Customer3991,Product11,4,23217,92868,16716.24,109584.24
INV03992,2026-02-17,Customer3992,Product11,3,35142,105426,18976.68,124402.68
INV03993,2026-02-18,Customer3993,Product16,3,20284,60852,10953.36,71805.36
INV03994,2026-02-19,Customer3994,Product1,1,5357,5357,964.26,6321.26
INV03995,2026-02-20,Customer3995,Product3,1,29911,29911,5383.98,35294.979999999996
INV03996,2026-02-21,Customer3996,Product17,2,29056,58112,10460.16,68572.16
INV03997,2026-02-22,Customer3997,Product14,2,4166,8332,1499.76,9831.76
INV03998,2026-02-23,Customer3998,Product16,5,11132,55660,10018.8,65678.8
INV03999,2026-02-24,Customer3999,Product12,5,12115,60575,10903.5,71478.5
INV04000,2026-02-25,Customer4000,Product16,2,4720,9440,1699.2,11139.2
INV04001,2026-02-26,Customer4001,Product17,1,21662,21662,3899.16,25561.16
INV04002,2026-02-27,Customer4002,Product8,1,46196,46196,8315.28,54511.28
INV04003,2026-02-28,Customer4003,Product13,3,7962,23886,4299.48,28185.48
INV04004,2026-02-01,Customer4004,Product17,4,48704,194816,35066.88,229882.88
INV04005,2026-02-02,Customer4005,Product1,4,12824,51296,9233.28,60529.28
INV04006,2026-02-03,Customer4006,Product16,3,31110,93330,16799.4,110129.4
INV04007,2026-02-04,Customer4007,Product18,2,35724,71448,12860.64,84308.64
INV04008,2026-02-05,Customer4008,Product8,4,10311,41244,7423.92,48667.92
INV04009,2026-02-06,Customer4009,Product20,4,26473,105892,19060.56,124952.56
INV04010,2026-02-07,Customer4010,Product5,1,25405,25405,4572.9,29977.9
INV04011,2026-02-08,Customer4011,Product16,1,24989,24989,4498.02,29487.02
INV04012,2026-02-09,Customer4012,Product18,3,16361,49083,8834.94,57917.94
INV04013,2026-02-10,Customer4013,Product6,1,49629,49629,8933.22,58562.22
INV04014,2026-02-11,Customer4014,Product15,4,24238,96952,17451.36,114403.36
INV04015,2026-02-12,Customer4015,Product13,1,4115,4115,740.7,4855.7
INV04016,2026-02-13,Customer4016,Product3,3,47841,143523,25834.14,169357.14
INV04017,2026-02-14,Customer4017,Product19,3,15315,45945,8270.1,54215.1
INV04018,2026-02-15,Customer4018,Product8,4,4931,19724,3550.32,23274.32
INV04019,2026-02-16,Customer4019,Product1,2,32832,65664,11819.52,77483.52
INV04020,2026-02-17,Customer4020,Product17,1,26531,26531,4775.58,31306.58
INV04021,2026-02-18,Customer4021,Product18,4,28660,114640,20635.2,135275.2
INV04022,2026-02-19,Customer4022,Product10,2,28510,57020,10263.6,67283.6
INV04023,2026-02-20,Customer4023,Product2,3,42611,127833,23009.94,150842.94
INV04024,2026-02-21,Customer4024,Product16,4,18428,73712,13268.16,86980.16
INV04025,2026-02-22,Customer4025,Product14,2,47846,95692,17224.56,112916.56
INV04026,2026-02-23,Customer4026,Product14,2,22889,45778,8240.04,54018.04
INV04027,2026-02-24,Customer4027,Product19,2,49876,99752,17955.36,117707.36
INV04028,2026-02-25,Customer4028,Product4,4,42584,170336,30660.48,200996.48
INV04029,2026-02-26,Customer4029,Product8,2,37698,75396,13571.28,88967.28
INV04030,2026-02-27,Customer4030,Product1,3,793,2379,428.22,2807.2200000000003
INV04031,2026-02-28,Customer4031,Product15,2,19173,38346,6902.28,45248.28
INV04032,2026-02-01,Customer4032,Product12,5,17970,89850,16173.0,106023.0
INV04033,2026-02-02,Customer4033,Product8,4,25345,101380,18248.4,119628.4
INV04034,2026-02-03,Customer4034,Product5,4,37223,148892,26800.56,175692.56
INV04035,2026-02-04,Customer4035,Product19,4,23663,94652,17037.36,111689.36
INV04036,2026-02-05,Customer4036,Product10,3,2161,6483,1166.94,7649.9400000000005
INV04037,2026-02-06,Customer4037,Product6,2,10997,21994,3958.92,25952.92
INV04038,2026-02-07,Customer4038,Product8,2,46037,92074,16573.32,108647.32
INV04039,2026-02-08,Customer4039,Product16,4,34059,136236,24522.48,160758.48
INV04040,2026-02-09,Customer4040,Product2,5,38410,192050,34569.0,226619.0
INV04041,2026-02-10,Customer4041,Product6,5,6925,34625,6232.5,40857.5
INV04042,2026-02-11,Customer4042,Product9,1,33841,33841,6091.38,39932.38
INV04043,2026-02-12,Customer4043,Product1,5,45836,229180,41252.4,270432.4
INV04044,2026-02-13,Customer4044,Product8,3,4419,13257,2386.26,15643.26
INV04045,2026-02-14,Customer4045,Product15,2,15271,30542,5497.56,36039.56
INV04046,2026-02-15,Customer4046,Product12,4,6842,27368,4926.24,32294.239999999998
INV04047,2026-02-16,Customer4047,Product10,1,24926,24926,4486.68,29412.68
INV04048,2026-02-17,Customer4048,Product5,3,49980,149940,26989.2,176929.2
INV04049,2026-02-18,Customer4049,Product14,4,48837,195348,35162.64,230510.64
INV04050,2026-02-19,Customer4050,Product8,2,38589,77178,13892.04,91070.04000000001
INV04051,2026-02-20,Customer4051,Product11,3,22980,68940,12409.2,81349.2
INV04052,2026-02-21,Customer4052,Product20,4,20928,83712,15068.16,98780.16
INV04053,2026-02-22,Customer4053,Product16,1,14817,14817,2667.06,17484.06
INV04054,2026-02-23,Customer4054,Product17,2,18043,36086,6495.48,42581.479999999996
INV04055,2026-02-24,Customer4055,Product12,2,43142,86284,15531.12,101815.12
INV04056,2026-02-25,Customer4056,Product13,4,40708,162832,29309.76,192141.76
INV04057,2026-02-26,Customer4057,Product3,3,42883,128649,23156.82,151805.82
INV04058,2026-02-27,Customer4058,Product19,5,27460,137300,24714.0,162014.0
INV04059,2026-02-28,Customer4059,Product1,3,34419,103257,18586.26,121843.26
INV04060,2026-02-01,Customer4060,Product14,3,26086,78258,14086.44,92344.44
INV04061,2026-02-02,Customer4061,Product6,4,35885,143540,25837.2,169377.2
INV04062,2026-02-03,Customer4062,Product6,5,39932,199660,35938.8,235598.8
INV04063,2026-02-04,Customer4063,Product14,3,42365,127095,22877.1,149972.1
INV04064,2026-02-05,Customer4064,Product5,5,34972,174860,31474.8,206334.8
INV04065,2026-02-06,Customer4065,Product18,3,22079,66237,11922.66,78159.66
INV04066,2026-02-07,Customer4066,Product7,5,35117,175585,31605.3,207190.3
INV04067,2026-02-08,Customer4067,Product9,2,2060,4120,741.6,4861.6
INV04068,2026-02-09,Customer4068,Product7,3,47828,143484,25827.12,169311.12
INV04069,2026-02-10,Customer4069,Product11,5,9726,48630,8753.4,57383.4
INV04070,2026-02-11,Customer4070,Product18,2,36642,73284,13191.12,86475.12
INV04071,2026-02-12,Customer4071,Product9,3,14485,43455,7821.9,51276.9
INV04072,2026-02-13,Customer4072,Product3,1,29760,29760,5356.8,35116.8
INV04073,2026-02-14,Customer4073,Product6,3,15485,46455,8361.9,54816.9
INV04074,2026-02-15,Customer4074,Product11,2,17797,35594,6406.92,42000.92
INV04075,2026-02-16,Customer4075,Product18,4,690,2760,496.8,3256.8
INV04076,2026-02-17,Customer4076,Product10,5,17785,88925,16006.5,104931.5
INV04077,2026-02-18,Customer4077,Product18,5,19069,95345,17162.1,112507.1
INV04078,2026-02-19,Customer4078,Product9,5,30649,153245,27584.1,180829.1
INV04079,2026-02-20,Customer4079,Product8,4,962,3848,692.64,4540.64
INV04080,2026-02-21,Customer4080,Product3,3,14336,43008,7741.44,50749.44
INV04081,2026-02-22,Customer4081,Product20,4,42466,169864,30575.52,200439.52
INV04082,2026-02-23,Customer4082,Product12,5,20304,101520,18273.6,119793.6
INV04083,2026-02-24,Customer4083,Product14,2,31420,62840,11311.2,74151.2
INV04084,2026-02-25,Customer4084,Product12,2,31292,62584,11265.12,73849.12
INV04085,2026-02-26,Customer4085,Product2,3,40718,122154,21987.72,144141.72
INV04086,2026-02-27,Customer4086,Product19,1,14338,14338,2580.84,16918.84
INV04087,2026-02-28,Customer4087,Product19,4,9309,37236,6702.48,43938.479999999996
INV04088,2026-02-01,Customer4088,Product9,2,33312,66624,11992.32,78616.32
INV04089,2026-02-02,Customer4089,Product7,4,14308,57232,10301.76,67533.76
INV04090,2026-02-03,Customer4090,Product12,1,37090,37090,6676.2,43766.2
INV04091,2026-02-04,Customer4091,Product13,1,16135,16135,2904.3,19039.3
INV04092,2026-02-05,Customer4092,Product20,4,10022,40088,7215.84,47303.84
INV04093,2026-02-06,Customer4093,Product18,2,49818,99636,17934.48,117570.48
INV04094,2026-02-07,Customer4094,Product18,3,8348,25044,4507.92,29551.92
INV04095,2026-02-08,Customer4095,Product8,5,25839,129195,23255.1,152450.1
INV04096,2026-02-09,Customer4096,Product3,2,42836,85672,15420.96,101092.95999999999
INV04097,2026-02-10,Customer4097,Product7,3,45314,135942,24469.56,160411.56
INV04098,2026-02-11,Customer4098,Product1,2,22346,44692,8044.56,52736.56
INV04099,2026-02-12,Customer4099,Product7,2,27845,55690,10024.2,65714.2
INV04100,2026-02-13,Customer4100,Product15,2,15398,30796,5543.28,36339.28
INV04101,2026-02-14,Customer4101,Product2,3,17359,52077,9373.86,61450.86
INV04102,2026-02-15,Customer4102,Product15,2,16573,33146,5966.28,39112.28
INV04103,2026-02-16,Customer4103,Product1,1,37077,37077,6673.86,43750.86
INV04104,2026-02-17,Customer4104,Product9,2,44265,88530,15935.4,104465.4
INV04105,2026-02-18,Customer4105,Product2,5,22944,114720,20649.6,135369.6
INV04106,2026-02-19,Customer4106,Product2,1,39363,39363,7085.34,46448.34
INV04107,2026-02-20,Customer4107,Product15,2,39482,78964,14213.52,93177.52
INV04108,2026-02-21,Customer4108,Product16,4,6090,24360,4384.8,28744.8
INV04109,2026-02-22,Customer4109,Product20,3,13200,39600,7128.0,46728.0
INV04110,2026-02-23,Customer4110,Product13,5,11199,55995,10079.1,66074.1
INV04111,2026-02-24,Customer4111,Product8,5,20478,102390,18430.2,120820.2
INV04112,2026-02-25,Customer4112,Product20,1,45237,45237,8142.66,53379.66
INV04113,2026-02-26,Customer4113,Product17,4,37288,149152,26847.36,175999.36
INV04114,2026-02-27,Customer4114,Product6,5,21338,106690,19204.2,125894.2
INV04115,2026-02-28,Customer4115,Product14,3,32972,98916,17804.88,116720.88
INV04116,2026-02-01,Customer4116,Product9,3,14566,43698,7865.64,51563.64
INV04117,2026-02-02,Customer4117,Product1,5,23289,116445,20960.1,137405.1
INV04118,2026-02-03,Customer4118,Product12,4,6382,25528,4595.04,30123.04
INV04119,2026-02-04,Customer4119,Product12,4,45126,180504,32490.72,212994.72
INV04120,2026-02-05,Customer4120,Product6,3,17853,53559,9640.62,63199.62
INV04121,2026-02-06,Customer4121,Product6,2,21411,42822,7707.96,50529.96
INV04122,2026-02-07,Customer4122,Product3,4,45097,180388,32469.84,212857.84
INV04123,2026-02-08,Customer4123,Product20,4,30576,122304,22014.72,144318.72
INV04124,2026-02-09,Customer4124,Product6,2,23924,47848,8612.64,56460.64
INV04125,2026-02-10,Customer4125,Product13,3,30424,91272,16428.96,107700.95999999999
INV04126,2026-02-11,Customer4126,Product6,5,4050,20250,3645.0,23895.0
INV04127,2026-02-12,Customer4127,Product17,4,1233,4932,887.76,5819.76
INV04128,2026-02-13,Customer4128,Product4,4,41956,167824,30208.32,198032.32
INV04129,2026-02-14,Customer4129,Product16,5,5000,25000,4500.0,29500.0
INV04130,2026-02-15,Customer4130,Product19,2,38381,76762,13817.16,90579.16
INV04131,2026-02-16,Customer4131,Product12,1,30036,30036,5406.48,35442.479999999996
INV04132,2026-02-17,Customer4132,Product17,4,39401,157604,28368.72,185972.72
INV04133,2026-02-18,Customer4133,Product5,1,38249,38249,6884.82,45133.82
INV04134,2026-02-19,Customer4134,Product11,1,49602,49602,8928.36,58530.36
INV04135,2026-02-20,Customer4135,Product14,2,28600,57200,10296.0,67496.0
INV04136,2026-02-21,Customer4136,Product20,2,43799,87598,15767.64,103365.64
INV04137,2026-02-22,Customer4137,Product8,1,7126,7126,1282.68,8408.68
INV04138,2026-02-23,Customer4138,Product9,4,21861,87444,15739.92,103183.92
INV04139,2026-02-24,Customer4139,Product11,2,25273,50546,9098.28,59644.28
INV04140,2026-02-25,Customer4140,Product10,3,42073,126219,22719.42,148938.41999999998
INV04141,2026-02-26,Customer4141,Product20,2,18150,36300,6534.0,42834.0
INV04142,2026-02-27,Customer4142,Product11,4,29759,119036,21426.48,140462.48
INV04143,2026-02-28,Customer4143,Product1,3,17355,52065,9371.7,61436.7
INV04144,2026-02-01,Customer4144,Product3,1,40392,40392,7270.56,47662.56
INV04145,2026-02-02,Customer4145,Product2,4,10355,41420,7455.6,48875.6
INV04146,2026-02-03,Customer4146,Product19,3,41495,124485,22407.3,146892.3
INV04147,2026-02-04,Customer4147,Product7,1,20375,20375,3667.5,24042.5
INV04148,2026-02-05,Customer4148,Product6,3,27550,82650,14877.0,97527.0
INV04149,2026-02-06,Customer4149,Product2,1,19269,19269,3468.42,22737.42
INV04150,2026-02-07,Customer4150,Product12,5,45503,227515,40952.7,268467.7
INV04151,2026-02-08,Customer4151,Product5,2,38967,77934,14028.12,91962.12
INV04152,2026-02-09,Customer4152,Product20,4,31502,126008,22681.44,148689.44
INV04153,2026-02-10,Customer4153,Product4,2,29984,59968,10794.24,70762.24
INV04154,2026-02-11,Customer4154,Product6,5,13956,69780,12560.4,82340.4
INV04155,2026-02-12,Customer4155,Product20,1,4205,4205,756.9,4961.9
INV04156,2026-02-13,Customer4156,Product16,1,40604,40604,7308.72,47912.72
INV04157,2026-02-14,Customer4157,Product19,1,49405,49405,8892.9,58297.9
INV04158,2026-02-15,Customer4158,Product8,2,35859,71718,12909.24,84627.24
INV04159,2026-02-16,Customer4159,Product12,3,22333,66999,12059.82,79058.82
INV04160,2026-02-17,Customer4160,Product2,5,22450,112250,20205.0,132455.0
INV04161,2026-02-18,Customer4161,Product9,2,43606,87212,15698.16,102910.16
INV04162,2026-02-19,Customer4162,Product8,2,41761,83522,15033.96,98555.95999999999
INV04163,2026-02-20,Customer4163,Product12,5,17419,87095,15677.1,102772.1
INV04164,2026-02-21,Customer4164,Product10,2,48427,96854,17433.72,114287.72
INV04165,2026-02-22,Customer4165,Product5,5,42328,211640,38095.2,249735.2
INV04166,2026-02-23,Customer4166,Product10,3,43288,129864,23375.52,153239.52
INV04167,2026-02-24,Customer4167,Product13,4,17998,71992,12958.56,84950.56
INV04168,2026-02-25,Customer4168,Product7,2,4837,9674,1741.32,11415.32
INV04169,2026-02-26,Customer4169,Product10,3,21191,63573,11443.14,75016.14
INV04170,2026-02-27,Customer4170,Product3,1,46673,46673,8401.14,55074.14
INV04171,2026-02-28,Customer4171,Product12,3,15536,46608,8389.44,54997.44
INV04172,2026-02-01,Customer4172,Product10,2,39525,79050,14229.0,93279.0
INV04173,2026-02-02,Customer4173,Product14,5,32859,164295,29573.1,193868.1
INV04174,2026-02-03,Customer4174,Product17,3,44624,133872,24096.96,157968.96
INV04175,2026-02-04,Customer4175,Product18,4,16229,64916,11684.88,76600.88
INV04176,2026-02-05,Customer4176,Product15,4,30172,120688,21723.84,142411.84
INV04177,2026-02-06,Customer4177,Product18,2,41976,83952,15111.36,99063.36
INV04178,2026-02-07,Customer4178,Product3,2,33704,67408,12133.44,79541.44
INV04179,2026-02-08,Customer4179,Product14,4,15001,60004,10800.72,70804.72
INV04180,2026-02-09,Customer4180,Product3,3,11924,35772,6438.96,42210.96
INV04181,2026-02-10,Customer4181,Product8,5,19150,95750,17235.0,112985.0
INV04182,2026-02-11,Customer4182,Product6,4,37865,151460,27262.8,178722.8
INV04183,2026-02-12,Customer4183,Product4,5,26712,133560,24040.8,157600.8
INV04184,2026-02-13,Customer4184,Product8,1,7430,7430,1337.4,8767.4
INV04185,2026-02-14,Customer4185,Product4,2,49350,98700,17766.0,116466.0
INV04186,2026-02-15,Customer4186,Product2,4,30644,122576,22063.68,144639.68
INV04187,2026-02-16,Customer4187,Product12,2,12176,24352,4383.36,28735.36
INV04188,2026-02-17,Customer4188,Product11,4,44103,176412,31754.16,208166.16
INV04189,2026-02-18,Customer4189,Product8,3,42240,126720,22809.6,149529.6
INV04190,2026-02-19,Customer4190,Product18,3,25980,77940,14029.2,91969.2
INV04191,2026-02-20,Customer4191,Product10,3,35140,105420,18975.6,124395.6
INV04192,2026-02-21,Customer4192,Product4,4,28182,112728,20291.04,133019.04
INV04193,2026-02-22,Customer4193,Product15,1,39966,39966,7193.88,47159.88
INV04194,2026-02-23,Customer4194,Product1,3,33303,99909,17983.62,117892.62
INV04195,2026-02-24,Customer4195,Product17,4,9590,38360,6904.8,45264.8
INV04196,2026-02-25,Customer4196,Product6,4,34377,137508,24751.44,162259.44
INV04197,2026-02-26,Customer4197,Product13,4,6826,27304,4914.72,32218.72
INV04198,2026-02-27,Customer4198,Product17,1,34600,34600,6228.0,40828.0
INV04199,2026-02-28,Customer4199,Product3,3,35018,105054,18909.72,123963.72
INV04200,2026-02-01,Customer4200,Product15,1,19989,19989,3598.02,23587.02
INV04201,2026-02-02,Customer4201,Product7,1,48153,48153,8667.54,56820.54
INV04202,2026-02-03,Customer4202,Product17,1,28822,28822,5187.96,34009.96
INV04203,2026-02-04,Customer4203,Product7,5,36813,184065,33131.7,217196.7
INV04204,2026-02-05,Customer4204,Product8,3,4321,12963,2333.34,15296.34
INV04205,2026-02-06,Customer4205,Product4,1,29408,29408,5293.44,34701.44
INV04206,2026-02-07,Customer4206,Product6,2,15128,30256,5446.08,35702.08
INV04207,2026-02-08,Customer4207,Product14,1,13628,13628,2453.04,16081.04
INV04208,2026-02-09,Customer4208,Product16,4,25057,100228,18041.04,118269.04000000001
INV04209,2026-02-10,Customer4209,Product11,4,35344,141376,25447.68,166823.68
INV04210,2026-02-11,Customer4210,Product19,2,4948,9896,1781.28,11677.28
INV04211,2026-02-12,Customer4211,Product5,4,44078,176312,31736.16,208048.16
INV04212,2026-02-13,Customer4212,Product7,1,33273,33273,5989.14,39262.14
INV04213,2026-02-14,Customer4213,Product9,4,23628,94512,17012.16,111524.16
INV04214,2026-02-15,Customer4214,Product8,5,44069,220345,39662.1,260007.1
INV04215,2026-02-16,Customer4215,Product1,4,39095,156380,28148.4,184528.4
INV04216,2026-02-17,Customer4216,Product5,5,33582,167910,30223.8,198133.8
INV04217,2026-02-18,Customer4217,Product19,4,42296,169184,30453.12,199637.12
INV04218,2026-02-19,Customer4218,Product17,4,16338,65352,11763.36,77115.36
INV04219,2026-02-20,Customer4219,Product13,5,18853,94265,16967.7,111232.7
INV04220,2026-02-21,Customer4220,Product8,1,5862,5862,1055.16,6917.16
INV04221,2026-02-22,Customer4221,Product20,1,45140,45140,8125.2,53265.2
INV04222,2026-02-23,Customer4222,Product19,5,4097,20485,3687.3,24172.3
INV04223,2026-02-24,Customer4223,Product8,4,14496,57984,10437.12,68421.12
INV04224,2026-02-25,Customer4224,Product2,3,19269,57807,10405.26,68212.26
INV04225,2026-02-26,Customer4225,Product11,1,45049,45049,8108.82,53157.82
INV04226,2026-02-27,Customer4226,Product10,2,36669,73338,13200.84,86538.84
INV04227,2026-02-28,Customer4227,Product18,3,29962,89886,16179.48,106065.48
INV04228,2026-02-01,Customer4228,Product14,4,34308,137232,24701.76,161933.76
INV04229,2026-02-02,Customer4229,Product12,2,6371,12742,2293.56,15035.56
INV04230,2026-02-03,Customer4230,Product2,5,39554,197770,35598.6,233368.6
INV04231,2026-02-04,Customer4231,Product18,5,19958,99790,17962.2,117752.2
INV04232,2026-02-05,Customer4232,Product11,5,16526,82630,14873.4,97503.4
INV04233,2026-02-06,Customer4233,Product10,3,30357,91071,16392.78,107463.78
INV04234,2026-02-07,Customer4234,Product1,1,2800,2800,504.0,3304.0
INV04235,2026-02-08,Customer4235,Product10,4,46482,185928,33467.04,219395.04
INV04236,2026-02-09,Customer4236,Product12,4,29705,118820,21387.6,140207.6
INV04237,2026-02-10,Customer4237,Product2,1,44920,44920,8085.6,53005.6
INV04238,2026-02-11,Customer4238,Product8,5,22878,114390,20590.2,134980.2
INV04239,2026-02-12,Customer4239,Product6,1,45842,45842,8251.56,54093.56
INV04240,2026-02-13,Customer4240,Product6,2,8682,17364,3125.52,20489.52
INV04241,2026-02-14,Customer4241,Product12,3,33059,99177,17851.86,117028.86
INV04242,2026-02-15,Customer4242,Product16,1,44781,44781,8060.58,52841.58
INV04243,2026-02-16,Customer4243,Product15,2,27603,55206,9937.08,65143.08
INV04244,2026-02-17,Customer4244,Product11,2,14042,28084,5055.12,33139.12
INV04245,2026-02-18,Customer4245,Product17,1,23737,23737,4272.66,28009.66
INV04246,2026-02-19,Customer4246,Product15,2,29794,59588,10725.84,70313.84
INV04247,2026-02-20,Customer4247,Product10,2,25797,51594,9286.92,60880.92
INV04248,2026-02-21,Customer4248,Product17,5,48511,242555,43659.9,286214.9
INV04249,2026-02-22,Customer4249,Product15,5,49166,245830,44249.4,290079.4
INV04250,2026-02-23,Customer4250,Product4,1,23297,23297,4193.46,27490.46
INV04251,2026-02-24,Customer4251,Product4,3,49355,148065,26651.7,174716.7
INV04252,2026-02-25,Customer4252,Product20,1,34801,34801,6264.18,41065.18
INV04253,2026-02-26,Customer4253,Product9,5,24419,122095,21977.1,144072.1
INV04254,2026-02-27,Customer4254,Product5,3,11846,35538,6396.84,41934.84
INV04255,2026-02-28,Customer4255,Product9,3,14192,42576,7663.68,50239.68
INV04256,2026-02-01,Customer4256,Product2,3,42165,126495,22769.1,149264.1
INV04257,2026-02-02,Customer4257,Product15,1,38953,38953,7011.54,45964.54
INV04258,2026-02-03,Customer4258,Product17,1,13170,13170,2370.6,15540.6
INV04259,2026-02-04,Customer4259,Product1,5,34391,171955,30951.9,202906.9
INV04260,2026-02-05,Customer4260,Product6,5,10689,53445,9620.1,63065.1
INV04261,2026-02-06,Customer4261,Product2,3,3428,10284,1851.12,12135.119999999999
INV04262,2026-02-07,Customer4262,Product13,2,16675,33350,6003.0,39353.0
INV04263,2026-02-08,Customer4263,Product15,3,3003,9009,1621.62,10630.619999999999
INV04264,2026-02-09,Customer4264,Product1,1,29925,29925,5386.5,35311.5
INV04265,2026-02-10,Customer4265,Product3,3,20956,62868,11316.24,74184.24
INV04266,2026-02-11,Customer4266,Product1,4,36715,146860,26434.8,173294.8
INV04267,2026-02-12,Customer4267,Product19,2,49337,98674,17761.32,116435.32
INV04268,2026-02-13,Customer4268,Product8,1,36461,36461,6562.98,43023.979999999996
INV04269,2026-02-14,Customer4269,Product18,5,2431,12155,2187.9,14342.9
INV04270,2026-02-15,Customer4270,Product14,5,17058,85290,15352.2,100642.2
INV04271,2026-02-16,Customer4271,Product5,4,31141,124564,22421.52,146985.52
INV04272,2026-02-17,Customer4272,Product16,2,10498,20996,3779.28,24775.28
INV04273,2026-02-18,Customer4273,Product11,5,5999,29995,5399.1,35394.1
INV04274,2026-02-19,Customer4274,Product9,2,2775,5550,999.0,6549.0
INV04275,2026-02-20,Customer4275,Product3,3,12120,36360,6544.8,42904.8
INV04276,2026-02-21,Customer4276,Product2,2,44916,89832,16169.76,106001.76
INV04277,2026-02-22,Customer4277,Product20,1,47996,47996,8639.28,56635.28
INV04278,2026-02-23,Customer4278,Product16,5,31733,158665,28559.7,187224.7
INV04279,2026-02-24,Customer4279,Product15,3,28853,86559,15580.62,102139.62
INV04280,2026-02-25,Customer4280,Product15,5,43659,218295,39293.1,257588.1
INV04281,2026-02-26,Customer4281,Product14,3,7833,23499,4229.82,27728.82
INV04282,2026-02-27,Customer4282,Product15,4,13486,53944,9709.92,63653.92
INV04283,2026-02-28,Customer4283,Product2,4,40909,163636,29454.48,193090.48
INV04284,2026-02-01,Customer4284,Product11,4,30355,121420,21855.6,143275.6
INV04285,2026-02-02,Customer4285,Product4,5,18072,90360,16264.8,106624.8
INV04286,2026-02-03,Customer4286,Product5,1,26769,26769,4818.42,31587.42
INV04287,2026-02-04,Customer4287,Product10,4,34981,139924,25186.32,165110.32
INV04288,2026-02-05,Customer4288,Product9,3,25062,75186,13533.48,88719.48
INV04289,2026-02-06,Customer4289,Product17,3,10037,30111,5419.98,35530.979999999996
INV04290,2026-02-07,Customer4290,Product15,5,45907,229535,41316.3,270851.3
INV04291,2026-02-08,Customer4291,Product15,5,28846,144230,25961.4,170191.4
INV04292,2026-02-09,Customer4292,Product4,1,41659,41659,7498.62,49157.62
INV04293,2026-02-10,Customer4293,Product8,1,43238,43238,7782.84,51020.84
INV04294,2026-02-11,Customer4294,Product5,2,32854,65708,11827.44,77535.44
INV04295,2026-02-12,Customer4295,Product18,1,43892,43892,7900.56,51792.56
INV04296,2026-02-13,Customer4296,Product6,5,4940,24700,4446.0,29146.0
INV04297,2026-02-14,Customer4297,Product2,5,28891,144455,26001.9,170456.9
INV04298,2026-02-15,Customer4298,Product17,4,32283,129132,23243.76,152375.76
INV04299,2026-02-16,Customer4299,Product11,3,29673,89019,16023.42,105042.42
INV04300,2026-02-17,Customer4300,Product10,1,19008,19008,3421.44,22429.44
INV04301,2026-02-18,Customer4301,Product2,4,42898,171592,30886.56,202478.56
INV04302,2026-02-19,Customer4302,Product19,3,38719,116157,20908.26,137065.26
INV04303,2026-02-20,Customer4303,Product12,4,7893,31572,5682.96,37254.96
INV04304,2026-02-21,Customer4304,Product11,4,29205,116820,21027.6,137847.6
INV04305,2026-02-22,Customer4305,Product20,1,43310,43310,7795.8,51105.8
INV04306,2026-02-23,Customer4306,Product18,2,10380,20760,3736.8,24496.8
INV04307,2026-02-24,Customer4307,Product20,2,11233,22466,4043.88,26509.88
INV04308,2026-02-25,Customer4308,Product7,4,48383,193532,34835.76,228367.76
INV04309,2026-02-26,Customer4309,Product18,5,17807,89035,16026.3,105061.3
INV04310,2026-02-27,Customer4310,Product9,4,29555,118220,21279.6,139499.6
INV04311,2026-02-28,Customer4311,Product9,2,19131,38262,6887.16,45149.16
INV04312,2026-02-01,Customer4312,Product17,4,11056,44224,7960.32,52184.32
INV04313,2026-02-02,Customer4313,Product6,1,5100,5100,918.0,6018.0
INV04314,2026-02-03,Customer4314,Product10,2,12951,25902,4662.36,30564.36
INV04315,2026-02-04,Customer4315,Product6,1,26318,26318,4737.24,31055.239999999998
INV04316,2026-02-05,Customer4316,Product7,4,27061,108244,19483.92,127727.92
INV04317,2026-02-06,Customer4317,Product12,5,28102,140510,25291.8,165801.8
INV04318,2026-02-07,Customer4318,Product9,2,43871,87742,15793.56,103535.56
INV04319,2026-02-08,Customer4319,Product11,5,38622,193110,34759.8,227869.8
INV04320,2026-02-09,Customer4320,Product11,5,13993,69965,12593.7,82558.7
INV04321,2026-02-10,Customer4321,Product18,2,43435,86870,15636.6,102506.6
INV04322,2026-02-11,Customer4322,Product1,4,8635,34540,6217.2,40757.2
INV04323,2026-02-12,Customer4323,Product7,2,39799,79598,14327.64,93925.64
INV04324,2026-02-13,Customer4324,Product1,1,2585,2585,465.3,3050.3
INV04325,2026-02-14,Customer4325,Product9,5,31701,158505,28530.9,187035.9
INV04326,2026-02-15,Customer4326,Product15,5,7965,39825,7168.5,46993.5
INV04327,2026-02-16,Customer4327,Product20,1,27502,27502,4950.36,32452.36
INV04328,2026-02-17,Customer4328,Product6,3,44290,132870,23916.6,156786.6
INV04329,2026-02-18,Customer4329,Product19,2,40404,80808,14545.44,95353.44
INV04330,2026-02-19,Customer4330,Product2,4,29461,117844,21211.92,139055.91999999998
INV04331,2026-02-20,Customer4331,Product19,4,7512,30048,5408.64,35456.64
INV04332,2026-02-21,Customer4332,Product15,3,10434,31302,5634.36,36936.36
INV04333,2026-02-22,Customer4333,Product8,4,6201,24804,4464.72,29268.72
INV04334,2026-02-23,Customer4334,Product15,5,10815,54075,9733.5,63808.5
INV04335,2026-02-24,Customer4335,Product12,1,31006,31006,5581.08,36587.08
INV04336,2026-02-25,Customer4336,Product17,1,10355,10355,1863.9,12218.9
INV04337,2026-02-26,Customer4337,Product6,3,19336,58008,10441.44,68449.44
INV04338,2026-02-27,Customer4338,Product16,4,48638,194552,35019.36,229571.36
INV04339,2026-02-28,Customer4339,Product4,4,40542,162168,29190.24,191358.24
INV04340,2026-02-01,Customer4340,Product16,1,30955,30955,5571.9,36526.9
INV04341,2026-02-02,Customer4341,Product20,2,26554,53108,9559.44,62667.44
INV04342,2026-02-03,Customer4342,Product19,1,45489,45489,8188.02,53677.020000000004
INV04343,2026-02-04,Customer4343,Product20,2,39663,79326,14278.68,93604.68
INV04344,2026-02-05,Customer4344,Product5,1,44804,44804,8064.72,52868.72
INV04345,2026-02-06,Customer4345,Product11,5,19164,95820,17247.6,113067.6
INV04346,2026-02-07,Customer4346,Product9,2,49042,98084,17655.12,115739.12
INV04347,2026-02-08,Customer4347,Product12,1,33326,33326,5998.68,39324.68
INV04348,2026-02-09,Customer4348,Product5,3,32258,96774,17419.32,114193.32
INV04349,2026-02-10,Customer4349,Product14,3,22258,66774,12019.32,78793.32
INV04350,2026-02-11,Customer4350,Product20,5,44968,224840,40471.2,265311.2
INV04351,2026-02-12,Customer4351,Product17,3,47038,141114,25400.52,166514.52
INV04352,2026-02-13,Customer4352,Product11,2,33667,67334,12120.12,79454.12
INV04353,2026-02-14,Customer4353,Product11,4,38737,154948,27890.64,182838.64
INV04354,2026-02-15,Customer4354,Product3,2,37679,75358,13564.44,88922.44
INV04355,2026-02-16,Customer4355,Product11,3,10681,32043,5767.74,37810.74
INV04356,2026-02-17,Customer4356,Product16,4,35337,141348,25442.64,166790.64
INV04357,2026-02-18,Customer4357,Product6,4,22844,91376,16447.68,107823.68
INV04358,2026-02-19,Customer4358,Product5,5,37444,187220,33699.6,220919.6
INV04359,2026-02-20,Customer4359,Product10,5,18239,91195,16415.1,107610.1
INV04360,2026-02-21,Customer4360,Product15,2,29059,58118,10461.24,68579.24
INV04361,2026-02-22,Customer4361,Product19,4,30121,120484,21687.12,142171.12
INV04362,2026-02-23,Customer4362,Product6,1,48176,48176,8671.68,56847.68
INV04363,2026-02-24,Customer4363,Product5,5,7982,39910,7183.8,47093.8
INV04364,2026-02-25,Customer4364,Product14,4,37371,149484,26907.12,176391.12
INV04365,2026-02-26,Customer4365,Product13,4,15962,63848,11492.64,75340.64
INV04366,2026-02-27,Customer4366,Product2,4,36886,147544,26557.92,174101.91999999998
INV04367,2026-02-28,Customer4367,Product11,5,32432,162160,29188.8,191348.8
INV04368,2026-02-01,Customer4368,Product11,2,5633,11266,2027.88,13293.880000000001
INV04369,2026-02-02,Customer4369,Product15,3,14896,44688,8043.84,52731.84
INV04370,2026-02-03,Customer4370,Product12,5,39719,198595,35747.1,234342.1
INV04371,2026-02-04,Customer4371,Product19,2,41085,82170,14790.6,96960.6
INV04372,2026-02-05,Customer4372,Product12,1,27855,27855,5013.9,32868.9
INV04373,2026-02-06,Customer4373,Product20,1,22194,22194,3994.92,26188.92
INV04374,2026-02-07,Customer4374,Product15,2,30334,60668,10920.24,71588.24
INV04375,2026-02-08,Customer4375,Product20,3,30842,92526,16654.68,109180.68
INV04376,2026-02-09,Customer4376,Product18,4,40260,161040,28987.2,190027.2
INV04377,2026-02-10,Customer4377,Product12,2,35031,70062,12611.16,82673.16
INV04378,2026-02-11,Customer4378,Product15,3,8913,26739,4813.02,31552.02
INV04379,2026-02-12,Customer4379,Product10,5,36833,184165,33149.7,217314.7
INV04380,2026-02-13,Customer4380,Product19,4,31358,125432,22577.76,148009.76
INV04381,2026-02-14,Customer4381,Product16,3,3006,9018,1623.24,10641.24
INV04382,2026-02-15,Customer4382,Product14,2,30451,60902,10962.36,71864.36
INV04383,2026-02-16,Customer4383,Product3,1,30526,30526,5494.68,36020.68
INV04384,2026-02-17,Customer4384,Product9,1,17078,17078,3074.04,20152.04
INV04385,2026-02-18,Customer4385,Product4,4,16945,67780,12200.4,79980.4
INV04386,2026-02-19,Customer4386,Product3,3,40127,120381,21668.58,142049.58000000002
INV04387,2026-02-20,Customer4387,Product15,3,42162,126486,22767.48,149253.48
INV04388,2026-02-21,Customer4388,Product8,5,23700,118500,21330.0,139830.0
INV04389,2026-02-22,Customer4389,Product2,1,48148,48148,8666.64,56814.64
INV04390,2026-02-23,Customer4390,Product20,1,29048,29048,5228.64,34276.64
INV04391,2026-02-24,Customer4391,Product6,5,19300,96500,17370.0,113870.0
INV04392,2026-02-25,Customer4392,Product20,2,5762,11524,2074.32,13598.32
INV04393,2026-02-26,Customer4393,Product3,3,30462,91386,16449.48,107835.48
INV04394,2026-02-27,Customer4394,Product12,4,3980,15920,2865.6,18785.6
INV04395,2026-02-28,Customer4395,Product9,4,2654,10616,1910.88,12526.880000000001
INV04396,2026-02-01,Customer4396,Product14,2,49176,98352,17703.36,116055.36
INV04397,2026-02-02,Customer4397,Product12,4,29028,116112,20900.16,137012.16
INV04398,2026-02-03,Customer4398,Product18,3,10721,32163,5789.34,37952.34
INV04399,2026-02-04,Customer4399,Product14,4,16236,64944,11689.92,76633.92
INV04400,2026-02-05,Customer4400,Product15,1,27917,27917,5025.06,32942.06
INV04401,2026-02-06,Customer4401,Product8,2,33880,67760,12196.8,79956.8
INV04402,2026-02-07,Customer4402,Product14,1,12868,12868,2316.24,15184.24
INV04403,2026-02-08,Customer4403,Product3,4,42439,169756,30556.08,200312.08000000002
INV04404,2026-02-09,Customer4404,Product16,3,2082,6246,1124.28,7370.28
INV04405,2026-02-10,Customer4405,Product1,4,20186,80744,14533.92,95277.92
INV04406,2026-02-11,Customer4406,Product17,4,19665,78660,14158.8,92818.8
INV04407,2026-02-12,Customer4407,Product1,3,44344,133032,23945.76,156977.76
INV04408,2026-02-13,Customer4408,Product18,3,22059,66177,11911.86,78088.86
INV04409,2026-02-14,Customer4409,Product9,5,35423,177115,31880.7,208995.7
INV04410,2026-02-15,Customer4410,Product1,2,45270,90540,16297.2,106837.2
INV04411,2026-02-16,Customer4411,Product1,3,40383,121149,21806.82,142955.82
INV04412,2026-02-17,Customer4412,Product9,1,37927,37927,6826.86,44753.86
INV04413,2026-02-18,Customer4413,Product15,2,17076,34152,6147.36,40299.36
INV04414,2026-02-19,Customer4414,Product20,3,984,2952,531.36,3483.36
INV04415,2026-02-20,Customer4415,Product8,2,3061,6122,1101.96,7223.96
INV04416,2026-02-21,Customer4416,Product8,4,47256,189024,34024.32,223048.32
INV04417,2026-02-22,Customer4417,Product7,1,47445,47445,8540.1,55985.1
INV04418,2026-02-23,Customer4418,Product6,1,36420,36420,6555.6,42975.6
INV04419,2026-02-24,Customer4419,Product7,1,21524,21524,3874.32,25398.32
INV04420,2026-02-25,Customer4420,Product7,2,727,1454,261.72,1715.72
INV04421,2026-02-26,Customer4421,Product5,2,29629,59258,10666.44,69924.44
INV04422,2026-02-27,Customer4422,Product14,3,4525,13575,2443.5,16018.5
INV04423,2026-02-28,Customer4423,Product4,1,47710,47710,8587.8,56297.8
INV04424,2026-02-01,Customer4424,Product4,5,7190,35950,6471.0,42421.0
INV04425,2026-02-02,Customer4425,Product4,3,35411,106233,19121.94,125354.94
INV04426,2026-02-03,Customer4426,Product3,4,21959,87836,15810.48,103646.48
INV04427,2026-02-04,Customer4427,Product14,4,38502,154008,27721.44,181729.44
INV04428,2026-02-05,Customer4428,Product1,2,31632,63264,11387.52,74651.52
INV04429,2026-02-06,Customer4429,Product5,4,24279,97116,17480.88,114596.88
INV04430,2026-02-07,Customer4430,Product16,3,33379,100137,18024.66,118161.66
INV04431,2026-02-08,Customer4431,Product16,2,1172,2344,421.92,2765.92
INV04432,2026-02-09,Customer4432,Product9,4,8809,35236,6342.48,41578.479999999996
INV04433,2026-02-10,Customer4433,Product5,3,11087,33261,5986.98,39247.979999999996
INV04434,2026-02-11,Customer4434,Product12,1,40113,40113,7220.34,47333.34
INV04435,2026-02-12,Customer4435,Product4,4,13227,52908,9523.44,62431.44
INV04436,2026-02-13,Customer4436,Product9,2,19920,39840,7171.2,47011.2
INV04437,2026-02-14,Customer4437,Product20,2,2254,4508,811.44,5319.4400000000005
INV04438,2026-02-15,Customer4438,Product5,2,5274,10548,1898.64,12446.64
INV04439,2026-02-16,Customer4439,Product18,4,31520,126080,22694.4,148774.4
INV04440,2026-02-17,Customer4440,Product10,1,14675,14675,2641.5,17316.5
INV04441,2026-02-18,Customer4441,Product14,3,46039,138117,24861.06,162978.06
INV04442,2026-02-19,Customer4442,Product17,4,27793,111172,20010.96,131182.96
INV04443,2026-02-20,Customer4443,Product6,2,25066,50132,9023.76,59155.76
INV04444,2026-02-21,Customer4444,Product18,1,2303,2303,414.54,2717.54
INV04445,2026-02-22,Customer4445,Product8,4,8385,33540,6037.2,39577.2
INV04446,2026-02-23,Customer4446,Product1,1,8934,8934,1608.12,10542.119999999999
INV04447,2026-02-24,Customer4447,Product6,5,8252,41260,7426.8,48686.8
INV04448,2026-02-25,Customer4448,Product5,3,15152,45456,8182.08,53638.08
INV04449,2026-02-26,Customer4449,Product10,5,15944,79720,14349.6,94069.6
INV04450,2026-02-27,Customer4450,Product14,1,38312,38312,6896.16,45208.16
INV04451,2026-02-28,Customer4451,Product9,3,39078,117234,21102.12,138336.12
INV04452,2026-02-01,Customer4452,Product13,3,22602,67806,12205.08,80011.08
INV04453,2026-02-02,Customer4453,Product17,5,6148,30740,5533.2,36273.2
INV04454,2026-02-03,Customer4454,Product1,5,14713,73565,13241.7,86806.7
INV04455,2026-02-04,Customer4455,Product5,1,11155,11155,2007.9,13162.9
INV04456,2026-02-05,Customer4456,Product7,5,36086,180430,32477.4,212907.4
INV04457,2026-02-06,Customer4457,Product9,2,30770,61540,11077.2,72617.2
INV04458,2026-02-07,Customer4458,Product6,4,35701,142804,25704.72,168508.72
INV04459,2026-02-08,Customer4459,Product13,1,30746,30746,5534.28,36280.28
INV04460,2026-02-09,Customer4460,Product12,3,29848,89544,16117.92,105661.92
INV04461,2026-02-10,Customer4461,Product11,4,24674,98696,17765.28,116461.28
INV04462,2026-02-11,Customer4462,Product17,4,36805,147220,26499.6,173719.6
INV04463,2026-02-12,Customer4463,Product6,1,36660,36660,6598.8,43258.8
INV04464,2026-02-13,Customer4464,Product15,4,15218,60872,10956.96,71828.95999999999
INV04465,2026-02-14,Customer4465,Product6,1,41690,41690,7504.2,49194.2
INV04466,2026-02-15,Customer4466,Product17,5,44174,220870,39756.6,260626.6
INV04467,2026-02-16,Customer4467,Product19,1,20628,20628,3713.04,24341.04
INV04468,2026-02-17,Customer4468,Product6,2,32665,65330,11759.4,77089.4
INV04469,2026-02-18,Customer4469,Product6,5,19345,96725,17410.5,114135.5
INV04470,2026-02-19,Customer4470,Product7,4,26430,105720,19029.6,124749.6
INV04471,2026-02-20,Customer4471,Product19,2,22510,45020,8103.6,53123.6
INV04472,2026-02-21,Customer4472,Product8,2,19419,38838,6990.84,45828.84
INV04473,2026-02-22,Customer4473,Product11,5,21336,106680,19202.4,125882.4
INV04474,2026-02-23,Customer4474,Product12,5,6066,30330,5459.4,35789.4
INV04475,2026-02-24,Customer4475,Product15,2,17938,35876,6457.68,42333.68
INV04476,2026-02-25,Customer4476,Product4,4,36750,147000,26460.0,173460.0
INV04477,2026-02-26,Customer4477,Product7,2,2145,4290,772.2,5062.2
INV04478,2026-02-27,Customer4478,Product8,4,11114,44456,8002.08,52458.08
INV04479,2026-02-28,Customer4479,Product20,3,41973,125919,22665.42,148584.41999999998
INV04480,2026-02-01,Customer4480,Product5,5,42957,214785,38661.3,253446.3
INV04481,2026-02-02,Customer4481,Product18,3,41065,123195,22175.1,145370.1
INV04482,2026-02-03,Customer4482,Product15,5,25716,128580,23144.4,151724.4
INV04483,2026-02-04,Customer4483,Product13,1,41220,41220,7419.6,48639.6
INV04484,2026-02-05,Customer4484,Product10,2,18719,37438,6738.84,44176.84
INV04485,2026-02-06,Customer4485,Product19,1,38190,38190,6874.2,45064.2
INV04486,2026-02-07,Customer4486,Product1,1,5679,5679,1022.22,6701.22
INV04487,2026-02-08,Customer4487,Product1,2,6176,12352,2223.36,14575.36
INV04488,2026-02-09,Customer4488,Product2,5,8621,43105,7758.9,50863.9
INV04489,2026-02-10,Customer4489,Product8,3,2765,8295,1493.1,9788.1
INV04490,2026-02-11,Customer4490,Product1,4,1393,5572,1002.96,6574.96
INV04491,2026-02-12,Customer4491,Product17,5,23323,116615,20990.7,137605.7
INV04492,2026-02-13,Customer4492,Product5,3,3209,9627,1732.86,11359.86
INV04493,2026-02-14,Customer4493,Product12,4,38458,153832,27689.76,181521.76
INV04494,2026-02-15,Customer4494,Product4,2,2146,4292,772.56,5064.5599999999995
INV04495,2026-02-16,Customer4495,Product14,5,15418,77090,13876.2,90966.2
INV04496,2026-02-17,Customer4496,Product4,3,24336,73008,13141.44,86149.44
INV04497,2026-02-18,Customer4497,Product17,2,26469,52938,9528.84,62466.84
INV04498,2026-02-19,Customer4498,Product8,3,23745,71235,12822.3,84057.3
INV04499,2026-02-20,Customer4499,Product15,2,42115,84230,15161.4,99391.4
INV04500,2026-02-21,Customer4500,Product5,2,48185,96370,17346.6,113716.6
INV04501,2026-02-22,Customer4501,Product13,1,1002,1002,180.36,1182.3600000000001
INV04502,2026-02-23,Customer4502,Product2,2,11625,23250,4185.0,27435.0
INV04503,2026-02-24,Customer4503,Product17,5,41523,207615,37370.7,244985.7
INV04504,2026-02-25,Customer4504,Product1,5,21420,107100,19278.0,126378.0
INV04505,2026-02-26,Customer4505,Product7,1,2894,2894,520.92,3414.92
INV04506,2026-02-27,Customer4506,Product14,5,43120,215600,38808.0,254408.0
INV04507,2026-02-28,Customer4507,Product1,5,9478,47390,8530.2,55920.2
INV04508,2026-02-01,Customer4508,Product7,2,44436,88872,15996.96,104868.95999999999
INV04509,2026-02-02,Customer4509,Product8,1,6202,6202,1116.36,7318.36
INV04510,2026-02-03,Customer4510,Product19,3,9861,29583,5324.94,34907.94
INV04511,2026-02-04,Customer4511,Product1,5,5120,25600,4608.0,30208.0
INV04512,2026-02-05,Customer4512,Product13,4,22339,89356,16084.08,105440.08
INV04513,2026-02-06,Customer4513,Product19,2,47243,94486,17007.48,111493.48
INV04514,2026-02-07,Customer4514,Product17,2,14017,28034,5046.12,33080.12
INV04515,2026-02-08,Customer4515,Product7,5,45494,227470,40944.6,268414.6
INV04516,2026-02-09,Customer4516,Product16,2,48509,97018,17463.24,114481.24
INV04517,2026-02-10,Customer4517,Product10,2,16970,33940,6109.2,40049.2
INV04518,2026-02-11,Customer4518,Product19,5,40078,200390,36070.2,236460.2
INV04519,2026-02-12,Customer4519,Product12,5,13613,68065,12251.7,80316.7
INV04520,2026-02-13,Customer4520,Product8,4,43155,172620,31071.6,203691.6
INV04521,2026-02-14,Customer4521,Product1,3,8701,26103,4698.54,30801.54
INV04522,2026-02-15,Customer4522,Product14,2,30131,60262,10847.16,71109.16
INV04523,2026-02-16,Customer4523,Product6,3,44491,133473,24025.14,157498.14
INV04524,2026-02-17,Customer4524,Product1,1,30694,30694,5524.92,36218.92
INV04525,2026-02-18,Customer4525,Product18,5,25383,126915,22844.7,149759.7
INV04526,2026-02-19,Customer4526,Product14,4,20015,80060,14410.8,94470.8
INV04527,2026-02-20,Customer4527,Product5,2,47165,94330,16979.4,111309.4
INV04528,2026-02-21,Customer4528,Product6,5,27392,136960,24652.8,161612.8
INV04529,2026-02-22,Customer4529,Product3,3,20399,61197,11015.46,72212.45999999999
INV04530,2026-02-23,Customer4530,Product8,1,8541,8541,1537.38,10078.380000000001
INV04531,2026-02-24,Customer4531,Product12,4,28199,112796,20303.28,133099.28
INV04532,2026-02-25,Customer4532,Product10,3,49249,147747,26594.46,174341.46
INV04533,2026-02-26,Customer4533,Product9,2,26527,53054,9549.72,62603.72
INV04534,2026-02-27,Customer4534,Product8,3,41866,125598,22607.64,148205.64
INV04535,2026-02-28,Customer4535,Product17,3,17981,53943,9709.74,63652.74
INV04536,2026-02-01,Customer4536,Product20,3,1266,3798,683.64,4481.64
INV04537,2026-02-02,Customer4537,Product8,2,31998,63996,11519.28,75515.28
INV04538,2026-02-03,Customer4538,Product8,5,45909,229545,41318.1,270863.1
INV04539,2026-02-04,Customer4539,Product3,1,31986,31986,5757.48,37743.479999999996
INV04540,2026-02-05,Customer4540,Product14,5,15251,76255,13725.9,89980.9
INV04541,2026-02-06,Customer4541,Product2,4,1134,4536,816.48,5352.48
INV04542,2026-02-07,Customer4542,Product7,4,21527,86108,15499.44,101607.44
INV04543,2026-02-08,Customer4543,Product20,2,47824,95648,17216.64,112864.64
INV04544,2026-02-09,Customer4544,Product14,3,42911,128733,23171.94,151904.94
INV04545,2026-02-10,Customer4545,Product1,5,9935,49675,8941.5,58616.5
INV04546,2026-02-11,Customer4546,Product10,3,11156,33468,6024.24,39492.24
INV04547,2026-02-12,Customer4547,Product16,3,29757,89271,16068.78,105339.78
INV04548,2026-02-13,Customer4548,Product17,1,15713,15713,2828.34,18541.34
INV04549,2026-02-14,Customer4549,Product10,1,24004,24004,4320.72,28324.72
INV04550,2026-02-15,Customer4550,Product1,3,11148,33444,6019.92,39463.92
INV04551,2026-02-16,Customer4551,Product19,4,36367,145468,26184.24,171652.24
INV04552,2026-02-17,Customer4552,Product16,2,8742,17484,3147.12,20631.12
INV04553,2026-02-18,Customer4553,Product20,5,38367,191835,34530.3,226365.3
INV04554,2026-02-19,Customer4554,Product15,2,27606,55212,9938.16,65150.16
INV04555,2026-02-20,Customer4555,Product5,5,18482,92410,16633.8,109043.8
INV04556,2026-02-21,Customer4556,Product17,3,18363,55089,9916.02,65005.020000000004
INV04557,2026-02-22,Customer4557,Product2,3,18567,55701,10026.18,65727.18
INV04558,2026-02-23,Customer4558,Product6,4,35964,143856,25894.08,169750.08000000002
INV04559,2026-02-24,Customer4559,Product11,3,20355,61065,10991.7,72056.7
INV04560,2026-02-25,Customer4560,Product15,4,12160,48640,8755.2,57395.2
INV04561,2026-02-26,Customer4561,Product8,5,4316,21580,3884.4,25464.4
INV04562,2026-02-27,Customer4562,Product6,5,39620,198100,35658.0,233758.0
INV04563,2026-02-28,Customer4563,Product9,2,33931,67862,12215.16,80077.16
INV04564,2026-02-01,Customer4564,Product14,2,33464,66928,12047.04,78975.04000000001
INV04565,2026-02-02,Customer4565,Product13,1,3713,3713,668.34,4381.34
INV04566,2026-02-03,Customer4566,Product16,3,10412,31236,5622.48,36858.479999999996
INV04567,2026-02-04,Customer4567,Product18,5,29140,145700,26226.0,171926.0
INV04568,2026-02-05,Customer4568,Product19,3,38708,116124,20902.32,137026.32
INV04569,2026-02-06,Customer4569,Product7,2,17291,34582,6224.76,40806.76
INV04570,2026-02-07,Customer4570,Product20,3,45966,137898,24821.64,162719.64
INV04571,2026-02-08,Customer4571,Product7,1,48830,48830,8789.4,57619.4
INV04572,2026-02-09,Customer4572,Product1,1,36493,36493,6568.74,43061.74
INV04573,2026-02-10,Customer4573,Product4,4,27804,111216,20018.88,131234.88
INV04574,2026-02-11,Customer4574,Product2,1,49252,49252,8865.36,58117.36
INV04575,2026-02-12,Customer4575,Product5,3,43269,129807,23365.26,153172.26
INV04576,2026-02-13,Customer4576,Product12,3,30547,91641,16495.38,108136.38
INV04577,2026-02-14,Customer4577,Product9,2,27132,54264,9767.52,64031.520000000004
INV04578,2026-02-15,Customer4578,Product19,2,2694,5388,969.84,6357.84
INV04579,2026-02-16,Customer4579,Product9,2,7311,14622,2631.96,17253.96
INV04580,2026-02-17,Customer4580,Product17,3,17891,53673,9661.14,63334.14
INV04581,2026-02-18,Customer4581,Product19,3,49820,149460,26902.8,176362.8
INV04582,2026-02-19,Customer4582,Product20,3,46441,139323,25078.14,164401.14
INV04583,2026-02-20,Customer4583,Product13,4,28264,113056,20350.08,133406.08000000002
INV04584,2026-02-21,Customer4584,Product3,1,4233,4233,761.94,4994.9400000000005
INV04585,2026-02-22,Customer4585,Product2,4,36978,147912,26624.16,174536.16
INV04586,2026-02-23,Customer4586,Product18,3,23656,70968,12774.24,83742.24
INV04587,2026-02-24,Customer4587,Product15,2,8217,16434,2958.12,19392.12
INV04588,2026-02-25,Customer4588,Product17,5,11133,55665,10019.7,65684.7
INV04589,2026-02-26,Customer4589,Product4,4,46077,184308,33175.44,217483.44
INV04590,2026-02-27,Customer4590,Product5,2,2058,4116,740.88,4856.88
INV04591,2026-02-28,Customer4591,Product20,1,3150,3150,567.0,3717.0
INV04592,2026-02-01,Customer4592,Product7,3,18420,55260,9946.8,65206.8
INV04593,2026-02-02,Customer4593,Product14,2,6895,13790,2482.2,16272.2
INV04594,2026-02-03,Customer4594,Product17,2,36874,73748,13274.64,87022.64
INV04595,2026-02-04,Customer4595,Product15,5,4555,22775,4099.5,26874.5
INV04596,2026-02-05,Customer4596,Product17,2,13962,27924,5026.32,32950.32
INV04597,2026-02-06,Customer4597,Product14,1,13215,13215,2378.7,15593.7
INV04598,2026-02-07,Customer4598,Product3,4,16903,67612,12170.16,79782.16
INV04599,2026-02-08,Customer4599,Product2,5,7033,35165,6329.7,41494.7
INV04600,2026-02-09,Customer4600,Product18,3,7206,21618,3891.24,25509.239999999998
INV04601,2026-02-10,Customer4601,Product13,4,13897,55588,10005.84,65593.84
INV04602,2026-02-11,Customer4602,Product11,4,5419,21676,3901.68,25577.68
INV04603,2026-02-12,Customer4603,Product18,4,12942,51768,9318.24,61086.24
INV04604,2026-02-13,Customer4604,Product15,5,13420,67100,12078.0,79178.0
INV04605,2026-02-14,Customer4605,Product10,4,4143,16572,2982.96,19554.96
INV04606,2026-02-15,Customer4606,Product4,5,34215,171075,30793.5,201868.5
INV04607,2026-02-16,Customer4607,Product12,2,7497,14994,2698.92,17692.92
INV04608,2026-02-17,Customer4608,Product5,5,2245,11225,2020.5,13245.5
INV04609,2026-02-18,Customer4609,Product6,1,995,995,179.1,1174.1
INV04610,2026-02-19,Customer4610,Product4,3,35683,107049,19268.82,126317.82
INV04611,2026-02-20,Customer4611,Product15,2,16836,33672,6060.96,39732.96
INV04612,2026-02-21,Customer4612,Product3,2,40999,81998,14759.64,96757.64
INV04613,2026-02-22,Customer4613,Product15,4,38585,154340,27781.2,182121.2
INV04614,2026-02-23,Customer4614,Product7,4,17247,68988,12417.84,81405.84
INV04615,2026-02-24,Customer4615,Product18,2,40832,81664,14699.52,96363.52
INV04616,2026-02-25,Customer4616,Product12,2,32885,65770,11838.6,77608.6
INV04617,2026-02-26,Customer4617,Product9,5,33143,165715,29828.7,195543.7
INV04618,2026-02-27,Customer4618,Product19,2,26912,53824,9688.32,63512.32
INV04619,2026-02-28,Customer4619,Product7,1,41727,41727,7510.86,49237.86
INV04620,2026-02-01,Customer4620,Product15,5,43049,215245,38744.1,253989.1
INV04621,2026-02-02,Customer4621,Product17,1,28065,28065,5051.7,33116.7
INV04622,2026-02-03,Customer4622,Product2,5,15159,75795,13643.1,89438.1
INV04623,2026-02-04,Customer4623,Product5,1,12257,12257,2206.26,14463.26
INV04624,2026-02-05,Customer4624,Product17,5,40133,200665,36119.7,236784.7
INV04625,2026-02-06,Customer4625,Product12,2,31296,62592,11266.56,73858.56
INV04626,2026-02-07,Customer4626,Product8,5,30188,150940,27169.2,178109.2
INV04627,2026-02-08,Customer4627,Product16,4,36413,145652,26217.36,171869.36
INV04628,2026-02-09,Customer4628,Product14,3,32110,96330,17339.4,113669.4
INV04629,2026-02-10,Customer4629,Product2,1,8767,8767,1578.06,10345.06
INV04630,2026-02-11,Customer4630,Product2,3,5839,17517,3153.06,20670.06
INV04631,2026-02-12,Customer4631,Product4,5,30787,153935,27708.3,181643.3
INV04632,2026-02-13,Customer4632,Product17,1,31867,31867,5736.06,37603.06
INV04633,2026-02-14,Customer4633,Product15,2,38607,77214,13898.52,91112.52
INV04634,2026-02-15,Customer4634,Product16,2,14879,29758,5356.44,35114.44
INV04635,2026-02-16,Customer4635,Product19,2,40562,81124,14602.32,95726.32
INV04636,2026-02-17,Customer4636,Product14,5,33212,166060,29890.8,195950.8
INV04637,2026-02-18,Customer4637,Product9,1,2427,2427,436.86,2863.86
INV04638,2026-02-19,Customer4638,Product5,2,11255,22510,4051.8,26561.8
INV04639,2026-02-20,Customer4639,Product20,2,24862,49724,8950.32,58674.32
INV04640,2026-02-21,Customer4640,Product16,1,49238,49238,8862.84,58100.84
INV04641,2026-02-22,Customer4641,Product11,2,32343,64686,11643.48,76329.48
INV04642,2026-02-23,Customer4642,Product12,2,48042,96084,17295.12,113379.12
INV04643,2026-02-24,Customer4643,Product6,4,6647,26588,4785.84,31373.84
INV04644,2026-02-25,Customer4644,Product3,1,17439,17439,3139.02,20578.02
INV04645,2026-02-26,Customer4645,Product19,2,38714,77428,13937.04,91365.04000000001
INV04646,2026-02-27,Customer4646,Product3,4,8350,33400,6012.0,39412.0
INV04647,2026-02-28,Customer4647,Product9,4,25145,100580,18104.4,118684.4
INV04648,2026-02-01,Customer4648,Product7,1,7213,7213,1298.34,8511.34
INV04649,2026-02-02,Customer4649,Product16,5,2952,14760,2656.8,17416.8
INV04650,2026-02-03,Customer4650,Product2,3,43364,130092,23416.56,153508.56
INV04651,2026-02-04,Customer4651,Product2,1,14363,14363,2585.34,16948.34
INV04652,2026-02-05,Customer4652,Product2,3,26316,78948,14210.64,93158.64
INV04653,2026-02-06,Customer4653,Product12,2,13657,27314,4916.52,32230.52
INV04654,2026-02-07,Customer4654,Product9,2,28762,57524,10354.32,67878.32
INV04655,2026-02-08,Customer4655,Product5,1,39979,39979,7196.22,47175.22
INV04656,2026-02-09,Customer4656,Product17,5,15693,78465,14123.7,92588.7
INV04657,2026-02-10,Customer4657,Product17,4,1901,7604,1368.72,8972.72
INV04658,2026-02-11,Customer4658,Product1,4,16261,65044,11707.92,76751.92
INV04659,2026-02-12,Customer4659,Product12,1,31536,31536,5676.48,37212.479999999996
INV04660,2026-02-13,Customer4660,Product3,4,36948,147792,26602.56,174394.56
INV04661,2026-02-14,Customer4661,Product14,2,34372,68744,12373.92,81117.92
INV04662,2026-02-15,Customer4662,Product9,4,38367,153468,27624.24,181092.24
INV04663,2026-02-16,Customer4663,Product14,3,11383,34149,6146.82,40295.82
INV04664,2026-02-17,Customer4664,Product9,2,49810,99620,17931.6,117551.6
INV04665,2026-02-18,Customer4665,Product16,3,34994,104982,18896.76,123878.76
INV04666,2026-02-19,Customer4666,Product14,2,5102,10204,1836.72,12040.72
INV04667,2026-02-20,Customer4667,Product4,4,27227,108908,19603.44,128511.44
INV04668,2026-02-21,Customer4668,Product5,4,26794,107176,19291.68,126467.68
INV04669,2026-02-22,Customer4669,Product16,5,31568,157840,28411.2,186251.2
INV04670,2026-02-23,Customer4670,Product9,3,48826,146478,26366.04,172844.04
INV04671,2026-02-24,Customer4671,Product13,3,8884,26652,4797.36,31449.36
INV04672,2026-02-25,Customer4672,Product1,2,40777,81554,14679.72,96233.72
INV04673,2026-02-26,Customer4673,Product11,1,887,887,159.66,1046.66
INV04674,2026-02-27,Customer4674,Product5,5,33562,167810,30205.8,198015.8
INV04675,2026-02-28,Customer4675,Product19,2,1145,2290,412.2,2702.2
INV04676,2026-02-01,Customer4676,Product19,2,8472,16944,3049.92,19993.92
INV04677,2026-02-02,Customer4677,Product11,1,36827,36827,6628.86,43455.86
INV04678,2026-02-03,Customer4678,Product7,3,6198,18594,3346.92,21940.92
INV04679,2026-02-04,Customer4679,Product6,3,8041,24123,4342.14,28465.14
INV04680,2026-02-05,Customer4680,Product13,3,21854,65562,11801.16,77363.16
INV04681,2026-02-06,Customer4681,Product18,5,44033,220165,39629.7,259794.7
INV04682,2026-02-07,Customer4682,Product10,3,8748,26244,4723.92,30967.92
INV04683,2026-02-08,Customer4683,Product13,2,13597,27194,4894.92,32088.92
INV04684,2026-02-09,Customer4684,Product15,4,2322,9288,1671.84,10959.84
INV04685,2026-02-10,Customer4685,Product20,2,36702,73404,13212.72,86616.72
INV04686,2026-02-11,Customer4686,Product16,1,27445,27445,4940.1,32385.1
INV04687,2026-02-12,Customer4687,Product18,4,47414,189656,34138.08,223794.08000000002
INV04688,2026-02-13,Customer4688,Product5,4,3185,12740,2293.2,15033.2
INV04689,2026-02-14,Customer4689,Product13,3,35726,107178,19292.04,126470.04000000001
INV04690,2026-02-15,Customer4690,Product11,2,33631,67262,12107.16,79369.16
INV04691,2026-02-16,Customer4691,Product1,5,20793,103965,18713.7,122678.7
INV04692,2026-02-17,Customer4692,Product5,1,42170,42170,7590.6,49760.6
INV04693,2026-02-18,Customer4693,Product5,4,29471,117884,21219.12,139103.12
INV04694,2026-02-19,Customer4694,Product4,5,21260,106300,19134.0,125434.0
INV04695,2026-02-20,Customer4695,Product10,3,49750,149250,26865.0,176115.0
INV04696,2026-02-21,Customer4696,Product2,3,24737,74211,13357.98,87568.98
INV04697,2026-02-22,Customer4697,Product6,3,35088,105264,18947.52,124211.52
INV04698,2026-02-23,Customer4698,Product4,1,26459,26459,4762.62,31221.62
INV04699,2026-02-24,Customer4699,Product9,4,5081,20324,3658.32,23982.32
INV04700,2026-02-25,Customer4700,Product2,2,2371,4742,853.56,5595.5599999999995
INV04701,2026-02-26,Customer4701,Product11,5,14950,74750,13455.0,88205.0
INV04702,2026-02-27,Customer4702,Product18,2,46121,92242,16603.56,108845.56
INV04703,2026-02-28,Customer4703,Product19,1,48324,48324,8698.32,57022.32
INV04704,2026-02-01,Customer4704,Product13,5,14867,74335,13380.3,87715.3
INV04705,2026-02-02,Customer4705,Product15,1,47277,47277,8509.86,55786.86
INV04706,2026-02-03,Customer4706,Product10,3,15165,45495,8189.1,53684.1
INV04707,2026-02-04,Customer4707,Product8,2,17277,34554,6219.72,40773.72
INV04708,2026-02-05,Customer4708,Product4,2,35164,70328,12659.04,82987.04000000001
INV04709,2026-02-06,Customer4709,Product14,2,35764,71528,12875.04,84403.04000000001
INV04710,2026-02-07,Customer4710,Product18,2,11916,23832,4289.76,28121.760000000002
INV04711,2026-02-08,Customer4711,Product7,5,41508,207540,37357.2,244897.2
INV04712,2026-02-09,Customer4712,Product12,1,6208,6208,1117.44,7325.4400000000005
INV04713,2026-02-10,Customer4713,Product5,1,15316,15316,2756.88,18072.88
INV04714,2026-02-11,Customer4714,Product17,5,48058,240290,43252.2,283542.2
INV04715,2026-02-12,Customer4715,Product1,3,33338,100014,18002.52,118016.52
INV04716,2026-02-13,Customer4716,Product10,4,5631,22524,4054.32,26578.32
INV04717,2026-02-14,Customer4717,Product18,3,7787,23361,4204.98,27565.98
INV04718,2026-02-15,Customer4718,Product1,5,34343,171715,30908.7,202623.7
INV04719,2026-02-16,Customer4719,Product12,1,11193,11193,2014.74,13207.74
INV04720,2026-02-17,Customer4720,Product18,3,24800,74400,13392.0,87792.0
INV04721,2026-02-18,Customer4721,Product7,3,23706,71118,12801.24,83919.24
INV04722,2026-02-19,Customer4722,Product9,5,26045,130225,23440.5,153665.5
INV04723,2026-02-20,Customer4723,Product14,2,22569,45138,8124.84,53262.84
INV04724,2026-02-21,Customer4724,Product10,2,9809,19618,3531.24,23149.239999999998
INV04725,2026-02-22,Customer4725,Product1,4,15607,62428,11237.04,73665.04000000001
INV04726,2026-02-23,Customer4726,Product12,2,32331,64662,11639.16,76301.16
INV04727,2026-02-24,Customer4727,Product20,1,22286,22286,4011.48,26297.48
INV04728,2026-02-25,Customer4728,Product3,5,31681,158405,28512.9,186917.9
INV04729,2026-02-26,Customer4729,Product2,5,34046,170230,30641.4,200871.4
INV04730,2026-02-27,Customer4730,Product4,1,11075,11075,1993.5,13068.5
INV04731,2026-02-28,Customer4731,Product6,5,37935,189675,34141.5,223816.5
INV04732,2026-02-01,Customer4732,Product8,3,7361,22083,3974.94,26057.94
INV04733,2026-02-02,Customer4733,Product12,2,48587,97174,17491.32,114665.32
INV04734,2026-02-03,Customer4734,Product5,4,1853,7412,1334.16,8746.16
INV04735,2026-02-04,Customer4735,Product18,2,20989,41978,7556.04,49534.04
INV04736,2026-02-05,Customer4736,Product6,4,44908,179632,32333.76,211965.76
INV04737,2026-02-06,Customer4737,Product20,5,49710,248550,44739.0,293289.0
INV04738,2026-02-07,Customer4738,Product9,2,18408,36816,6626.88,43442.88
INV04739,2026-02-08,Customer4739,Product16,3,24326,72978,13136.04,86114.04000000001
INV04740,2026-02-09,Customer4740,Product11,1,21498,21498,3869.64,25367.64
INV04741,2026-02-10,Customer4741,Product6,4,39734,158936,28608.48,187544.48
INV04742,2026-02-11,Customer4742,Product13,2,38158,76316,13736.88,90052.88
INV04743,2026-02-12,Customer4743,Product13,1,43570,43570,7842.6,51412.6
INV04744,2026-02-13,Customer4744,Product15,4,35183,140732,25331.76,166063.76
INV04745,2026-02-14,Customer4745,Product14,4,48280,193120,34761.6,227881.6
INV04746,2026-02-15,Customer4746,Product8,1,42242,42242,7603.56,49845.56
INV04747,2026-02-16,Customer4747,Product6,2,46798,93596,16847.28,110443.28
INV04748,2026-02-17,Customer4748,Product2,3,16645,49935,8988.3,58923.3
INV04749,2026-02-18,Customer4749,Product8,4,23448,93792,16882.56,110674.56
INV04750,2026-02-19,Customer4750,Product17,5,9904,49520,8913.6,58433.6
INV04751,2026-02-20,Customer4751,Product11,3,4733,14199,2555.82,16754.82
INV04752,2026-02-21,Customer4752,Product17,5,8483,42415,7634.7,50049.7
INV04753,2026-02-22,Customer4753,Product13,3,20852,62556,11260.08,73816.08
INV04754,2026-02-23,Customer4754,Product11,5,29703,148515,26732.7,175247.7
INV04755,2026-02-24,Customer4755,Product19,1,24988,24988,4497.84,29485.84
INV04756,2026-02-25,Customer4756,Product20,1,36717,36717,6609.06,43326.06
INV04757,2026-02-26,Customer4757,Product7,1,4622,4622,831.96,5453.96
INV04758,2026-02-27,Customer4758,Product15,3,45095,135285,24351.3,159636.3
INV04759,2026-02-28,Customer4759,Product12,5,3219,16095,2897.1,18992.1
INV04760,2026-02-01,Customer4760,Product17,1,6977,6977,1255.86,8232.86
INV04761,2026-02-02,Customer4761,Product6,2,42466,84932,15287.76,100219.76
INV04762,2026-02-03,Customer4762,Product7,5,36543,182715,32888.7,215603.7
INV04763,2026-02-04,Customer4763,Product18,4,28446,113784,20481.12,134265.12
INV04764,2026-02-05,Customer4764,Product19,1,8154,8154,1467.72,9621.72
INV04765,2026-02-06,Customer4765,Product7,1,22800,22800,4104.0,26904.0
INV04766,2026-02-07,Customer4766,Product15,5,31468,157340,28321.2,185661.2
INV04767,2026-02-08,Customer4767,Product9,4,18505,74020,13323.6,87343.6
INV04768,2026-02-09,Customer4768,Product7,2,5541,11082,1994.76,13076.76
INV04769,2026-02-10,Customer4769,Product16,1,40815,40815,7346.7,48161.7
INV04770,2026-02-11,Customer4770,Product10,3,5893,17679,3182.22,20861.22
INV04771,2026-02-12,Customer4771,Product14,3,2754,8262,1487.16,9749.16
INV04772,2026-02-13,Customer4772,Product12,3,21901,65703,11826.54,77529.54000000001
INV04773,2026-02-14,Customer4773,Product18,1,22107,22107,3979.26,26086.260000000002
INV04774,2026-02-15,Customer4774,Product13,1,19723,19723,3550.14,23273.14
INV04775,2026-02-16,Customer4775,Product16,3,26844,80532,14495.76,95027.76
INV04776,2026-02-17,Customer4776,Product12,4,6087,24348,4382.64,28730.64
INV04777,2026-02-18,Customer4777,Product20,1,1382,1382,248.76,1630.76
INV04778,2026-02-19,Customer4778,Product5,3,37824,113472,20424.96,133896.96
INV04779,2026-02-20,Customer4779,Product14,2,17310,34620,6231.6,40851.6
INV04780,2026-02-21,Customer4780,Product17,3,49077,147231,26501.58,173732.58000000002
INV04781,2026-02-22,Customer4781,Product7,3,34462,103386,18609.48,121995.48
INV04782,2026-02-23,Customer4782,Product8,3,28852,86556,15580.08,102136.08
INV04783,2026-02-24,Customer4783,Product13,3,31721,95163,17129.34,112292.34
INV04784,2026-02-25,Customer4784,Product5,1,24085,24085,4335.3,28420.3
INV04785,2026-02-26,Customer4785,Product15,5,15830,79150,14247.0,93397.0
INV04786,2026-02-27,Customer4786,Product14,4,48490,193960,34912.8,228872.8
INV04787,2026-02-28,Customer4787,Product8,3,14278,42834,7710.12,50544.12
INV04788,2026-02-01,Customer4788,Product4,4,23941,95764,17237.52,113001.52
INV04789,2026-02-02,Customer4789,Product9,2,41266,82532,14855.76,97387.76
INV04790,2026-02-03,Customer4790,Product15,4,12682,50728,9131.04,59859.04
INV04791,2026-02-04,Customer4791,Product14,5,45047,225235,40542.3,265777.3
INV04792,2026-02-05,Customer4792,Product5,5,15600,78000,14040.0,92040.0
INV04793,2026-02-06,Customer4793,Product15,3,34438,103314,18596.52,121910.52
INV04794,2026-02-07,Customer4794,Product15,1,8356,8356,1504.08,9860.08
INV04795,2026-02-08,Customer4795,Product7,4,23286,93144,16765.92,109909.92
INV04796,2026-02-09,Customer4796,Product3,5,14386,71930,12947.4,84877.4
INV04797,2026-02-10,Customer4797,Product10,3,33892,101676,18301.68,119977.68
INV04798,2026-02-11,Customer4798,Product15,1,1603,1603,288.54,1891.54
INV04799,2026-02-12,Customer4799,Product20,1,40694,40694,7324.92,48018.92
INV04800,2026-02-13,Customer4800,Product8,2,46678,93356,16804.08,110160.08
INV04801,2026-02-14,Customer4801,Product7,2,20224,40448,7280.64,47728.64
INV04802,2026-02-15,Customer4802,Product4,5,35746,178730,32171.4,210901.4
INV04803,2026-02-16,Customer4803,Product10,3,13626,40878,7358.04,48236.04
INV04804,2026-02-17,Customer4804,Product11,5,3964,19820,3567.6,23387.6
INV04805,2026-02-18,Customer4805,Product5,5,13084,65420,11775.6,77195.6
INV04806,2026-02-19,Customer4806,Product4,5,30820,154100,27738.0,181838.0
INV04807,2026-02-20,Customer4807,Product1,4,37568,150272,27048.96,177320.96
INV04808,2026-02-21,Customer4808,Product19,2,47717,95434,17178.12,112612.12
INV04809,2026-02-22,Customer4809,Product15,1,40156,40156,7228.08,47384.08
INV04810,2026-02-23,Customer4810,Product20,3,2064,6192,1114.56,7306.5599999999995
INV04811,2026-02-24,Customer4811,Product9,2,6989,13978,2516.04,16494.04
INV04812,2026-02-25,Customer4812,Product15,4,35294,141176,25411.68,166587.68
INV04813,2026-02-26,Customer4813,Product4,5,47676,238380,42908.4,281288.4
INV04814,2026-02-27,Customer4814,Product9,4,35013,140052,25209.36,165261.36
INV04815,2026-02-28,Customer4815,Product15,3,4805,14415,2594.7,17009.7
INV04816,2026-02-01,Customer4816,Product4,5,29570,147850,26613.0,174463.0
INV04817,2026-02-02,Customer4817,Product20,4,22110,88440,15919.2,104359.2
INV04818,2026-02-03,Customer4818,Product11,4,35479,141916,25544.88,167460.88
INV04819,2026-02-04,Customer4819,Product9,5,4484,22420,4035.6,26455.6
INV04820,2026-02-05,Customer4820,Product17,1,12202,12202,2196.36,14398.36
INV04821,2026-02-06,Customer4821,Product17,2,43425,86850,15633.0,102483.0
INV04822,2026-02-07,Customer4822,Product2,3,44812,134436,24198.48,158634.48
INV04823,2026-02-08,Customer4823,Product17,1,41982,41982,7556.76,49538.76
INV04824,2026-02-09,Customer4824,Product1,4,16527,66108,11899.44,78007.44
INV04825,2026-02-10,Customer4825,Product16,2,43102,86204,15516.72,101720.72
INV04826,2026-02-11,Customer4826,Product7,3,28912,86736,15612.48,102348.48
INV04827,2026-02-12,Customer4827,Product9,3,18391,55173,9931.14,65104.14
INV04828,2026-02-13,Customer4828,Product13,4,3381,13524,2434.32,15958.32
INV04829,2026-02-14,Customer4829,Product3,5,36958,184790,33262.2,218052.2
INV04830,2026-02-15,Customer4830,Product6,3,41592,124776,22459.68,147235.68
INV04831,2026-02-16,Customer4831,Product9,5,31729,158645,28556.1,187201.1
INV04832,2026-02-17,Customer4832,Product5,1,45318,45318,8157.24,53475.24
INV04833,2026-02-18,Customer4833,Product17,5,5713,28565,5141.7,33706.7
INV04834,2026-02-19,Customer4834,Product12,2,36399,72798,13103.64,85901.64
INV04835,2026-02-20,Customer4835,Product6,2,45534,91068,16392.24,107460.24
INV04836,2026-02-21,Customer4836,Product17,4,11287,45148,8126.64,53274.64
INV04837,2026-02-22,Customer4837,Product4,1,29040,29040,5227.2,34267.2
INV04838,2026-02-23,Customer4838,Product18,1,15526,15526,2794.68,18320.68
INV04839,2026-02-24,Customer4839,Product7,5,35024,175120,31521.6,206641.6
INV04840,2026-02-25,Customer4840,Product16,1,8357,8357,1504.26,9861.26
INV04841,2026-02-26,Customer4841,Product7,2,47273,94546,17018.28,111564.28
INV04842,2026-02-27,Customer4842,Product1,4,15072,60288,10851.84,71139.84
INV04843,2026-02-28,Customer4843,Product12,2,27849,55698,10025.64,65723.64
INV04844,2026-02-01,Customer4844,Product6,1,45036,45036,8106.48,53142.479999999996
INV04845,2026-02-02,Customer4845,Product11,1,34908,34908,6283.44,41191.44
INV04846,2026-02-03,Customer4846,Product2,1,24534,24534,4416.12,28950.12
INV04847,2026-02-04,Customer4847,Product9,1,3528,3528,635.04,4163.04
INV04848,2026-02-05,Customer4848,Product11,1,26137,26137,4704.66,30841.66
INV04849,2026-02-06,Customer4849,Product7,3,9484,28452,5121.36,33573.36
INV04850,2026-02-07,Customer4850,Product4,4,42536,170144,30625.92,200769.91999999998
INV04851,2026-02-08,Customer4851,Product14,3,43401,130203,23436.54,153639.54
INV04852,2026-02-09,Customer4852,Product10,2,27471,54942,9889.56,64831.56
INV04853,2026-02-10,Customer4853,Product19,3,21179,63537,11436.66,74973.66
INV04854,2026-02-11,Customer4854,Product17,5,9418,47090,8476.2,55566.2
INV04855,2026-02-12,Customer4855,Product10,4,18470,73880,13298.4,87178.4
INV04856,2026-02-13,Customer4856,Product5,5,3319,16595,2987.1,19582.1
INV04857,2026-02-14,Customer4857,Product11,4,30753,123012,22142.16,145154.16
INV04858,2026-02-15,Customer4858,Product1,1,25856,25856,4654.08,30510.08
INV04859,2026-02-16,Customer4859,Product9,1,1422,1422,255.96,1677.96
INV04860,2026-02-17,Customer4860,Product17,3,14798,44394,7990.92,52384.92
INV04861,2026-02-18,Customer4861,Product1,3,16883,50649,9116.82,59765.82
INV04862,2026-02-19,Customer4862,Product5,3,10245,30735,5532.3,36267.3
INV04863,2026-02-20,Customer4863,Product15,2,13502,27004,4860.72,31864.72
INV04864,2026-02-21,Customer4864,Product20,4,36529,146116,26300.88,172416.88
INV04865,2026-02-22,Customer4865,Product6,2,8000,16000,2880.0,18880.0
INV04866,2026-02-23,Customer4866,Product9,1,35018,35018,6303.24,41321.24
INV04867,2026-02-24,Customer4867,Product16,3,9709,29127,5242.86,34369.86
INV04868,2026-02-25,Customer4868,Product18,1,29520,29520,5313.6,34833.6
INV04869,2026-02-26,Customer4869,Product18,2,3369,6738,1212.84,7950.84
INV04870,2026-02-27,Customer4870,Product4,3,32770,98310,17695.8,116005.8
INV04871,2026-02-28,Customer4871,Product17,3,43207,129621,23331.78,152952.78
INV04872,2026-02-01,Customer4872,Product19,3,17646,52938,9528.84,62466.84
INV04873,2026-02-02,Customer4873,Product16,2,25005,50010,9001.8,59011.8
INV04874,2026-02-03,Customer4874,Product14,2,26608,53216,9578.88,62794.88
INV04875,2026-02-04,Customer4875,Product11,4,14006,56024,10084.32,66108.32
INV04876,2026-02-05,Customer4876,Product19,4,12646,50584,9105.12,59689.12
INV04877,2026-02-06,Customer4877,Product15,4,5217,20868,3756.24,24624.239999999998
INV04878,2026-02-07,Customer4878,Product4,2,33419,66838,12030.84,78868.84
INV04879,2026-02-08,Customer4879,Product15,2,28441,56882,10238.76,67120.76
INV04880,2026-02-09,Customer4880,Product10,4,38475,153900,27702.0,181602.0
INV04881,2026-02-10,Customer4881,Product4,1,16248,16248,2924.64,19172.64
INV04882,2026-02-11,Customer4882,Product6,5,13738,68690,12364.2,81054.2
INV04883,2026-02-12,Customer4883,Product5,2,12750,25500,4590.0,30090.0
INV04884,2026-02-13,Customer4884,Product11,4,5640,22560,4060.8,26620.8
INV04885,2026-02-14,Customer4885,Product15,4,24844,99376,17887.68,117263.68
INV04886,2026-02-15,Customer4886,Product4,1,49502,49502,8910.36,58412.36
INV04887,2026-02-16,Customer4887,Product18,4,16823,67292,12112.56,79404.56
INV04888,2026-02-17,Customer4888,Product10,4,6362,25448,4580.64,30028.64
INV04889,2026-02-18,Customer4889,Product17,2,47239,94478,17006.04,111484.04000000001
INV04890,2026-02-19,Customer4890,Product19,5,10739,53695,9665.1,63360.1
INV04891,2026-02-20,Customer4891,Product3,1,27553,27553,4959.54,32512.54
INV04892,2026-02-21,Customer4892,Product10,3,8055,24165,4349.7,28514.7
INV04893,2026-02-22,Customer4893,Product12,4,4651,18604,3348.72,21952.72
INV04894,2026-02-23,Customer4894,Product10,4,43362,173448,31220.64,204668.64
INV04895,2026-02-24,Customer4895,Product13,5,14362,71810,12925.8,84735.8
INV04896,2026-02-25,Customer4896,Product18,4,24501,98004,17640.72,115644.72
INV04897,2026-02-26,Customer4897,Product5,5,37263,186315,33536.7,219851.7
INV04898,2026-02-27,Customer4898,Product6,5,20640,103200,18576.0,121776.0
INV04899,2026-02-28,Customer4899,Product20,1,14820,14820,2667.6,17487.6
INV04900,2026-02-01,Customer4900,Product6,4,44539,178156,32068.08,210224.08000000002
INV04901,2026-02-02,Customer4901,Product18,5,49816,249080,44834.4,293914.4
INV04902,2026-02-03,Customer4902,Product2,2,30121,60242,10843.56,71085.56
INV04903,2026-02-04,Customer4903,Product10,3,24868,74604,13428.72,88032.72
INV04904,2026-02-05,Customer4904,Product11,2,12050,24100,4338.0,28438.0
INV04905,2026-02-06,Customer4905,Product3,3,41218,123654,22257.72,145911.72
INV04906,2026-02-07,Customer4906,Product14,4,1583,6332,1139.76,7471.76
INV04907,2026-02-08,Customer4907,Product16,3,43145,129435,23298.3,152733.3
INV04908,2026-02-09,Customer4908,Product4,5,3226,16130,2903.4,19033.4
INV04909,2026-02-10,Customer4909,Product6,4,5449,21796,3923.28,25719.28
INV04910,2026-02-11,Customer4910,Product2,1,30803,30803,5544.54,36347.54
INV04911,2026-02-12,Customer4911,Product7,1,49598,49598,8927.64,58525.64
INV04912,2026-02-13,Customer4912,Product12,5,25350,126750,22815.0,149565.0
INV04913,2026-02-14,Customer4913,Product13,3,38417,115251,20745.18,135996.18
INV04914,2026-02-15,Customer4914,Product6,5,43789,218945,39410.1,258355.1
INV04915,2026-02-16,Customer4915,Product12,5,17552,87760,15796.8,103556.8
INV04916,2026-02-17,Customer4916,Product6,1,36325,36325,6538.5,42863.5
INV04917,2026-02-18,Customer4917,Product15,3,39074,117222,21099.96,138321.96
INV04918,2026-02-19,Customer4918,Product12,2,5156,10312,1856.16,12168.16
INV04919,2026-02-20,Customer4919,Product1,3,40667,122001,21960.18,143961.18
INV04920,2026-02-21,Customer4920,Product8,2,38672,77344,13921.92,91265.92
INV04921,2026-02-22,Customer4921,Product20,2,21648,43296,7793.28,51089.28
INV04922,2026-02-23,Customer4922,Product19,2,39131,78262,14087.16,92349.16
INV04923,2026-02-24,Customer4923,Product4,4,1718,6872,1236.96,8108.96
INV04924,2026-02-25,Customer4924,Product4,5,30563,152815,27506.7,180321.7
INV04925,2026-02-26,Customer4925,Product6,1,40574,40574,7303.32,47877.32
INV04926,2026-02-27,Customer4926,Product8,2,39654,79308,14275.44,93583.44
INV04927,2026-02-28,Customer4927,Product1,1,35962,35962,6473.16,42435.16
INV04928,2026-02-01,Customer4928,Product16,5,19810,99050,17829.0,116879.0
INV04929,2026-02-02,Customer4929,Product7,3,36586,109758,19756.44,129514.44
INV04930,2026-02-03,Customer4930,Product4,2,18095,36190,6514.2,42704.2
INV04931,2026-02-04,Customer4931,Product10,1,14718,14718,2649.24,17367.239999999998
INV04932,2026-02-05,Customer4932,Product14,1,29259,29259,5266.62,34525.62
INV04933,2026-02-06,Customer4933,Product5,5,16879,84395,15191.1,99586.1
INV04934,2026-02-07,Customer4934,Product13,3,25194,75582,13604.76,89186.76
INV04935,2026-02-08,Customer4935,Product10,4,7029,28116,5060.88,33176.88
INV04936,2026-02-09,Customer4936,Product18,5,45385,226925,40846.5,267771.5
INV04937,2026-02-10,Customer4937,Product9,1,4684,4684,843.12,5527.12
INV04938,2026-02-11,Customer4938,Product4,3,1870,5610,1009.8,6619.8
INV04939,2026-02-12,Customer4939,Product6,4,32811,131244,23623.92,154867.91999999998
INV04940,2026-02-13,Customer4940,Product17,3,41152,123456,22222.08,145678.08000000002
INV04941,2026-02-14,Customer4941,Product15,3,1130,3390,610.2,4000.2
INV04942,2026-02-15,Customer4942,Product5,4,32420,129680,23342.4,153022.4
INV04943,2026-02-16,Customer4943,Product1,1,41490,41490,7468.2,48958.2
INV04944,2026-02-17,Customer4944,Product11,3,13085,39255,7065.9,46320.9
INV04945,2026-02-18,Customer4945,Product3,2,15615,31230,5621.4,36851.4
INV04946,2026-02-19,Customer4946,Product20,3,24273,72819,13107.42,85926.42
INV04947,2026-02-20,Customer4947,Product1,5,37638,188190,33874.2,222064.2
INV04948,2026-02-21,Customer4948,Product18,5,31969,159845,28772.1,188617.1
INV04949,2026-02-22,Customer4949,Product8,4,25101,100404,18072.72,118476.72
INV04950,2026-02-23,Customer4950,Product9,5,35327,176635,31794.3,208429.3
INV04951,2026-02-24,Customer4951,Product13,4,18343,73372,13206.96,86578.95999999999
INV04952,2026-02-25,Customer4952,Product12,3,12144,36432,6557.76,42989.76
INV04953,2026-02-26,Customer4953,Product10,5,43677,218385,39309.3,257694.3
INV04954,2026-02-27,Customer4954,Product19,1,14872,14872,2676.96,17548.96
INV04955,2026-02-28,Customer4955,Product4,5,4393,21965,3953.7,25918.7
INV04956,2026-02-01,Customer4956,Product19,4,23289,93156,16768.08,109924.08
INV04957,2026-02-02,Customer4957,Product8,2,48387,96774,17419.32,114193.32
INV04958,2026-02-03,Customer4958,Product7,4,2570,10280,1850.4,12130.4
INV04959,2026-02-04,Customer4959,Product2,2,3716,7432,1337.76,8769.76
INV04960,2026-02-05,Customer4960,Product19,1,22200,22200,3996.0,26196.0
INV04961,2026-02-06,Customer4961,Product6,1,1759,1759,316.62,2075.62
INV04962,2026-02-07,Customer4962,Product13,3,34472,103416,18614.88,122030.88
INV04963,2026-02-08,Customer4963,Product4,4,21933,87732,15791.76,103523.76
INV04964,2026-02-09,Customer4964,Product8,5,27791,138955,25011.9,163966.9
INV04965,2026-02-10,Customer4965,Product15,4,44401,177604,31968.72,209572.72
INV04966,2026-02-11,Customer4966,Product18,1,22622,22622,4071.96,26693.96
INV04967,2026-02-12,Customer4967,Product3,5,29295,146475,26365.5,172840.5
INV04968,2026-02-13,Customer4968,Product17,4,35076,140304,25254.72,165558.72
INV04969,2026-02-14,Customer4969,Product19,2,18398,36796,6623.28,43419.28
INV04970,2026-02-15,Customer4970,Product9,4,49624,198496,35729.28,234225.28
INV04971,2026-02-16,Customer4971,Product2,3,31518,94554,17019.72,111573.72
INV04972,2026-02-17,Customer4972,Product7,2,34029,68058,12250.44,80308.44
INV04973,2026-02-18,Customer4973,Product1,1,580,580,104.4,684.4
INV04974,2026-02-19,Customer4974,Product18,4,8490,33960,6112.8,40072.8
INV04975,2026-02-20,Customer4975,Product4,3,49395,148185,26673.3,174858.3
INV04976,2026-02-21,Customer4976,Product12,3,29349,88047,15848.46,103895.45999999999
INV04977,2026-02-22,Customer4977,Product19,5,37483,187415,33734.7,221149.7
INV04978,2026-02-23,Customer4978,Product19,3,11757,35271,6348.78,41619.78
INV04979,2026-02-24,Customer4979,Product18,2,20458,40916,7364.88,48280.88
INV04980,2026-02-25,Customer4980,Product11,3,22580,67740,12193.2,79933.2
INV04981,2026-02-26,Customer4981,Product6,4,13873,55492,9988.56,65480.56
INV04982,2026-02-27,Customer4982,Product18,3,17155,51465,9263.7,60728.7
INV04983,2026-02-28,Customer4983,Product16,5,11434,57170,10290.6,67460.6
INV04984,2026-02-01,Customer4984,Product10,5,49418,247090,44476.2,291566.2
INV04985,2026-02-02,Customer4985,Product17,3,38376,115128,20723.04,135851.04
INV04986,2026-02-03,Customer4986,Product1,2,3945,7890,1420.2,9310.2
INV04987,2026-02-04,Customer4987,Product19,1,27481,27481,4946.58,32427.58
INV04988,2026-02-05,Customer4988,Product17,2,27504,55008,9901.44,64909.44
INV04989,2026-02-06,Customer4989,Product15,1,25814,25814,4646.52,30460.52
INV04990,2026-02-07,Customer4990,Product8,4,19236,76944,13849.92,90793.92
INV04991,2026-02-08,Customer4991,Product7,2,5470,10940,1969.2,12909.2
INV04992,2026-02-09,Customer4992,Product2,2,21451,42902,7722.36,50624.36
INV04993,2026-02-10,Customer4993,Product20,3,7008,21024,3784.32,24808.32
INV04994,2026-02-11,Customer4994,Product16,2,3307,6614,1190.52,7804.52
INV04995,2026-02-12,Customer4995,Product20,5,31208,156040,28087.2,184127.2
INV04996,2026-02-13,Customer4996,Product16,2,28868,57736,10392.48,68128.48
INV04997,2026-02-14,Customer4997,Product8,5,39072,195360,35164.8,230524.8
INV04998,2026-02-15,Customer4998,Product4,5,17151,85755,15435.9,101190.9
INV04999,2026-02-16,Customer4999,Product19,1,5028,5028,905.04,5933.04
INV05000,2026-02-17,Customer5000,Product7,1,5049,5049,908.82,5957.82
INV05001,2026-02-18,Customer5001,Product19,3,17875,53625,9652.5,63277.5
INV05002,2026-02-19,Customer5002,Product7,2,4353,8706,1567.08,10273.08
INV05003,2026-02-20,Customer5003,Product6,1,3733,3733,671.94,4404.9400000000005
INV05004,2026-02-21,Customer5004,Product10,3,40619,121857,21934.26,143791.26
INV05005,2026-02-22,Customer5005,Product6,1,22092,22092,3976.56,26068.56
INV05006,2026-02-23,Customer5006,Product1,2,11472,22944,4129.92,27073.92
INV05007,2026-02-24,Customer5007,Product7,1,32175,32175,5791.5,37966.5
INV05008,2026-02-25,Customer5008,Product14,3,34116,102348,18422.64,120770.64
INV05009,2026-02-26,Customer5009,Product19,2,4815,9630,1733.4,11363.4
INV05010,2026-02-27,Customer5010,Product18,2,43697,87394,15730.92,103124.92
INV05011,2026-02-28,Customer5011,Product3,3,36348,109044,19627.92,128671.92
INV05012,2026-02-01,Customer5012,Product12,4,8822,35288,6351.84,41639.84
INV05013,2026-02-02,Customer5013,Product14,3,20926,62778,11300.04,74078.04000000001
INV05014,2026-02-03,Customer5014,Product19,5,22642,113210,20377.8,133587.8
INV05015,2026-02-04,Customer5015,Product8,5,7430,37150,6687.0,43837.0
INV05016,2026-02-05,Customer5016,Product16,1,48483,48483,8726.94,57209.94
INV05017,2026-02-06,Customer5017,Product20,2,31458,62916,11324.88,74240.88
INV05018,2026-02-07,Customer5018,Product6,1,38667,38667,6960.06,45627.06
INV05019,2026-02-08,Customer5019,Product14,1,29166,29166,5249.88,34415.88
INV05020,2026-02-09,Customer5020,Product13,4,17232,68928,12407.04,81335.04000000001
INV05021,2026-02-10,Customer5021,Product15,3,11556,34668,6240.24,40908.24
INV05022,2026-02-11,Customer5022,Product7,5,26916,134580,24224.4,158804.4
INV05023,2026-02-12,Customer5023,Product6,5,6157,30785,5541.3,36326.3
INV05024,2026-02-13,Customer5024,Product18,5,10472,52360,9424.8,61784.8
INV05025,2026-02-14,Customer5025,Product20,1,43886,43886,7899.48,51785.479999999996
INV05026,2026-02-15,Customer5026,Product12,2,32311,64622,11631.96,76253.95999999999
INV05027,2026-02-16,Customer5027,Product11,5,24457,122285,22011.3,144296.3
INV05028,2026-02-17,Customer5028,Product13,3,8032,24096,4337.28,28433.28
INV05029,2026-02-18,Customer5029,Product19,3,29337,88011,15841.98,103852.98
INV05030,2026-02-19,Customer5030,Product19,4,12751,51004,9180.72,60184.72
INV05031,2026-02-20,Customer5031,Product20,5,35404,177020,31863.6,208883.6
INV05032,2026-02-21,Customer5032,Product19,5,8243,41215,7418.7,48633.7
INV05033,2026-02-22,Customer5033,Product17,5,704,3520,633.6,4153.6
INV05034,2026-02-23,Customer5034,Product17,3,34936,104808,18865.44,123673.44
INV05035,2026-02-24,Customer5035,Product9,3,21202,63606,11449.08,75055.08
INV05036,2026-02-25,Customer5036,Product2,5,33774,168870,30396.6,199266.6
INV05037,2026-02-26,Customer5037,Product2,3,7345,22035,3966.3,26001.3
INV05038,2026-02-27,Customer5038,Product13,4,42425,169700,30546.0,200246.0
INV05039,2026-02-28,Customer5039,Product12,3,35807,107421,19335.78,126756.78
INV05040,2026-02-01,Customer5040,Product6,4,36970,147880,26618.4,174498.4
INV05041,2026-02-02,Customer5041,Product15,3,22703,68109,12259.62,80368.62
INV05042,2026-02-03,Customer5042,Product19,4,27487,109948,19790.64,129738.64
INV05043,2026-02-04,Customer5043,Product11,4,11311,45244,8143.92,53387.92
INV05044,2026-02-05,Customer5044,Product15,4,43799,175196,31535.28,206731.28
INV05045,2026-02-06,Customer5045,Product11,2,29899,59798,10763.64,70561.64
INV05046,2026-02-07,Customer5046,Product15,1,12666,12666,2279.88,14945.880000000001
INV05047,2026-02-08,Customer5047,Product8,3,28297,84891,15280.38,100171.38
INV05048,2026-02-09,Customer5048,Product19,1,43144,43144,7765.92,50909.92
INV05049,2026-02-10,Customer5049,Product8,2,34443,68886,12399.48,81285.48
INV05050,2026-02-11,Customer5050,Product19,4,12385,49540,8917.2,58457.2
INV05051,2026-02-12,Customer5051,Product15,2,25477,50954,9171.72,60125.72
INV05052,2026-02-13,Customer5052,Product7,5,42768,213840,38491.2,252331.2
INV05053,2026-02-14,Customer5053,Product4,3,49080,147240,26503.2,173743.2
INV05054,2026-02-15,Customer5054,Product1,5,4957,24785,4461.3,29246.3
INV05055,2026-02-16,Customer5055,Product13,4,8853,35412,6374.16,41786.16
INV05056,2026-02-17,Customer5056,Product8,5,37421,187105,33678.9,220783.9
INV05057,2026-02-18,Customer5057,Product2,4,6631,26524,4774.32,31298.32
INV05058,2026-02-19,Customer5058,Product19,2,43559,87118,15681.24,102799.24
INV05059,2026-02-20,Customer5059,Product16,1,29161,29161,5248.98,34409.979999999996
INV05060,2026-02-21,Customer5060,Product4,5,39539,197695,35585.1,233280.1
INV05061,2026-02-22,Customer5061,Product16,5,14385,71925,12946.5,84871.5
INV05062,2026-02-23,Customer5062,Product16,3,11249,33747,6074.46,39821.46
INV05063,2026-02-24,Customer5063,Product9,4,9917,39668,7140.24,46808.24
INV05064,2026-02-25,Customer5064,Product19,1,28878,28878,5198.04,34076.04
INV05065,2026-02-26,Customer5065,Product8,1,30261,30261,5446.98,35707.979999999996
INV05066,2026-02-27,Customer5066,Product17,3,5143,15429,2777.22,18206.22
INV05067,2026-02-28,Customer5067,Product3,2,15397,30794,5542.92,36336.92
INV05068,2026-02-01,Customer5068,Product12,3,36752,110256,19846.08,130102.08
INV05069,2026-02-02,Customer5069,Product7,1,31250,31250,5625.0,36875.0
INV05070,2026-02-03,Customer5070,Product1,1,11997,11997,2159.46,14156.46
INV05071,2026-02-04,Customer5071,Product8,3,19560,58680,10562.4,69242.4
INV05072,2026-02-05,Customer5072,Product16,1,35685,35685,6423.3,42108.3
INV05073,2026-02-06,Customer5073,Product13,2,12107,24214,4358.52,28572.52
INV05074,2026-02-07,Customer5074,Product1,4,8263,33052,5949.36,39001.36
INV05075,2026-02-08,Customer5075,Product5,4,45704,182816,32906.88,215722.88
INV05076,2026-02-09,Customer5076,Product2,5,4982,24910,4483.8,29393.8
INV05077,2026-02-10,Customer5077,Product9,2,35201,70402,12672.36,83074.36
INV05078,2026-02-11,Customer5078,Product14,5,47523,237615,42770.7,280385.7
INV05079,2026-02-12,Customer5079,Product17,1,17120,17120,3081.6,20201.6
INV05080,2026-02-13,Customer5080,Product13,1,15147,15147,2726.46,17873.46
INV05081,2026-02-14,Customer5081,Product4,3,12869,38607,6949.26,45556.26
INV05082,2026-02-15,Customer5082,Product6,4,39458,157832,28409.76,186241.76
INV05083,2026-02-16,Customer5083,Product6,3,21757,65271,11748.78,77019.78
INV05084,2026-02-17,Customer5084,Product18,5,1031,5155,927.9,6082.9
INV05085,2026-02-18,Customer5085,Product20,2,37666,75332,13559.76,88891.76
INV05086,2026-02-19,Customer5086,Product13,1,26150,26150,4707.0,30857.0
INV05087,2026-02-20,Customer5087,Product2,2,34625,69250,12465.0,81715.0
INV05088,2026-02-21,Customer5088,Product7,5,1011,5055,909.9,5964.9
INV05089,2026-02-22,Customer5089,Product11,1,44991,44991,8098.38,53089.38
INV05090,2026-02-23,Customer5090,Product4,5,10313,51565,9281.7,60846.7
INV05091,2026-02-24,Customer5091,Product19,5,29908,149540,26917.2,176457.2
INV05092,2026-02-25,Customer5092,Product15,1,25581,25581,4604.58,30185.58
INV05093,2026-02-26,Customer5093,Product14,1,13976,13976,2515.68,16491.68
INV05094,2026-02-27,Customer5094,Product18,5,8179,40895,7361.1,48256.1
INV05095,2026-02-28,Customer5095,Product16,5,29578,147890,26620.2,174510.2
INV05096,2026-02-01,Customer5096,Product19,3,31347,94041,16927.38,110968.38
INV05097,2026-02-02,Customer5097,Product13,4,39730,158920,28605.6,187525.6
INV05098,2026-02-03,Customer5098,Product7,2,9510,19020,3423.6,22443.6
INV05099,2026-02-04,Customer5099,Product4,2,31649,63298,11393.64,74691.64
INV05100,2026-02-05,Customer5100,Product15,4,25014,100056,18010.08,118066.08
INV05101,2026-02-06,Customer5101,Product17,1,1030,1030,185.4,1215.4
INV05102,2026-02-07,Customer5102,Product10,3,11679,35037,6306.66,41343.66
INV05103,2026-02-08,Customer5103,Product13,5,34765,173825,31288.5,205113.5
INV05104,2026-02-09,Customer5104,Product3,3,10285,30855,5553.9,36408.9
INV05105,2026-02-10,Customer5105,Product9,3,29253,87759,15796.62,103555.62
INV05106,2026-02-11,Customer5106,Product15,3,3961,11883,2138.94,14021.94
INV05107,2026-02-12,Customer5107,Product2,2,9245,18490,3328.2,21818.2
INV05108,2026-02-13,Customer5108,Product16,4,49743,198972,35814.96,234786.96
INV05109,2026-02-14,Customer5109,Product2,4,40477,161908,29143.44,191051.44
INV05110,2026-02-15,Customer5110,Product12,5,17961,89805,16164.9,105969.9
INV05111,2026-02-16,Customer5111,Product20,5,47346,236730,42611.4,279341.4
INV05112,2026-02-17,Customer5112,Product18,4,5464,21856,3934.08,25790.08
INV05113,2026-02-18,Customer5113,Product3,3,41059,123177,22171.86,145348.86
INV05114,2026-02-19,Customer5114,Product20,4,46423,185692,33424.56,219116.56
INV05115,2026-02-20,Customer5115,Product16,1,27724,27724,4990.32,32714.32
INV05116,2026-02-21,Customer5116,Product20,3,30154,90462,16283.16,106745.16
INV05117,2026-02-22,Customer5117,Product7,2,16426,32852,5913.36,38765.36
INV05118,2026-02-23,Customer5118,Product10,5,42256,211280,38030.4,249310.4
INV05119,2026-02-24,Customer5119,Product16,1,14750,14750,2655.0,17405.0
INV05120,2026-02-25,Customer5120,Product18,5,35051,175255,31545.9,206800.9
INV05121,2026-02-26,Customer5121,Product8,3,47283,141849,25532.82,167381.82
INV05122,2026-02-27,Customer5122,Product4,1,18176,18176,3271.68,21447.68
INV05123,2026-02-28,Customer5123,Product6,5,41628,208140,37465.2,245605.2
INV05124,2026-02-01,Customer5124,Product5,1,21992,21992,3958.56,25950.56
INV05125,2026-02-02,Customer5125,Product3,1,18944,18944,3409.92,22353.92
INV05126,2026-02-03,Customer5126,Product13,4,25116,100464,18083.52,118547.52
INV05127,2026-02-04,Customer5127,Product9,3,43564,130692,23524.56,154216.56
INV05128,2026-02-05,Customer5128,Product3,3,3152,9456,1702.08,11158.08
INV05129,2026-02-06,Customer5129,Product1,4,39613,158452,28521.36,186973.36
INV05130,2026-02-07,Customer5130,Product11,5,36730,183650,33057.0,216707.0
INV05131,2026-02-08,Customer5131,Product1,2,6896,13792,2482.56,16274.56
INV05132,2026-02-09,Customer5132,Product18,1,29143,29143,5245.74,34388.74
INV05133,2026-02-10,Customer5133,Product13,5,23153,115765,20837.7,136602.7
INV05134,2026-02-11,Customer5134,Product10,4,47848,191392,34450.56,225842.56
INV05135,2026-02-12,Customer5135,Product12,2,30579,61158,11008.44,72166.44
INV05136,2026-02-13,Customer5136,Product11,3,32456,97368,17526.24,114894.24
INV05137,2026-02-14,Customer5137,Product19,3,38303,114909,20683.62,135592.62
INV05138,2026-02-15,Customer5138,Product8,4,48972,195888,35259.84,231147.84
INV05139,2026-02-16,Customer5139,Product9,4,13104,52416,9434.88,61850.88
INV05140,2026-02-17,Customer5140,Product1,5,9793,48965,8813.7,57778.7
INV05141,2026-02-18,Customer5141,Product11,1,6179,6179,1112.22,7291.22
INV05142,2026-02-19,Customer5142,Product12,4,21868,87472,15744.96,103216.95999999999
INV05143,2026-02-20,Customer5143,Product12,2,35934,71868,12936.24,84804.24
INV05144,2026-02-21,Customer5144,Product14,2,22563,45126,8122.68,53248.68
INV05145,2026-02-22,Customer5145,Product3,5,8510,42550,7659.0,50209.0
INV05146,2026-02-23,Customer5146,Product16,1,5817,5817,1047.06,6864.0599999999995
INV05147,2026-02-24,Customer5147,Product12,3,33165,99495,17909.1,117404.1
INV05148,2026-02-25,Customer5148,Product17,3,17111,51333,9239.94,60572.94
INV05149,2026-02-26,Customer5149,Product19,3,26591,79773,14359.14,94132.14
INV05150,2026-02-27,Customer5150,Product12,4,29685,118740,21373.2,140113.2
INV05151,2026-02-28,Customer5151,Product16,5,11077,55385,9969.3,65354.3
INV05152,2026-02-01,Customer5152,Product18,4,43789,175156,31528.08,206684.08000000002
INV05153,2026-02-02,Customer5153,Product2,4,9018,36072,6492.96,42564.96
INV05154,2026-02-03,Customer5154,Product17,2,19791,39582,7124.76,46706.76
INV05155,2026-02-04,Customer5155,Product4,1,15037,15037,2706.66,17743.66
INV05156,2026-02-05,Customer5156,Product2,1,30983,30983,5576.94,36559.94
INV05157,2026-02-06,Customer5157,Product7,5,17494,87470,15744.6,103214.6
INV05158,2026-02-07,Customer5158,Product20,3,27499,82497,14849.46,97346.45999999999
INV05159,2026-02-08,Customer5159,Product5,4,23429,93716,16868.88,110584.88
INV05160,2026-02-09,Customer5160,Product2,1,25748,25748,4634.64,30382.64
INV05161,2026-02-10,Customer5161,Product10,2,45469,90938,16368.84,107306.84
INV05162,2026-02-11,Customer5162,Product1,4,44717,178868,32196.24,211064.24
INV05163,2026-02-12,Customer5163,Product3,3,20004,60012,10802.16,70814.16
INV05164,2026-02-13,Customer5164,Product12,4,31766,127064,22871.52,149935.52
INV05165,2026-02-14,Customer5165,Product11,5,4488,22440,4039.2,26479.2
INV05166,2026-02-15,Customer5166,Product14,3,40065,120195,21635.1,141830.1
INV05167,2026-02-16,Customer5167,Product12,3,22852,68556,12340.08,80896.08
INV05168,2026-02-17,Customer5168,Product11,4,19598,78392,14110.56,92502.56
INV05169,2026-02-18,Customer5169,Product2,5,3236,16180,2912.4,19092.4
INV05170,2026-02-19,Customer5170,Product17,4,14253,57012,10262.16,67274.16
INV05171,2026-02-20,Customer5171,Product11,1,5355,5355,963.9,6318.9
INV05172,2026-02-21,Customer5172,Product15,4,32319,129276,23269.68,152545.68
INV05173,2026-02-22,Customer5173,Product4,1,16090,16090,2896.2,18986.2
INV05174,2026-02-23,Customer5174,Product16,5,3309,16545,2978.1,19523.1
INV05175,2026-02-24,Customer5175,Product7,3,5087,15261,2746.98,18007.98
INV05176,2026-02-25,Customer5176,Product16,4,8650,34600,6228.0,40828.0
INV05177,2026-02-26,Customer5177,Product19,5,47422,237110,42679.8,279789.8
INV05178,2026-02-27,Customer5178,Product16,5,9044,45220,8139.6,53359.6
INV05179,2026-02-28,Customer5179,Product14,1,11793,11793,2122.74,13915.74
INV05180,2026-02-01,Customer5180,Product19,2,28656,57312,10316.16,67628.16
INV05181,2026-02-02,Customer5181,Product4,4,47760,191040,34387.2,225427.2
INV05182,2026-02-03,Customer5182,Product5,1,28649,28649,5156.82,33805.82
INV05183,2026-02-04,Customer5183,Product4,3,594,1782,320.76,2102.76
INV05184,2026-02-05,Customer5184,Product19,4,49610,198440,35719.2,234159.2
INV05185,2026-02-06,Customer5185,Product16,3,14271,42813,7706.34,50519.34
INV05186,2026-02-07,Customer5186,Product5,1,35865,35865,6455.7,42320.7
INV05187,2026-02-08,Customer5187,Product12,1,41604,41604,7488.72,49092.72
INV05188,2026-02-09,Customer5188,Product6,3,33538,100614,18110.52,118724.52
INV05189,2026-02-10,Customer5189,Product8,3,36339,109017,19623.06,128640.06
INV05190,2026-02-11,Customer5190,Product15,1,16568,16568,2982.24,19550.239999999998
INV05191,2026-02-12,Customer5191,Product11,5,35833,179165,32249.7,211414.7
INV05192,2026-02-13,Customer5192,Product11,2,33670,67340,12121.2,79461.2
INV05193,2026-02-14,Customer5193,Product12,2,26468,52936,9528.48,62464.479999999996
INV05194,2026-02-15,Customer5194,Product6,1,2250,2250,405.0,2655.0
INV05195,2026-02-16,Customer5195,Product2,5,31301,156505,28170.9,184675.9
INV05196,2026-02-17,Customer5196,Product17,5,5883,29415,5294.7,34709.7
INV05197,2026-02-18,Customer5197,Product10,4,1669,6676,1201.68,7877.68
INV05198,2026-02-19,Customer5198,Product1,2,14269,28538,5136.84,33674.84
INV05199,2026-02-20,Customer5199,Product4,1,49959,49959,8992.62,58951.62
INV05200,2026-02-21,Customer5200,Product9,4,23685,94740,17053.2,111793.2
INV05201,2026-02-22,Customer5201,Product14,4,33021,132084,23775.12,155859.12
INV05202,2026-02-23,Customer5202,Product16,3,22771,68313,12296.34,80609.34
INV05203,2026-02-24,Customer5203,Product12,1,25508,25508,4591.44,30099.44
INV05204,2026-02-25,Customer5204,Product9,1,27703,27703,4986.54,32689.54
INV05205,2026-02-26,Customer5205,Product20,3,39052,117156,21088.08,138244.08000000002
INV05206,2026-02-27,Customer5206,Product10,2,40551,81102,14598.36,95700.36
INV05207,2026-02-28,Customer5207,Product1,1,4798,4798,863.64,5661.64
INV05208,2026-02-01,Customer5208,Product4,3,9185,27555,4959.9,32514.9
INV05209,2026-02-02,Customer5209,Product20,1,28733,28733,5171.94,33904.94
INV05210,2026-02-03,Customer5210,Product16,5,16259,81295,14633.1,95928.1
INV05211,2026-02-04,Customer5211,Product10,2,5869,11738,2112.84,13850.84
INV05212,2026-02-05,Customer5212,Product4,2,37833,75666,13619.88,89285.88
INV05213,2026-02-06,Customer5213,Product20,4,39355,157420,28335.6,185755.6
INV05214,2026-02-07,Customer5214,Product11,3,14913,44739,8053.02,52792.020000000004
INV05215,2026-02-08,Customer5215,Product9,3,33932,101796,18323.28,120119.28
INV05216,2026-02-09,Customer5216,Product3,4,8985,35940,6469.2,42409.2
INV05217,2026-02-10,Customer5217,Product8,5,44341,221705,39906.9,261611.9
INV05218,2026-02-11,Customer5218,Product9,1,49258,49258,8866.44,58124.44
INV05219,2026-02-12,Customer5219,Product3,1,26073,26073,4693.14,30766.14
INV05220,2026-02-13,Customer5220,Product1,5,38314,191570,34482.6,226052.6
INV05221,2026-02-14,Customer5221,Product2,5,24632,123160,22168.8,145328.8
INV05222,2026-02-15,Customer5222,Product16,1,45165,45165,8129.7,53294.7
INV05223,2026-02-16,Customer5223,Product14,4,19595,78380,14108.4,92488.4
INV05224,2026-02-17,Customer5224,Product19,1,13123,13123,2362.14,15485.14
INV05225,2026-02-18,Customer5225,Product16,5,4302,21510,3871.8,25381.8
INV05226,2026-02-19,Customer5226,Product7,4,3857,15428,2777.04,18205.04
INV05227,2026-02-20,Customer5227,Product2,4,15120,60480,10886.4,71366.4
INV05228,2026-02-21,Customer5228,Product3,4,28662,114648,20636.64,135284.64
INV05229,2026-02-22,Customer5229,Product20,3,15831,47493,8548.74,56041.74
INV05230,2026-02-23,Customer5230,Product17,4,22161,88644,15955.92,104599.92
INV05231,2026-02-24,Customer5231,Product18,2,23882,47764,8597.52,56361.520000000004
INV05232,2026-02-25,Customer5232,Product1,3,23429,70287,12651.66,82938.66
INV05233,2026-02-26,Customer5233,Product19,5,19512,97560,17560.8,115120.8
INV05234,2026-02-27,Customer5234,Product10,5,12926,64630,11633.4,76263.4
INV05235,2026-02-28,Customer5235,Product15,4,48897,195588,35205.84,230793.84
INV05236,2026-02-01,Customer5236,Product12,4,46416,185664,33419.52,219083.52
INV05237,2026-02-02,Customer5237,Product18,5,25792,128960,23212.8,152172.8
INV05238,2026-02-03,Customer5238,Product4,4,48180,192720,34689.6,227409.6
INV05239,2026-02-04,Customer5239,Product13,3,19348,58044,10447.92,68491.92
INV05240,2026-02-05,Customer5240,Product17,4,42135,168540,30337.2,198877.2
INV05241,2026-02-06,Customer5241,Product2,2,49515,99030,17825.4,116855.4
INV05242,2026-02-07,Customer5242,Product7,2,29751,59502,10710.36,70212.36
INV05243,2026-02-08,Customer5243,Product12,4,7850,31400,5652.0,37052.0
INV05244,2026-02-09,Customer5244,Product17,1,10365,10365,1865.7,12230.7
INV05245,2026-02-10,Customer5245,Product6,3,2990,8970,1614.6,10584.6
INV05246,2026-02-11,Customer5246,Product8,4,36241,144964,26093.52,171057.52
INV05247,2026-02-12,Customer5247,Product15,1,1603,1603,288.54,1891.54
INV05248,2026-02-13,Customer5248,Product20,4,24909,99636,17934.48,117570.48
INV05249,2026-02-14,Customer5249,Product11,4,16594,66376,11947.68,78323.68
INV05250,2026-02-15,Customer5250,Product20,2,36874,73748,13274.64,87022.64
INV05251,2026-02-16,Customer5251,Product19,5,8722,43610,7849.8,51459.8
INV05252,2026-02-17,Customer5252,Product1,3,35451,106353,19143.54,125496.54000000001
INV05253,2026-02-18,Customer5253,Product9,2,38544,77088,13875.84,90963.84
INV05254,2026-02-19,Customer5254,Product8,5,7786,38930,7007.4,45937.4
INV05255,2026-02-20,Customer5255,Product10,1,30695,30695,5525.1,36220.1
INV05256,2026-02-21,Customer5256,Product11,2,18776,37552,6759.36,44311.36
INV05257,2026-02-22,Customer5257,Product14,2,44053,88106,15859.08,103965.08
INV05258,2026-02-23,Customer5258,Product5,1,27482,27482,4946.76,32428.760000000002
INV05259,2026-02-24,Customer5259,Product6,3,26761,80283,14450.94,94733.94
INV05260,2026-02-25,Customer5260,Product8,2,30611,61222,11019.96,72241.95999999999
INV05261,2026-02-26,Customer5261,Product4,5,42052,210260,37846.8,248106.8
INV05262,2026-02-27,Customer5262,Product11,4,42889,171556,30880.08,202436.08000000002
INV05263,2026-02-28,Customer5263,Product8,3,35827,107481,19346.58,126827.58
INV05264,2026-02-01,Customer5264,Product10,4,6377,25508,4591.44,30099.44
INV05265,2026-02-02,Customer5265,Product10,3,43329,129987,23397.66,153384.66
INV05266,2026-02-03,Customer5266,Product5,4,47064,188256,33886.08,222142.08000000002
INV05267,2026-02-04,Customer5267,Product5,1,44707,44707,8047.26,52754.26
INV05268,2026-02-05,Customer5268,Product11,1,8206,8206,1477.08,9683.08
INV05269,2026-02-06,Customer5269,Product14,3,25313,75939,13669.02,89608.02
INV05270,2026-02-07,Customer5270,Product18,3,32360,97080,17474.4,114554.4
INV05271,2026-02-08,Customer5271,Product13,1,5328,5328,959.04,6287.04
INV05272,2026-02-09,Customer5272,Product6,2,39560,79120,14241.6,93361.6
INV05273,2026-02-10,Customer5273,Product19,4,26421,105684,19023.12,124707.12
INV05274,2026-02-11,Customer5274,Product4,3,13528,40584,7305.12,47889.12
INV05275,2026-02-12,Customer5275,Product6,3,13597,40791,7342.38,48133.38
INV05276,2026-02-13,Customer5276,Product5,4,3216,12864,2315.52,15179.52
INV05277,2026-02-14,Customer5277,Product20,5,5786,28930,5207.4,34137.4
INV05278,2026-02-15,Customer5278,Product16,2,40786,81572,14682.96,96254.95999999999
INV05279,2026-02-16,Customer5279,Product18,4,35352,141408,25453.44,166861.44
INV05280,2026-02-17,Customer5280,Product12,4,28958,115832,20849.76,136681.76
INV05281,2026-02-18,Customer5281,Product7,1,13567,13567,2442.06,16009.06
INV05282,2026-02-19,Customer5282,Product9,2,18087,36174,6511.32,42685.32
INV05283,2026-02-20,Customer5283,Product20,1,27627,27627,4972.86,32599.86
INV05284,2026-02-21,Customer5284,Product20,5,4072,20360,3664.8,24024.8
INV05285,2026-02-22,Customer5285,Product7,3,23915,71745,12914.1,84659.1
INV05286,2026-02-23,Customer5286,Product12,1,5520,5520,993.6,6513.6
INV05287,2026-02-24,Customer5287,Product1,4,7578,30312,5456.16,35768.16
INV05288,2026-02-25,Customer5288,Product5,4,48703,194812,35066.16,229878.16
INV05289,2026-02-26,Customer5289,Product1,1,8346,8346,1502.28,9848.28
INV05290,2026-02-27,Customer5290,Product15,4,47160,188640,33955.2,222595.2
INV05291,2026-02-28,Customer5291,Product12,4,33908,135632,24413.76,160045.76
INV05292,2026-02-01,Customer5292,Product14,4,37612,150448,27080.64,177528.64
INV05293,2026-02-02,Customer5293,Product11,2,10612,21224,3820.32,25044.32
INV05294,2026-02-03,Customer5294,Product18,4,48117,192468,34644.24,227112.24
INV05295,2026-02-04,Customer5295,Product8,3,19097,57291,10312.38,67603.38
INV05296,2026-02-05,Customer5296,Product20,4,42901,171604,30888.72,202492.72
INV05297,2026-02-06,Customer5297,Product9,3,41241,123723,22270.14,145993.14
INV05298,2026-02-07,Customer5298,Product6,5,33643,168215,30278.7,198493.7
INV05299,2026-02-08,Customer5299,Product3,5,36087,180435,32478.3,212913.3
INV05300,2026-02-09,Customer5300,Product18,2,21341,42682,7682.76,50364.76
INV05301,2026-02-10,Customer5301,Product2,2,4014,8028,1445.04,9473.04
INV05302,2026-02-11,Customer5302,Product10,3,27850,83550,15039.0,98589.0
INV05303,2026-02-12,Customer5303,Product10,1,29360,29360,5284.8,34644.8
INV05304,2026-02-13,Customer5304,Product17,3,28665,85995,15479.1,101474.1
INV05305,2026-02-14,Customer5305,Product8,3,2980,8940,1609.2,10549.2
INV05306,2026-02-15,Customer5306,Product18,1,25748,25748,4634.64,30382.64
INV05307,2026-02-16,Customer5307,Product18,4,44020,176080,31694.4,207774.4
INV05308,2026-02-17,Customer5308,Product19,1,25240,25240,4543.2,29783.2
INV05309,2026-02-18,Customer5309,Product1,3,43484,130452,23481.36,153933.36
INV05310,2026-02-19,Customer5310,Product10,4,9782,39128,7043.04,46171.04
INV05311,2026-02-20,Customer5311,Product20,5,17288,86440,15559.2,101999.2
INV05312,2026-02-21,Customer5312,Product15,1,49400,49400,8892.0,58292.0
INV05313,2026-02-22,Customer5313,Product8,1,48652,48652,8757.36,57409.36
INV05314,2026-02-23,Customer5314,Product3,5,43998,219990,39598.2,259588.2
INV05315,2026-02-24,Customer5315,Product10,1,16714,16714,3008.52,19722.52
INV05316,2026-02-25,Customer5316,Product18,2,27570,55140,9925.2,65065.2
INV05317,2026-02-26,Customer5317,Product13,2,12778,25556,4600.08,30156.08
INV05318,2026-02-27,Customer5318,Product10,3,34277,102831,18509.58,121340.58
INV05319,2026-02-28,Customer5319,Product14,2,20298,40596,7307.28,47903.28
INV05320,2026-02-01,Customer5320,Product2,1,39695,39695,7145.1,46840.1
INV05321,2026-02-02,Customer5321,Product13,1,24279,24279,4370.22,28649.22
INV05322,2026-02-03,Customer5322,Product11,1,40919,40919,7365.42,48284.42
INV05323,2026-02-04,Customer5323,Product6,5,11004,55020,9903.6,64923.6
INV05324,2026-02-05,Customer5324,Product5,4,29669,118676,21361.68,140037.68
INV05325,2026-02-06,Customer5325,Product16,1,44131,44131,7943.58,52074.58
INV05326,2026-02-07,Customer5326,Product20,5,22675,113375,20407.5,133782.5
INV05327,2026-02-08,Customer5327,Product18,1,10669,10669,1920.42,12589.42
INV05328,2026-02-09,Customer5328,Product1,1,12709,12709,2287.62,14996.619999999999
INV05329,2026-02-10,Customer5329,Product5,1,26808,26808,4825.44,31633.44
INV05330,2026-02-11,Customer5330,Product7,5,41928,209640,37735.2,247375.2
INV05331,2026-02-12,Customer5331,Product7,4,4268,17072,3072.96,20144.96
INV05332,2026-02-13,Customer5332,Product13,2,37118,74236,13362.48,87598.48
INV05333,2026-02-14,Customer5333,Product14,5,27635,138175,24871.5,163046.5
INV05334,2026-02-15,Customer5334,Product3,3,8348,25044,4507.92,29551.92
INV05335,2026-02-16,Customer5335,Product3,1,26715,26715,4808.7,31523.7
INV05336,2026-02-17,Customer5336,Product17,3,26415,79245,14264.1,93509.1
INV05337,2026-02-18,Customer5337,Product5,5,9216,46080,8294.4,54374.4
INV05338,2026-02-19,Customer5338,Product19,3,43453,130359,23464.62,153823.62
INV05339,2026-02-20,Customer5339,Product4,2,38712,77424,13936.32,91360.32
INV05340,2026-02-21,Customer5340,Product2,3,9020,27060,4870.8,31930.8
INV05341,2026-02-22,Customer5341,Product5,4,22513,90052,16209.36,106261.36
INV05342,2026-02-23,Customer5342,Product20,1,33654,33654,6057.72,39711.72
INV05343,2026-02-24,Customer5343,Product8,5,16731,83655,15057.9,98712.9
INV05344,2026-02-25,Customer5344,Product5,1,3627,3627,652.86,4279.86
INV05345,2026-02-26,Customer5345,Product2,4,22411,89644,16135.92,105779.92
INV05346,2026-02-27,Customer5346,Product3,5,9777,48885,8799.3,57684.3
INV05347,2026-02-28,Customer5347,Product1,5,4338,21690,3904.2,25594.2
INV05348,2026-02-01,Customer5348,Product6,5,23235,116175,20911.5,137086.5
INV05349,2026-02-02,Customer5349,Product11,1,37010,37010,6661.8,43671.8
INV05350,2026-02-03,Customer5350,Product14,1,1227,1227,220.86,1447.8600000000001
INV05351,2026-02-04,Customer5351,Product13,2,6858,13716,2468.88,16184.880000000001
INV05352,2026-02-05,Customer5352,Product2,3,6819,20457,3682.26,24139.260000000002
INV05353,2026-02-06,Customer5353,Product1,2,37555,75110,13519.8,88629.8
INV05354,2026-02-07,Customer5354,Product7,1,13682,13682,2462.76,16144.76
INV05355,2026-02-08,Customer5355,Product18,4,38836,155344,27961.92,183305.91999999998
INV05356,2026-02-09,Customer5356,Product5,4,4477,17908,3223.44,21131.44
INV05357,2026-02-10,Customer5357,Product2,2,20548,41096,7397.28,48493.28
INV05358,2026-02-11,Customer5358,Product20,4,13413,53652,9657.36,63309.36
INV05359,2026-02-12,Customer5359,Product4,4,36012,144048,25928.64,169976.64
INV05360,2026-02-13,Customer5360,Product13,4,19155,76620,13791.6,90411.6
INV05361,2026-02-14,Customer5361,Product16,3,28469,85407,15373.26,100780.26
INV05362,2026-02-15,Customer5362,Product16,1,36172,36172,6510.96,42682.96
INV05363,2026-02-16,Customer5363,Product13,5,16020,80100,14418.0,94518.0
INV05364,2026-02-17,Customer5364,Product9,5,43802,219010,39421.8,258431.8
INV05365,2026-02-18,Customer5365,Product16,3,46895,140685,25323.3,166008.3
INV05366,2026-02-19,Customer5366,Product11,3,4367,13101,2358.18,15459.18
INV05367,2026-02-20,Customer5367,Product8,4,34899,139596,25127.28,164723.28
INV05368,2026-02-21,Customer5368,Product17,4,41648,166592,29986.56,196578.56
INV05369,2026-02-22,Customer5369,Product11,1,36090,36090,6496.2,42586.2
INV05370,2026-02-23,Customer5370,Product10,5,30843,154215,27758.7,181973.7
INV05371,2026-02-24,Customer5371,Product9,4,3870,15480,2786.4,18266.4
INV05372,2026-02-25,Customer5372,Product4,4,15209,60836,10950.48,71786.48
INV05373,2026-02-26,Customer5373,Product14,3,8372,25116,4520.88,29636.88
INV05374,2026-02-27,Customer5374,Product4,1,27514,27514,4952.52,32466.52
INV05375,2026-02-28,Customer5375,Product8,3,17165,51495,9269.1,60764.1
INV05376,2026-02-01,Customer5376,Product14,3,29057,87171,15690.78,102861.78
INV05377,2026-02-02,Customer5377,Product5,2,15355,30710,5527.8,36237.8
INV05378,2026-02-03,Customer5378,Product15,1,6217,6217,1119.06,7336.0599999999995
INV05379,2026-02-04,Customer5379,Product13,3,4381,13143,2365.74,15508.74
INV05380,2026-02-05,Customer5380,Product13,5,44403,222015,39962.7,261977.7
INV05381,2026-02-06,Customer5381,Product7,3,39781,119343,21481.74,140824.74
INV05382,2026-02-07,Customer5382,Product20,4,15990,63960,11512.8,75472.8
INV05383,2026-02-08,Customer5383,Product7,1,11044,11044,1987.92,13031.92
INV05384,2026-02-09,Customer5384,Product7,2,33743,67486,12147.48,79633.48
INV05385,2026-02-10,Customer5385,Product19,1,32137,32137,5784.66,37921.66
INV05386,2026-02-11,Customer5386,Product12,3,44876,134628,24233.04,158861.04
INV05387,2026-02-12,Customer5387,Product10,3,49718,149154,26847.72,176001.72
INV05388,2026-02-13,Customer5388,Product14,4,40741,162964,29333.52,192297.52
INV05389,2026-02-14,Customer5389,Product3,3,7729,23187,4173.66,27360.66
INV05390,2026-02-15,Customer5390,Product17,5,39076,195380,35168.4,230548.4
INV05391,2026-02-16,Customer5391,Product18,2,22448,44896,8081.28,52977.28
INV05392,2026-02-17,Customer5392,Product18,4,24357,97428,17537.04,114965.04000000001
INV05393,2026-02-18,Customer5393,Product6,5,3668,18340,3301.2,21641.2
INV05394,2026-02-19,Customer5394,Product7,4,36399,145596,26207.28,171803.28
INV05395,2026-02-20,Customer5395,Product10,2,3665,7330,1319.4,8649.4
INV05396,2026-02-21,Customer5396,Product7,2,14962,29924,5386.32,35310.32
INV05397,2026-02-22,Customer5397,Product17,1,19103,19103,3438.54,22541.54
INV05398,2026-02-23,Customer5398,Product4,3,45470,136410,24553.8,160963.8
INV05399,2026-02-24,Customer5399,Product10,2,20262,40524,7294.32,47818.32
INV05400,2026-02-25,Customer5400,Product4,4,46588,186352,33543.36,219895.36
INV05401,2026-02-26,Customer5401,Product6,5,33511,167555,30159.9,197714.9
INV05402,2026-02-27,Customer5402,Product3,2,35264,70528,12695.04,83223.04000000001
INV05403,2026-02-28,Customer5403,Product16,3,47383,142149,25586.82,167735.82
INV05404,2026-02-01,Customer5404,Product5,3,47970,143910,25903.8,169813.8
INV05405,2026-02-02,Customer5405,Product20,4,44153,176612,31790.16,208402.16
INV05406,2026-02-03,Customer5406,Product9,3,49946,149838,26970.84,176808.84
INV05407,2026-02-04,Customer5407,Product7,1,1004,1004,180.72,1184.72
INV05408,2026-02-05,Customer5408,Product19,2,16397,32794,5902.92,38696.92
INV05409,2026-02-06,Customer5409,Product8,5,7959,39795,7163.1,46958.1
INV05410,2026-02-07,Customer5410,Product16,3,28756,86268,15528.24,101796.24
INV05411,2026-02-08,Customer5411,Product11,3,7988,23964,4313.52,28277.52
INV05412,2026-02-09,Customer5412,Product19,2,4885,9770,1758.6,11528.6
INV05413,2026-02-10,Customer5413,Product10,5,26194,130970,23574.6,154544.6
INV05414,2026-02-11,Customer5414,Product12,2,21041,42082,7574.76,49656.76
INV05415,2026-02-12,Customer5415,Product20,1,29879,29879,5378.22,35257.22
INV05416,2026-02-13,Customer5416,Product9,4,19131,76524,13774.32,90298.32
INV05417,2026-02-14,Customer5417,Product11,5,32032,160160,28828.8,188988.8
INV05418,2026-02-15,Customer5418,Product6,3,20868,62604,11268.72,73872.72
INV05419,2026-02-16,Customer5419,Product17,3,20359,61077,10993.86,72070.86
INV05420,2026-02-17,Customer5420,Product11,1,38101,38101,6858.18,44959.18
INV05421,2026-02-18,Customer5421,Product2,3,29945,89835,16170.3,106005.3
INV05422,2026-02-19,Customer5422,Product13,1,2966,2966,533.88,3499.88
INV05423,2026-02-20,Customer5423,Product10,3,27824,83472,15024.96,98496.95999999999
INV05424,2026-02-21,Customer5424,Product16,2,19425,38850,6993.0,45843.0
INV05425,2026-02-22,Customer5425,Product5,5,17125,85625,15412.5,101037.5
INV05426,2026-02-23,Customer5426,Product5,2,12040,24080,4334.4,28414.4
INV05427,2026-02-24,Customer5427,Product12,3,32216,96648,17396.64,114044.64
INV05428,2026-02-25,Customer5428,Product4,2,36520,73040,13147.2,86187.2
INV05429,2026-02-26,Customer5429,Product9,3,981,2943,529.74,3472.74
INV05430,2026-02-27,Customer5430,Product9,4,24749,98996,17819.28,116815.28
INV05431,2026-02-28,Customer5431,Product20,2,45776,91552,16479.36,108031.36
INV05432,2026-02-01,Customer5432,Product6,5,7501,37505,6750.9,44255.9
INV05433,2026-02-02,Customer5433,Product20,3,34724,104172,18750.96,122922.95999999999
INV05434,2026-02-03,Customer5434,Product14,4,1076,4304,774.72,5078.72
INV05435,2026-02-04,Customer5435,Product1,4,14857,59428,10697.04,70125.04000000001
INV05436,2026-02-05,Customer5436,Product5,3,20109,60327,10858.86,71185.86
INV05437,2026-02-06,Customer5437,Product13,2,11093,22186,3993.48,26179.48
INV05438,2026-02-07,Customer5438,Product7,5,45505,227525,40954.5,268479.5
INV05439,2026-02-08,Customer5439,Product14,3,5770,17310,3115.8,20425.8
INV05440,2026-02-09,Customer5440,Product8,4,35296,141184,25413.12,166597.12
INV05441,2026-02-10,Customer5441,Product19,2,21008,42016,7562.88,49578.88
INV05442,2026-02-11,Customer5442,Product14,5,27949,139745,25154.1,164899.1
INV05443,2026-02-12,Customer5443,Product20,5,42141,210705,37926.9,248631.9
INV05444,2026-02-13,Customer5444,Product7,1,45767,45767,8238.06,54005.06
INV05445,2026-02-14,Customer5445,Product4,1,1021,1021,183.78,1204.78
INV05446,2026-02-15,Customer5446,Product12,3,34329,102987,18537.66,121524.66
INV05447,2026-02-16,Customer5447,Product12,2,38662,77324,13918.32,91242.32
INV05448,2026-02-17,Customer5448,Product15,4,39581,158324,28498.32,186822.32
INV05449,2026-02-18,Customer5449,Product2,2,11451,22902,4122.36,27024.36
INV05450,2026-02-19,Customer5450,Product15,3,3464,10392,1870.56,12262.56
INV05451,2026-02-20,Customer5451,Product7,5,45504,227520,40953.6,268473.6
INV05452,2026-02-21,Customer5452,Product8,2,14315,28630,5153.4,33783.4
INV05453,2026-02-22,Customer5453,Product15,3,23400,70200,12636.0,82836.0
INV05454,2026-02-23,Customer5454,Product16,1,2490,2490,448.2,2938.2
INV05455,2026-02-24,Customer5455,Product1,3,20552,61656,11098.08,72754.08
INV05456,2026-02-25,Customer5456,Product15,2,14041,28082,5054.76,33136.76
INV05457,2026-02-26,Customer5457,Product12,5,24871,124355,22383.9,146738.9
INV05458,2026-02-27,Customer5458,Product18,1,25767,25767,4638.06,30405.06
INV05459,2026-02-28,Customer5459,Product1,5,34738,173690,31264.2,204954.2
INV05460,2026-02-01,Customer5460,Product3,1,16766,16766,3017.88,19783.88
INV05461,2026-02-02,Customer5461,Product15,3,12312,36936,6648.48,43584.479999999996
INV05462,2026-02-03,Customer5462,Product18,1,2500,2500,450.0,2950.0
INV05463,2026-02-04,Customer5463,Product2,3,15686,47058,8470.44,55528.44
INV05464,2026-02-05,Customer5464,Product18,3,5213,15639,2815.02,18454.02
INV05465,2026-02-06,Customer5465,Product16,3,32539,97617,17571.06,115188.06
INV05466,2026-02-07,Customer5466,Product1,2,27991,55982,10076.76,66058.76
INV05467,2026-02-08,Customer5467,Product20,1,23489,23489,4228.02,27717.02
INV05468,2026-02-09,Customer5468,Product18,3,35855,107565,19361.7,126926.7
INV05469,2026-02-10,Customer5469,Product1,5,32035,160175,28831.5,189006.5
INV05470,2026-02-11,Customer5470,Product16,3,21680,65040,11707.2,76747.2
INV05471,2026-02-12,Customer5471,Product9,5,5620,28100,5058.0,33158.0
INV05472,2026-02-13,Customer5472,Product20,4,24964,99856,17974.08,117830.08
INV05473,2026-02-14,Customer5473,Product16,2,26519,53038,9546.84,62584.84
INV05474,2026-02-15,Customer5474,Product9,3,19294,57882,10418.76,68300.76
INV05475,2026-02-16,Customer5475,Product16,1,27388,27388,4929.84,32317.84
INV05476,2026-02-17,Customer5476,Product20,1,17034,17034,3066.12,20100.12
INV05477,2026-02-18,Customer5477,Product20,4,20967,83868,15096.24,98964.24
INV05478,2026-02-19,Customer5478,Product14,4,26692,106768,19218.24,125986.24
INV05479,2026-02-20,Customer5479,Product9,1,27739,27739,4993.02,32732.02
INV05480,2026-02-21,Customer5480,Product3,2,1307,2614,470.52,3084.52
INV05481,2026-02-22,Customer5481,Product1,5,28464,142320,25617.6,167937.6
INV05482,2026-02-23,Customer5482,Product5,2,36942,73884,13299.12,87183.12
INV05483,2026-02-24,Customer5483,Product17,5,5074,25370,4566.6,29936.6
INV05484,2026-02-25,Customer5484,Product12,5,40473,202365,36425.7,238790.7
INV05485,2026-02-26,Customer5485,Product20,1,23732,23732,4271.76,28003.760000000002
INV05486,2026-02-27,Customer5486,Product18,1,9459,9459,1702.62,11161.619999999999
INV05487,2026-02-28,Customer5487,Product11,2,14666,29332,5279.76,34611.76
INV05488,2026-02-01,Customer5488,Product4,1,17061,17061,3070.98,20131.98
INV05489,2026-02-02,Customer5489,Product17,4,12536,50144,9025.92,59169.92
INV05490,2026-02-03,Customer5490,Product15,5,20051,100255,18045.9,118300.9
INV05491,2026-02-04,Customer5491,Product6,2,28249,56498,10169.64,66667.64
INV05492,2026-02-05,Customer5492,Product19,2,39097,78194,14074.92,92268.92
INV05493,2026-02-06,Customer5493,Product7,1,17709,17709,3187.62,20896.62
INV05494,2026-02-07,Customer5494,Product11,5,3665,18325,3298.5,21623.5
INV05495,2026-02-08,Customer5495,Product15,4,41674,166696,30005.28,196701.28
INV05496,2026-02-09,Customer5496,Product3,1,6612,6612,1190.16,7802.16
INV05497,2026-02-10,Customer5497,Product5,3,38195,114585,20625.3,135210.3
INV05498,2026-02-11,Customer5498,Product15,2,49860,99720,17949.6,117669.6
INV05499,2026-02-12,Customer5499,Product12,5,36797,183985,33117.3,217102.3
INV05500,2026-02-13,Customer5500,Product14,5,24195,120975,21775.5,142750.5
INV05501,2026-02-14,Customer5501,Product14,5,26758,133790,24082.2,157872.2
INV05502,2026-02-15,Customer5502,Product2,4,35938,143752,25875.36,169627.36
INV05503,2026-02-16,Customer5503,Product3,4,45659,182636,32874.48,215510.48
INV05504,2026-02-17,Customer5504,Product14,5,39086,195430,35177.4,230607.4
INV05505,2026-02-18,Customer5505,Product12,2,1402,2804,504.72,3308.7200000000003
INV05506,2026-02-19,Customer5506,Product15,3,43965,131895,23741.1,155636.1
INV05507,2026-02-20,Customer5507,Product10,5,511,2555,459.9,3014.9
INV05508,2026-02-21,Customer5508,Product2,3,1748,5244,943.92,6187.92
INV05509,2026-02-22,Customer5509,Product9,5,46886,234430,42197.4,276627.4
INV05510,2026-02-23,Customer5510,Product20,5,43458,217290,39112.2,256402.2
INV05511,2026-02-24,Customer5511,Product16,3,32838,98514,17732.52,116246.52
INV05512,2026-02-25,Customer5512,Product5,5,16447,82235,14802.3,97037.3
INV05513,2026-02-26,Customer5513,Product14,2,610,1220,219.6,1439.6
INV05514,2026-02-27,Customer5514,Product2,2,14846,29692,5344.56,35036.56
INV05515,2026-02-28,Customer5515,Product6,5,17762,88810,15985.8,104795.8
INV05516,2026-02-01,Customer5516,Product11,1,48799,48799,8783.82,57582.82
INV05517,2026-02-02,Customer5517,Product13,1,34473,34473,6205.14,40678.14
INV05518,2026-02-03,Customer5518,Product9,1,25038,25038,4506.84,29544.84
INV05519,2026-02-04,Customer5519,Product3,2,47332,94664,17039.52,111703.52
INV05520,2026-02-05,Customer5520,Product17,5,46080,230400,41472.0,271872.0
INV05521,2026-02-06,Customer5521,Product20,5,20769,103845,18692.1,122537.1
INV05522,2026-02-07,Customer5522,Product11,3,7284,21852,3933.36,25785.36
INV05523,2026-02-08,Customer5523,Product18,4,14649,58596,10547.28,69143.28
INV05524,2026-02-09,Customer5524,Product8,2,49622,99244,17863.92,117107.92
INV05525,2026-02-10,Customer5525,Product16,1,25151,25151,4527.18,29678.18
INV05526,2026-02-11,Customer5526,Product13,1,12529,12529,2255.22,14784.22
INV05527,2026-02-12,Customer5527,Product20,3,2916,8748,1574.64,10322.64
INV05528,2026-02-13,Customer5528,Product17,1,36980,36980,6656.4,43636.4
INV05529,2026-02-14,Customer5529,Product7,3,44383,133149,23966.82,157115.82
INV05530,2026-02-15,Customer5530,Product4,3,8017,24051,4329.18,28380.18
INV05531,2026-02-16,Customer5531,Product7,3,15373,46119,8301.42,54420.42
INV05532,2026-02-17,Customer5532,Product14,3,19151,57453,10341.54,67794.54000000001
INV05533,2026-02-18,Customer5533,Product16,5,30684,153420,27615.6,181035.6
INV05534,2026-02-19,Customer5534,Product14,1,20275,20275,3649.5,23924.5
INV05535,2026-02-20,Customer5535,Product9,1,26661,26661,4798.98,31459.98
INV05536,2026-02-21,Customer5536,Product4,2,49454,98908,17803.44,116711.44
INV05537,2026-02-22,Customer5537,Product10,5,12514,62570,11262.6,73832.6
INV05538,2026-02-23,Customer5538,Product16,2,36941,73882,13298.76,87180.76
INV05539,2026-02-24,Customer5539,Product9,1,49969,49969,8994.42,58963.42
INV05540,2026-02-25,Customer5540,Product17,4,1320,5280,950.4,6230.4
INV05541,2026-02-26,Customer5541,Product3,3,15270,45810,8245.8,54055.8
INV05542,2026-02-27,Customer5542,Product18,2,42147,84294,15172.92,99466.92
INV05543,2026-02-28,Customer5543,Product15,2,19448,38896,7001.28,45897.28
INV05544,2026-02-01,Customer5544,Product6,3,6745,20235,3642.3,23877.3
INV05545,2026-02-02,Customer5545,Product16,2,23649,47298,8513.64,55811.64
INV05546,2026-02-03,Customer5546,Product20,2,9859,19718,3549.24,23267.239999999998
INV05547,2026-02-04,Customer5547,Product11,4,41373,165492,29788.56,195280.56
INV05548,2026-02-05,Customer5548,Product20,2,21338,42676,7681.68,50357.68
INV05549,2026-02-06,Customer5549,Product4,3,47934,143802,25884.36,169686.36
INV05550,2026-02-07,Customer5550,Product19,1,3985,3985,717.3,4702.3
INV05551,2026-02-08,Customer5551,Product17,2,37900,75800,13644.0,89444.0
INV05552,2026-02-09,Customer5552,Product20,1,40674,40674,7321.32,47995.32
INV05553,2026-02-10,Customer5553,Product15,1,4329,4329,779.22,5108.22
INV05554,2026-02-11,Customer5554,Product15,2,16809,33618,6051.24,39669.24
INV05555,2026-02-12,Customer5555,Product5,5,9919,49595,8927.1,58522.1
INV05556,2026-02-13,Customer5556,Product14,5,9785,48925,8806.5,57731.5
INV05557,2026-02-14,Customer5557,Product14,5,43946,219730,39551.4,259281.4
INV05558,2026-02-15,Customer5558,Product1,4,37038,148152,26667.36,174819.36
INV05559,2026-02-16,Customer5559,Product19,2,40036,80072,14412.96,94484.95999999999
INV05560,2026-02-17,Customer5560,Product11,2,33512,67024,12064.32,79088.32
INV05561,2026-02-18,Customer5561,Product1,5,25674,128370,23106.6,151476.6
INV05562,2026-02-19,Customer5562,Product2,3,41197,123591,22246.38,145837.38
INV05563,2026-02-20,Customer5563,Product16,2,3215,6430,1157.4,7587.4
INV05564,2026-02-21,Customer5564,Product3,1,43518,43518,7833.24,51351.24
INV05565,2026-02-22,Customer5565,Product11,5,46551,232755,41895.9,274650.9
INV05566,2026-02-23,Customer5566,Product9,3,5905,17715,3188.7,20903.7
INV05567,2026-02-24,Customer5567,Product14,5,43906,219530,39515.4,259045.4
INV05568,2026-02-25,Customer5568,Product15,2,523,1046,188.28,1234.28
INV05569,2026-02-26,Customer5569,Product4,5,13989,69945,12590.1,82535.1
INV05570,2026-02-27,Customer5570,Product20,4,42715,170860,30754.8,201614.8
INV05571,2026-02-28,Customer5571,Product17,4,38749,154996,27899.28,182895.28
INV05572,2026-02-01,Customer5572,Product3,5,49808,249040,44827.2,293867.2
INV05573,2026-02-02,Customer5573,Product12,2,18289,36578,6584.04,43162.04
INV05574,2026-02-03,Customer5574,Product15,3,17343,52029,9365.22,61394.22
INV05575,2026-02-04,Customer5575,Product16,2,11202,22404,4032.72,26436.72
INV05576,2026-02-05,Customer5576,Product12,2,6650,13300,2394.0,15694.0
INV05577,2026-02-06,Customer5577,Product14,2,4080,8160,1468.8,9628.8
INV05578,2026-02-07,Customer5578,Product9,4,5657,22628,4073.04,26701.04
INV05579,2026-02-08,Customer5579,Product4,4,49209,196836,35430.48,232266.48
INV05580,2026-02-09,Customer5580,Product6,3,23555,70665,12719.7,83384.7
INV05581,2026-02-10,Customer5581,Product18,2,38923,77846,14012.28,91858.28
INV05582,2026-02-11,Customer5582,Product5,5,33506,167530,30155.4,197685.4
INV05583,2026-02-12,Customer5583,Product14,1,35880,35880,6458.4,42338.4
INV05584,2026-02-13,Customer5584,Product6,4,44523,178092,32056.56,210148.56
INV05585,2026-02-14,Customer5585,Product6,4,26918,107672,19380.96,127052.95999999999
INV05586,2026-02-15,Customer5586,Product3,2,28892,57784,10401.12,68185.12
INV05587,2026-02-16,Customer5587,Product12,3,37024,111072,19992.96,131064.95999999999
INV05588,2026-02-17,Customer5588,Product4,2,33199,66398,11951.64,78349.64
INV05589,2026-02-18,Customer5589,Product19,3,36419,109257,19666.26,128923.26
INV05590,2026-02-19,Customer5590,Product17,4,46449,185796,33443.28,219239.28
INV05591,2026-02-20,Customer5591,Product1,3,35072,105216,18938.88,124154.88
INV05592,2026-02-21,Customer5592,Product6,3,27897,83691,15064.38,98755.38
INV05593,2026-02-22,Customer5593,Product15,2,37445,74890,13480.2,88370.2
INV05594,2026-02-23,Customer5594,Product2,1,1748,1748,314.64,2062.64
INV05595,2026-02-24,Customer5595,Product2,4,43770,175080,31514.4,206594.4
INV05596,2026-02-25,Customer5596,Product2,5,18276,91380,16448.4,107828.4
INV05597,2026-02-26,Customer5597,Product15,5,15686,78430,14117.4,92547.4
INV05598,2026-02-27,Customer5598,Product15,4,9800,39200,7056.0,46256.0
INV05599,2026-02-28,Customer5599,Product3,3,22246,66738,12012.84,78750.84
INV05600,2026-02-01,Customer5600,Product5,3,14597,43791,7882.38,51673.38
INV05601,2026-02-02,Customer5601,Product6,4,3811,15244,2743.92,17987.92
INV05602,2026-02-03,Customer5602,Product12,5,6407,32035,5766.3,37801.3
INV05603,2026-02-04,Customer5603,Product6,3,43204,129612,23330.16,152942.16
INV05604,2026-02-05,Customer5604,Product14,4,32304,129216,23258.88,152474.88
INV05605,2026-02-06,Customer5605,Product12,3,42584,127752,22995.36,150747.36
INV05606,2026-02-07,Customer5606,Product2,5,38315,191575,34483.5,226058.5
INV05607,2026-02-08,Customer5607,Product6,4,12689,50756,9136.08,59892.08
INV05608,2026-02-09,Customer5608,Product10,4,19138,76552,13779.36,90331.36
INV05609,2026-02-10,Customer5609,Product1,3,46246,138738,24972.84,163710.84
INV05610,2026-02-11,Customer5610,Product8,4,28277,113108,20359.44,133467.44
INV05611,2026-02-12,Customer5611,Product12,1,22207,22207,3997.26,26204.260000000002
INV05612,2026-02-13,Customer5612,Product3,1,45879,45879,8258.22,54137.22
INV05613,2026-02-14,Customer5613,Product2,5,35356,176780,31820.4,208600.4
INV05614,2026-02-15,Customer5614,Product15,2,47932,95864,17255.52,113119.52
INV05615,2026-02-16,Customer5615,Product2,5,49545,247725,44590.5,292315.5
INV05616,2026-02-17,Customer5616,Product17,3,21402,64206,11557.08,75763.08
INV05617,2026-02-18,Customer5617,Product3,4,20326,81304,14634.72,95938.72
INV05618,2026-02-19,Customer5618,Product20,1,18061,18061,3250.98,21311.98
INV05619,2026-02-20,Customer5619,Product5,2,3303,6606,1189.08,7795.08
INV05620,2026-02-21,Customer5620,Product3,5,31989,159945,28790.1,188735.1
INV05621,2026-02-22,Customer5621,Product9,4,43542,174168,31350.24,205518.24
INV05622,2026-02-23,Customer5622,Product7,1,17576,17576,3163.68,20739.68
INV05623,2026-02-24,Customer5623,Product16,4,41012,164048,29528.64,193576.64
INV05624,2026-02-25,Customer5624,Product6,3,12585,37755,6795.9,44550.9
INV05625,2026-02-26,Customer5625,Product18,1,21566,21566,3881.88,25447.88
INV05626,2026-02-27,Customer5626,Product2,5,45882,229410,41293.8,270703.8
INV05627,2026-02-28,Customer5627,Product11,5,28253,141265,25427.7,166692.7
INV05628,2026-02-01,Customer5628,Product16,2,14732,29464,5303.52,34767.520000000004
INV05629,2026-02-02,Customer5629,Product6,4,8823,35292,6352.56,41644.56
INV05630,2026-02-03,Customer5630,Product9,5,16616,83080,14954.4,98034.4
INV05631,2026-02-04,Customer5631,Product13,2,44858,89716,16148.88,105864.88
INV05632,2026-02-05,Customer5632,Product2,2,10458,20916,3764.88,24680.88
INV05633,2026-02-06,Customer5633,Product13,4,6532,26128,4703.04,30831.04
INV05634,2026-02-07,Customer5634,Product14,4,25637,102548,18458.64,121006.64
INV05635,2026-02-08,Customer5635,Product11,2,25999,51998,9359.64,61357.64
INV05636,2026-02-09,Customer5636,Product16,2,23541,47082,8474.76,55556.76
INV05637,2026-02-10,Customer5637,Product9,5,34446,172230,31001.4,203231.4
INV05638,2026-02-11,Customer5638,Product15,4,36955,147820,26607.6,174427.6
INV05639,2026-02-12,Customer5639,Product15,5,45762,228810,41185.8,269995.8
INV05640,2026-02-13,Customer5640,Product6,3,18606,55818,10047.24,65865.24
INV05641,2026-02-14,Customer5641,Product4,4,35323,141292,25432.56,166724.56
INV05642,2026-02-15,Customer5642,Product18,4,45938,183752,33075.36,216827.36
INV05643,2026-02-16,Customer5643,Product18,3,42259,126777,22819.86,149596.86
INV05644,2026-02-17,Customer5644,Product19,3,18850,56550,10179.0,66729.0
INV05645,2026-02-18,Customer5645,Product9,4,48274,193096,34757.28,227853.28
INV05646,2026-02-19,Customer5646,Product5,2,21967,43934,7908.12,51842.12
INV05647,2026-02-20,Customer5647,Product18,1,11716,11716,2108.88,13824.880000000001
INV05648,2026-02-21,Customer5648,Product15,5,41314,206570,37182.6,243752.6
INV05649,2026-02-22,Customer5649,Product12,3,39756,119268,21468.24,140736.24
INV05650,2026-02-23,Customer5650,Product18,2,710,1420,255.6,1675.6
INV05651,2026-02-24,Customer5651,Product12,3,12317,36951,6651.18,43602.18
INV05652,2026-02-25,Customer5652,Product8,2,34461,68922,12405.96,81327.95999999999
INV05653,2026-02-26,Customer5653,Product5,4,13823,55292,9952.56,65244.56
INV05654,2026-02-27,Customer5654,Product9,4,21645,86580,15584.4,102164.4
INV05655,2026-02-28,Customer5655,Product11,5,43238,216190,38914.2,255104.2
INV05656,2026-02-01,Customer5656,Product3,5,8562,42810,7705.8,50515.8
INV05657,2026-02-02,Customer5657,Product19,2,12203,24406,4393.08,28799.08
INV05658,2026-02-03,Customer5658,Product12,5,25007,125035,22506.3,147541.3
INV05659,2026-02-04,Customer5659,Product11,5,40304,201520,36273.6,237793.6
INV05660,2026-02-05,Customer5660,Product8,1,46797,46797,8423.46,55220.46
INV05661,2026-02-06,Customer5661,Product6,1,35147,35147,6326.46,41473.46
INV05662,2026-02-07,Customer5662,Product17,4,6772,27088,4875.84,31963.84
INV05663,2026-02-08,Customer5663,Product19,2,16174,32348,5822.64,38170.64
INV05664,2026-02-09,Customer5664,Product20,3,14614,43842,7891.56,51733.56
INV05665,2026-02-10,Customer5665,Product4,5,41610,208050,37449.0,245499.0
INV05666,2026-02-11,Customer5666,Product7,2,36980,73960,13312.8,87272.8
INV05667,2026-02-12,Customer5667,Product4,5,25977,129885,23379.3,153264.3
INV05668,2026-02-13,Customer5668,Product6,3,33092,99276,17869.68,117145.68
INV05669,2026-02-14,Customer5669,Product17,1,23357,23357,4204.26,27561.260000000002
INV05670,2026-02-15,Customer5670,Product20,1,33679,33679,6062.22,39741.22
INV05671,2026-02-16,Customer5671,Product2,5,21888,109440,19699.2,129139.2
INV05672,2026-02-17,Customer5672,Product4,5,1813,9065,1631.7,10696.7
INV05673,2026-02-18,Customer5673,Product13,3,13351,40053,7209.54,47262.54
INV05674,2026-02-19,Customer5674,Product7,2,9921,19842,3571.56,23413.56
INV05675,2026-02-20,Customer5675,Product12,5,27906,139530,25115.4,164645.4
INV05676,2026-02-21,Customer5676,Product19,3,32996,98988,17817.84,116805.84
INV05677,2026-02-22,Customer5677,Product3,1,31344,31344,5641.92,36985.92
INV05678,2026-02-23,Customer5678,Product17,2,19807,39614,7130.52,46744.520000000004
INV05679,2026-02-24,Customer5679,Product17,3,12268,36804,6624.72,43428.72
INV05680,2026-02-25,Customer5680,Product9,2,18170,36340,6541.2,42881.2
INV05681,2026-02-26,Customer5681,Product16,1,30000,30000,5400.0,35400.0
INV05682,2026-02-27,Customer5682,Product6,4,25042,100168,18030.24,118198.24
INV05683,2026-02-28,Customer5683,Product8,5,33906,169530,30515.4,200045.4
INV05684,2026-02-01,Customer5684,Product1,3,11501,34503,6210.54,40713.54
INV05685,2026-02-02,Customer5685,Product15,4,21760,87040,15667.2,102707.2
INV05686,2026-02-03,Customer5686,Product11,2,3904,7808,1405.44,9213.44
INV05687,2026-02-04,Customer5687,Product4,5,1265,6325,1138.5,7463.5
INV05688,2026-02-05,Customer5688,Product12,3,8390,25170,4530.6,29700.6
INV05689,2026-02-06,Customer5689,Product12,2,1487,2974,535.32,3509.32
INV05690,2026-02-07,Customer5690,Product1,4,21536,86144,15505.92,101649.92
INV05691,2026-02-08,Customer5691,Product6,4,4137,16548,2978.64,19526.64
INV05692,2026-02-09,Customer5692,Product4,5,18396,91980,16556.4,108536.4
INV05693,2026-02-10,Customer5693,Product8,5,23243,116215,20918.7,137133.7
INV05694,2026-02-11,Customer5694,Product10,4,33468,133872,24096.96,157968.96
INV05695,2026-02-12,Customer5695,Product18,4,23497,93988,16917.84,110905.84
INV05696,2026-02-13,Customer5696,Product16,2,42018,84036,15126.48,99162.48
INV05697,2026-02-14,Customer5697,Product13,1,31935,31935,5748.3,37683.3
INV05698,2026-02-15,Customer5698,Product2,3,26749,80247,14444.46,94691.45999999999
INV05699,2026-02-16,Customer5699,Product15,4,47558,190232,34241.76,224473.76
INV05700,2026-02-17,Customer5700,Product5,3,36070,108210,19477.8,127687.8
INV05701,2026-02-18,Customer5701,Product10,2,44380,88760,15976.8,104736.8
INV05702,2026-02-19,Customer5702,Product3,5,34097,170485,30687.3,201172.3
INV05703,2026-02-20,Customer5703,Product11,1,3345,3345,602.1,3947.1
INV05704,2026-02-21,Customer5704,Product11,5,47372,236860,42634.8,279494.8
INV05705,2026-02-22,Customer5705,Product15,5,2936,14680,2642.4,17322.4
INV05706,2026-02-23,Customer5706,Product7,1,32191,32191,5794.38,37985.38
INV05707,2026-02-24,Customer5707,Product17,2,9910,19820,3567.6,23387.6
INV05708,2026-02-25,Customer5708,Product14,2,16456,32912,5924.16,38836.16
INV05709,2026-02-26,Customer5709,Product3,1,17590,17590,3166.2,20756.2
INV05710,2026-02-27,Customer5710,Product19,4,12896,51584,9285.12,60869.12
INV05711,2026-02-28,Customer5711,Product1,4,16466,65864,11855.52,77719.52
INV05712,2026-02-01,Customer5712,Product16,1,24640,24640,4435.2,29075.2
INV05713,2026-02-02,Customer5713,Product9,5,49984,249920,44985.6,294905.6
INV05714,2026-02-03,Customer5714,Product6,1,33840,33840,6091.2,39931.2
INV05715,2026-02-04,Customer5715,Product18,2,27943,55886,10059.48,65945.48
INV05716,2026-02-05,Customer5716,Product16,3,16829,50487,9087.66,59574.66
INV05717,2026-02-06,Customer5717,Product4,5,49853,249265,44867.7,294132.7
INV05718,2026-02-07,Customer5718,Product9,1,44859,44859,8074.62,52933.62
INV05719,2026-02-08,Customer5719,Product2,1,4091,4091,736.38,4827.38
INV05720,2026-02-09,Customer5720,Product6,3,19412,58236,10482.48,68718.48
INV05721,2026-02-10,Customer5721,Product13,3,12802,38406,6913.08,45319.08
INV05722,2026-02-11,Customer5722,Product20,2,24342,48684,8763.12,57447.12
INV05723,2026-02-12,Customer5723,Product14,4,35282,141128,25403.04,166531.04
INV05724,2026-02-13,Customer5724,Product15,1,17702,17702,3186.36,20888.36
INV05725,2026-02-14,Customer5725,Product19,2,37929,75858,13654.44,89512.44
INV05726,2026-02-15,Customer5726,Product20,3,8151,24453,4401.54,28854.54
INV05727,2026-02-16,Customer5727,Product16,1,45862,45862,8255.16,54117.16
INV05728,2026-02-17,Customer5728,Product2,4,22355,89420,16095.6,105515.6
INV05729,2026-02-18,Customer5729,Product14,3,14464,43392,7810.56,51202.56
INV05730,2026-02-19,Customer5730,Product11,3,9713,29139,5245.02,34384.020000000004
INV05731,2026-02-20,Customer5731,Product15,4,10357,41428,7457.04,48885.04
INV05732,2026-02-21,Customer5732,Product6,3,3925,11775,2119.5,13894.5
INV05733,2026-02-22,Customer5733,Product10,4,9694,38776,6979.68,45755.68
INV05734,2026-02-23,Customer5734,Product2,4,33630,134520,24213.6,158733.6
INV05735,2026-02-24,Customer5735,Product15,4,5965,23860,4294.8,28154.8
INV05736,2026-02-25,Customer5736,Product14,2,10734,21468,3864.24,25332.239999999998
INV05737,2026-02-26,Customer5737,Product5,4,8860,35440,6379.2,41819.2
INV05738,2026-02-27,Customer5738,Product13,3,987,2961,532.98,3493.98
INV05739,2026-02-28,Customer5739,Product16,2,38484,76968,13854.24,90822.24
INV05740,2026-02-01,Customer5740,Product6,1,14303,14303,2574.54,16877.54
INV05741,2026-02-02,Customer5741,Product6,2,43392,86784,15621.12,102405.12
INV05742,2026-02-03,Customer5742,Product2,4,35414,141656,25498.08,167154.08000000002
INV05743,2026-02-04,Customer5743,Product13,1,4123,4123,742.14,4865.14
INV05744,2026-02-05,Customer5744,Product5,1,3533,3533,635.94,4168.9400000000005
INV05745,2026-02-06,Customer5745,Product12,3,28048,84144,15145.92,99289.92
INV05746,2026-02-07,Customer5746,Product8,3,6001,18003,3240.54,21243.54
INV05747,2026-02-08,Customer5747,Product11,1,37065,37065,6671.7,43736.7
INV05748,2026-02-09,Customer5748,Product3,5,36719,183595,33047.1,216642.1
INV05749,2026-02-10,Customer5749,Product19,1,17011,17011,3061.98,20072.98
INV05750,2026-02-11,Customer5750,Product9,1,23058,23058,4150.44,27208.44
INV05751,2026-02-12,Customer5751,Product11,3,13213,39639,7135.02,46774.020000000004
INV05752,2026-02-13,Customer5752,Product20,3,3297,9891,1780.38,11671.380000000001
INV05753,2026-02-14,Customer5753,Product14,1,1701,1701,306.18,2007.18
INV05754,2026-02-15,Customer5754,Product15,1,48087,48087,8655.66,56742.66
INV05755,2026-02-16,Customer5755,Product14,2,16643,33286,5991.48,39277.479999999996
INV05756,2026-02-17,Customer5756,Product7,5,24925,124625,22432.5,147057.5
INV05757,2026-02-18,Customer5757,Product7,1,47936,47936,8628.48,56564.479999999996
INV05758,2026-02-19,Customer5758,Product19,5,534,2670,480.6,3150.6
INV05759,2026-02-20,Customer5759,Product14,2,48897,97794,17602.92,115396.92
INV05760,2026-02-21,Customer5760,Product14,5,42698,213490,38428.2,251918.2
INV05761,2026-02-22,Customer5761,Product18,3,30122,90366,16265.88,106631.88
INV05762,2026-02-23,Customer5762,Product7,5,2461,12305,2214.9,14519.9
INV05763,2026-02-24,Customer5763,Product20,3,8578,25734,4632.12,30366.12
INV05764,2026-02-25,Customer5764,Product18,4,22983,91932,16547.76,108479.76
INV05765,2026-02-26,Customer5765,Product16,3,5709,17127,3082.86,20209.86
INV05766,2026-02-27,Customer5766,Product17,1,31643,31643,5695.74,37338.74
INV05767,2026-02-28,Customer5767,Product12,5,2932,14660,2638.8,17298.8
INV05768,2026-02-01,Customer5768,Product4,4,37346,149384,26889.12,176273.12
INV05769,2026-02-02,Customer5769,Product18,1,40161,40161,7228.98,47389.979999999996
INV05770,2026-02-03,Customer5770,Product13,5,41323,206615,37190.7,243805.7
INV05771,2026-02-04,Customer5771,Product20,2,2699,5398,971.64,6369.64
INV05772,2026-02-05,Customer5772,Product15,2,17987,35974,6475.32,42449.32
INV05773,2026-02-06,Customer5773,Product15,5,23782,118910,21403.8,140313.8
INV05774,2026-02-07,Customer5774,Product4,4,32005,128020,23043.6,151063.6
INV05775,2026-02-08,Customer5775,Product4,4,28725,114900,20682.0,135582.0
INV05776,2026-02-09,Customer5776,Product14,2,45989,91978,16556.04,108534.04000000001
INV05777,2026-02-10,Customer5777,Product9,3,36629,109887,19779.66,129666.66
INV05778,2026-02-11,Customer5778,Product4,4,11708,46832,8429.76,55261.76
INV05779,2026-02-12,Customer5779,Product18,1,24034,24034,4326.12,28360.12
INV05780,2026-02-13,Customer5780,Product11,1,29675,29675,5341.5,35016.5
INV05781,2026-02-14,Customer5781,Product11,3,46035,138105,24858.9,162963.9
INV05782,2026-02-15,Customer5782,Product3,2,13580,27160,4888.8,32048.8
INV05783,2026-02-16,Customer5783,Product2,5,26050,130250,23445.0,153695.0
INV05784,2026-02-17,Customer5784,Product3,2,26046,52092,9376.56,61468.56
INV05785,2026-02-18,Customer5785,Product16,5,12407,62035,11166.3,73201.3
INV05786,2026-02-19,Customer5786,Product6,4,9312,37248,6704.64,43952.64
INV05787,2026-02-20,Customer5787,Product9,3,3697,11091,1996.38,13087.380000000001
INV05788,2026-02-21,Customer5788,Product5,3,33727,101181,18212.58,119393.58
INV05789,2026-02-22,Customer5789,Product7,3,15414,46242,8323.56,54565.56
INV05790,2026-02-23,Customer5790,Product9,5,16098,80490,14488.2,94978.2
INV05791,2026-02-24,Customer5791,Product3,3,35717,107151,19287.18,126438.18
INV05792,2026-02-25,Customer5792,Product18,2,14537,29074,5233.32,34307.32
INV05793,2026-02-26,Customer5793,Product3,1,1680,1680,302.4,1982.4
INV05794,2026-02-27,Customer5794,Product10,3,30448,91344,16441.92,107785.92
INV05795,2026-02-28,Customer5795,Product18,2,1790,3580,644.4,4224.4
INV05796,2026-02-01,Customer5796,Product17,5,43297,216485,38967.3,255452.3
INV05797,2026-02-02,Customer5797,Product10,5,17545,87725,15790.5,103515.5
INV05798,2026-02-03,Customer5798,Product3,5,19398,96990,17458.2,114448.2
INV05799,2026-02-04,Customer5799,Product15,3,11971,35913,6464.34,42377.34
INV05800,2026-02-05,Customer5800,Product3,5,35795,178975,32215.5,211190.5
INV05801,2026-02-06,Customer5801,Product14,5,37831,189155,34047.9,223202.9
INV05802,2026-02-07,Customer5802,Product16,3,21261,63783,11480.94,75263.94
INV05803,2026-02-08,Customer5803,Product18,2,27454,54908,9883.44,64791.44
INV05804,2026-02-09,Customer5804,Product13,2,12528,25056,4510.08,29566.08
INV05805,2026-02-10,Customer5805,Product20,4,22520,90080,16214.4,106294.4
INV05806,2026-02-11,Customer5806,Product17,3,38777,116331,20939.58,137270.58000000002
INV05807,2026-02-12,Customer5807,Product18,2,4975,9950,1791.0,11741.0
INV05808,2026-02-13,Customer5808,Product10,5,22537,112685,20283.3,132968.3
INV05809,2026-02-14,Customer5809,Product18,1,8568,8568,1542.24,10110.24
INV05810,2026-02-15,Customer5810,Product4,2,7514,15028,2705.04,17733.04
INV05811,2026-02-16,Customer5811,Product19,3,11552,34656,6238.08,40894.08
INV05812,2026-02-17,Customer5812,Product10,5,4307,21535,3876.3,25411.3
INV05813,2026-02-18,Customer5813,Product10,1,19240,19240,3463.2,22703.2
INV05814,2026-02-19,Customer5814,Product18,3,6221,18663,3359.34,22022.34
INV05815,2026-02-20,Customer5815,Product6,4,27653,110612,19910.16,130522.16
INV05816,2026-02-21,Customer5816,Product11,4,4633,18532,3335.76,21867.760000000002
INV05817,2026-02-22,Customer5817,Product18,4,42274,169096,30437.28,199533.28
INV05818,2026-02-23,Customer5818,Product17,4,22448,89792,16162.56,105954.56
INV05819,2026-02-24,Customer5819,Product19,4,31398,125592,22606.56,148198.56
INV05820,2026-02-25,Customer5820,Product4,3,31148,93444,16819.92,110263.92
INV05821,2026-02-26,Customer5821,Product11,4,26284,105136,18924.48,124060.48
INV05822,2026-02-27,Customer5822,Product18,4,20852,83408,15013.44,98421.44
INV05823,2026-02-28,Customer5823,Product11,1,45768,45768,8238.24,54006.24
INV05824,2026-02-01,Customer5824,Product7,4,3265,13060,2350.8,15410.8
INV05825,2026-02-02,Customer5825,Product6,1,49522,49522,8913.96,58435.96
INV05826,2026-02-03,Customer5826,Product12,2,11014,22028,3965.04,25993.04
INV05827,2026-02-04,Customer5827,Product2,3,35347,106041,19087.38,125128.38
INV05828,2026-02-05,Customer5828,Product19,3,29214,87642,15775.56,103417.56
INV05829,2026-02-06,Customer5829,Product19,2,10480,20960,3772.8,24732.8
INV05830,2026-02-07,Customer5830,Product11,5,4953,24765,4457.7,29222.7
INV05831,2026-02-08,Customer5831,Product15,1,45186,45186,8133.48,53319.479999999996
INV05832,2026-02-09,Customer5832,Product19,4,20550,82200,14796.0,96996.0
INV05833,2026-02-10,Customer5833,Product12,2,2240,4480,806.4,5286.4
INV05834,2026-02-11,Customer5834,Product15,5,4331,21655,3897.9,25552.9
INV05835,2026-02-12,Customer5835,Product7,4,10264,41056,7390.08,48446.08
INV05836,2026-02-13,Customer5836,Product4,1,40672,40672,7320.96,47992.96
INV05837,2026-02-14,Customer5837,Product20,2,16161,32322,5817.96,38139.96
INV05838,2026-02-15,Customer5838,Product12,1,20899,20899,3761.82,24660.82
INV05839,2026-02-16,Customer5839,Product4,2,36954,73908,13303.44,87211.44
INV05840,2026-02-17,Customer5840,Product1,1,39021,39021,7023.78,46044.78
INV05841,2026-02-18,Customer5841,Product5,2,35496,70992,12778.56,83770.56
INV05842,2026-02-19,Customer5842,Product12,1,34046,34046,6128.28,40174.28
INV05843,2026-02-20,Customer5843,Product5,2,24844,49688,8943.84,58631.84
INV05844,2026-02-21,Customer5844,Product11,1,34204,34204,6156.72,40360.72
INV05845,2026-02-22,Customer5845,Product13,5,46789,233945,42110.1,276055.1
INV05846,2026-02-23,Customer5846,Product12,5,2566,12830,2309.4,15139.4
INV05847,2026-02-24,Customer5847,Product12,2,11347,22694,4084.92,26778.92
INV05848,2026-02-25,Customer5848,Product13,1,19727,19727,3550.86,23277.86
INV05849,2026-02-26,Customer5849,Product3,3,37818,113454,20421.72,133875.72
INV05850,2026-02-27,Customer5850,Product3,1,11322,11322,2037.96,13359.96
INV05851,2026-02-28,Customer5851,Product1,4,30577,122308,22015.44,144323.44
INV05852,2026-02-01,Customer5852,Product9,5,2678,13390,2410.2,15800.2
INV05853,2026-02-02,Customer5853,Product15,5,1498,7490,1348.2,8838.2
INV05854,2026-02-03,Customer5854,Product13,2,12246,24492,4408.56,28900.56
INV05855,2026-02-04,Customer5855,Product7,3,9357,28071,5052.78,33123.78
INV05856,2026-02-05,Customer5856,Product2,4,35155,140620,25311.6,165931.6
INV05857,2026-02-06,Customer5857,Product8,2,25112,50224,9040.32,59264.32
INV05858,2026-02-07,Customer5858,Product7,4,5671,22684,4083.12,26767.12
INV05859,2026-02-08,Customer5859,Product12,2,2876,5752,1035.36,6787.36
INV05860,2026-02-09,Customer5860,Product2,5,49578,247890,44620.2,292510.2
INV05861,2026-02-10,Customer5861,Product18,5,39292,196460,35362.8,231822.8
INV05862,2026-02-11,Customer5862,Product8,4,26170,104680,18842.4,123522.4
INV05863,2026-02-12,Customer5863,Product15,3,13477,40431,7277.58,47708.58
INV05864,2026-02-13,Customer5864,Product11,4,28600,114400,20592.0,134992.0
INV05865,2026-02-14,Customer5865,Product3,3,47520,142560,25660.8,168220.8
INV05866,2026-02-15,Customer5866,Product19,1,23896,23896,4301.28,28197.28
INV05867,2026-02-16,Customer5867,Product2,5,44541,222705,40086.9,262791.9
INV05868,2026-02-17,Customer5868,Product3,1,29280,29280,5270.4,34550.4
INV05869,2026-02-18,Customer5869,Product6,1,14558,14558,2620.44,17178.44
INV05870,2026-02-19,Customer5870,Product5,3,19070,57210,10297.8,67507.8
INV05871,2026-02-20,Customer5871,Product11,1,39439,39439,7099.02,46538.020000000004
INV05872,2026-02-21,Customer5872,Product8,2,46938,93876,16897.68,110773.68
INV05873,2026-02-22,Customer5873,Product13,1,24726,24726,4450.68,29176.68
INV05874,2026-02-23,Customer5874,Product11,3,28615,85845,15452.1,101297.1
INV05875,2026-02-24,Customer5875,Product6,4,43340,173360,31204.8,204564.8
INV05876,2026-02-25,Customer5876,Product7,5,26784,133920,24105.6,158025.6
INV05877,2026-02-26,Customer5877,Product5,2,27114,54228,9761.04,63989.04
INV05878,2026-02-27,Customer5878,Product17,2,2112,4224,760.32,4984.32
INV05879,2026-02-28,Customer5879,Product20,3,49833,149499,26909.82,176408.82
INV05880,2026-02-01,Customer5880,Product13,4,40512,162048,29168.64,191216.64
INV05881,2026-02-02,Customer5881,Product9,1,26157,26157,4708.26,30865.260000000002
INV05882,2026-02-03,Customer5882,Product6,1,19504,19504,3510.72,23014.72
INV05883,2026-02-04,Customer5883,Product7,2,44286,88572,15942.96,104514.95999999999
INV05884,2026-02-05,Customer5884,Product4,4,17657,70628,12713.04,83341.04000000001
INV05885,2026-02-06,Customer5885,Product14,1,37104,37104,6678.72,43782.72
INV05886,2026-02-07,Customer5886,Product1,1,4517,4517,813.06,5330.0599999999995
INV05887,2026-02-08,Customer5887,Product13,2,7242,14484,2607.12,17091.12
INV05888,2026-02-09,Customer5888,Product13,2,29011,58022,10443.96,68465.95999999999
INV05889,2026-02-10,Customer5889,Product10,3,19808,59424,10696.32,70120.32
INV05890,2026-02-11,Customer5890,Product8,3,44832,134496,24209.28,158705.28
INV05891,2026-02-12,Customer5891,Product13,3,23438,70314,12656.52,82970.52
INV05892,2026-02-13,Customer5892,Product9,4,26874,107496,19349.28,126845.28
INV05893,2026-02-14,Customer5893,Product8,4,6077,24308,4375.44,28683.44
INV05894,2026-02-15,Customer5894,Product11,4,41255,165020,29703.6,194723.6
INV05895,2026-02-16,Customer5895,Product10,5,16621,83105,14958.9,98063.9
INV05896,2026-02-17,Customer5896,Product3,5,36454,182270,32808.6,215078.6
INV05897,2026-02-18,Customer5897,Product6,3,7879,23637,4254.66,27891.66
INV05898,2026-02-19,Customer5898,Product4,5,6790,33950,6111.0,40061.0
INV05899,2026-02-20,Customer5899,Product12,3,45497,136491,24568.38,161059.38
INV05900,2026-02-21,Customer5900,Product5,5,21942,109710,19747.8,129457.8
INV05901,2026-02-22,Customer5901,Product11,3,26952,80856,14554.08,95410.08
INV05902,2026-02-23,Customer5902,Product3,1,19685,19685,3543.3,23228.3
INV05903,2026-02-24,Customer5903,Product13,2,37968,75936,13668.48,89604.48
INV05904,2026-02-25,Customer5904,Product8,5,23026,115130,20723.4,135853.4
INV05905,2026-02-26,Customer5905,Product14,2,30078,60156,10828.08,70984.08
INV05906,2026-02-27,Customer5906,Product11,4,2567,10268,1848.24,12116.24
INV05907,2026-02-28,Customer5907,Product20,4,37657,150628,27113.04,177741.04
INV05908,2026-02-01,Customer5908,Product16,3,25250,75750,13635.0,89385.0
INV05909,2026-02-02,Customer5909,Product6,3,9733,29199,5255.82,34454.82
INV05910,2026-02-03,Customer5910,Product14,4,746,2984,537.12,3521.12
INV05911,2026-02-04,Customer5911,Product15,2,37763,75526,13594.68,89120.68
INV05912,2026-02-05,Customer5912,Product8,2,16268,32536,5856.48,38392.479999999996
INV05913,2026-02-06,Customer5913,Product1,4,43931,175724,31630.32,207354.32
INV05914,2026-02-07,Customer5914,Product3,1,2642,2642,475.56,3117.56
INV05915,2026-02-08,Customer5915,Product2,1,30928,30928,5567.04,36495.04
INV05916,2026-02-09,Customer5916,Product8,1,9067,9067,1632.06,10699.06
INV05917,2026-02-10,Customer5917,Product13,4,9369,37476,6745.68,44221.68
INV05918,2026-02-11,Customer5918,Product8,2,31475,62950,11331.0,74281.0
INV05919,2026-02-12,Customer5919,Product17,5,28699,143495,25829.1,169324.1
INV05920,2026-02-13,Customer5920,Product14,4,32083,128332,23099.76,151431.76
INV05921,2026-02-14,Customer5921,Product6,2,43446,86892,15640.56,102532.56
INV05922,2026-02-15,Customer5922,Product18,2,11572,23144,4165.92,27309.92
INV05923,2026-02-16,Customer5923,Product12,2,45911,91822,16527.96,108349.95999999999
INV05924,2026-02-17,Customer5924,Product20,2,41194,82388,14829.84,97217.84
INV05925,2026-02-18,Customer5925,Product1,3,31245,93735,16872.3,110607.3
INV05926,2026-02-19,Customer5926,Product6,2,2738,5476,985.68,6461.68
INV05927,2026-02-20,Customer5927,Product12,2,14079,28158,5068.44,33226.44
INV05928,2026-02-21,Customer5928,Product6,5,3007,15035,2706.3,17741.3
INV05929,2026-02-22,Customer5929,Product13,5,14491,72455,13041.9,85496.9
INV05930,2026-02-23,Customer5930,Product3,1,36727,36727,6610.86,43337.86
INV05931,2026-02-24,Customer5931,Product5,1,18363,18363,3305.34,21668.34
INV05932,2026-02-25,Customer5932,Product15,4,28084,112336,20220.48,132556.48
INV05933,2026-02-26,Customer5933,Product19,3,44725,134175,24151.5,158326.5
INV05934,2026-02-27,Customer5934,Product14,4,38516,154064,27731.52,181795.52
INV05935,2026-02-28,Customer5935,Product5,4,12876,51504,9270.72,60774.72
INV05936,2026-02-01,Customer5936,Product10,5,36420,182100,32778.0,214878.0
INV05937,2026-02-02,Customer5937,Product20,3,31119,93357,16804.26,110161.26
INV05938,2026-02-03,Customer5938,Product16,1,36285,36285,6531.3,42816.3
INV05939,2026-02-04,Customer5939,Product6,4,47686,190744,34333.92,225077.91999999998
INV05940,2026-02-05,Customer5940,Product5,4,44193,176772,31818.96,208590.96
INV05941,2026-02-06,Customer5941,Product5,3,6465,19395,3491.1,22886.1
INV05942,2026-02-07,Customer5942,Product16,5,31095,155475,27985.5,183460.5
INV05943,2026-02-08,Customer5943,Product16,4,22879,91516,16472.88,107988.88
INV05944,2026-02-09,Customer5944,Product3,1,49948,49948,8990.64,58938.64
INV05945,2026-02-10,Customer5945,Product19,2,40557,81114,14600.52,95714.52
INV05946,2026-02-11,Customer5946,Product17,4,42727,170908,30763.44,201671.44
INV05947,2026-02-12,Customer5947,Product1,4,31465,125860,22654.8,148514.8
INV05948,2026-02-13,Customer5948,Product5,1,28777,28777,5179.86,33956.86
INV05949,2026-02-14,Customer5949,Product3,3,10241,30723,5530.14,36253.14
INV05950,2026-02-15,Customer5950,Product20,5,24754,123770,22278.6,146048.6
INV05951,2026-02-16,Customer5951,Product13,1,28933,28933,5207.94,34140.94
INV05952,2026-02-17,Customer5952,Product17,4,43840,175360,31564.8,206924.8
INV05953,2026-02-18,Customer5953,Product4,3,14805,44415,7994.7,52409.7
INV05954,2026-02-19,Customer5954,Product9,5,28272,141360,25444.8,166804.8
INV05955,2026-02-20,Customer5955,Product14,1,19744,19744,3553.92,23297.92
INV05956,2026-02-21,Customer5956,Product9,2,11513,23026,4144.68,27170.68
INV05957,2026-02-22,Customer5957,Product18,2,661,1322,237.96,1559.96
INV05958,2026-02-23,Customer5958,Product1,1,43802,43802,7884.36,51686.36
INV05959,2026-02-24,Customer5959,Product1,3,14331,42993,7738.74,50731.74
INV05960,2026-02-25,Customer5960,Product9,3,46771,140313,25256.34,165569.34
INV05961,2026-02-26,Customer5961,Product2,3,19165,57495,10349.1,67844.1
INV05962,2026-02-27,Customer5962,Product2,3,12781,38343,6901.74,45244.74
INV05963,2026-02-28,Customer5963,Product10,3,35982,107946,19430.28,127376.28
INV05964,2026-02-01,Customer5964,Product13,3,38242,114726,20650.68,135376.68
INV05965,2026-02-02,Customer5965,Product8,2,15445,30890,5560.2,36450.2
INV05966,2026-02-03,Customer5966,Product2,1,19146,19146,3446.28,22592.28
INV05967,2026-02-04,Customer5967,Product7,1,26379,26379,4748.22,31127.22
INV05968,2026-02-05,Customer5968,Product17,3,26646,79938,14388.84,94326.84
INV05969,2026-02-06,Customer5969,Product9,3,656,1968,354.24,2322.24
INV05970,2026-02-07,Customer5970,Product2,3,49737,149211,26857.98,176068.98
INV05971,2026-02-08,Customer5971,Product12,2,47731,95462,17183.16,112645.16
INV05972,2026-02-09,Customer5972,Product6,3,23128,69384,12489.12,81873.12
INV05973,2026-02-10,Customer5973,Product13,4,32394,129576,23323.68,152899.68
INV05974,2026-02-11,Customer5974,Product6,3,33484,100452,18081.36,118533.36
INV05975,2026-02-12,Customer5975,Product6,3,7991,23973,4315.14,28288.14
INV05976,2026-02-13,Customer5976,Product18,3,39509,118527,21334.86,139861.86
INV05977,2026-02-14,Customer5977,Product14,2,31679,63358,11404.44,74762.44
INV05978,2026-02-15,Customer5978,Product20,1,12878,12878,2318.04,15196.04
INV05979,2026-02-16,Customer5979,Product17,1,16128,16128,2903.04,19031.04
INV05980,2026-02-17,Customer5980,Product11,4,11547,46188,8313.84,54501.84
INV05981,2026-02-18,Customer5981,Product11,4,41570,166280,29930.4,196210.4
INV05982,2026-02-19,Customer5982,Product5,1,33620,33620,6051.6,39671.6
INV05983,2026-02-20,Customer5983,Product7,2,11155,22310,4015.8,26325.8
INV05984,2026-02-21,Customer5984,Product12,4,40631,162524,29254.32,191778.32
INV05985,2026-02-22,Customer5985,Product5,1,25596,25596,4607.28,30203.28
INV05986,2026-02-23,Customer5986,Product8,5,42218,211090,37996.2,249086.2
INV05987,2026-02-24,Customer5987,Product13,5,6762,33810,6085.8,39895.8
INV05988,2026-02-25,Customer5988,Product16,3,718,2154,387.72,2541.7200000000003
INV05989,2026-02-26,Customer5989,Product18,5,43670,218350,39303.0,257653.0
INV05990,2026-02-27,Customer5990,Product6,4,28840,115360,20764.8,136124.8
INV05991,2026-02-28,Customer5991,Product16,2,8623,17246,3104.28,20350.28
INV05992,2026-02-01,Customer5992,Product3,5,39851,199255,35865.9,235120.9
INV05993,2026-02-02,Customer5993,Product18,5,48066,240330,43259.4,283589.4
INV05994,2026-02-03,Customer5994,Product17,2,38241,76482,13766.76,90248.76
INV05995,2026-02-04,Customer5995,Product6,4,38506,154024,27724.32,181748.32
INV05996,2026-02-05,Customer5996,Product9,2,13050,26100,4698.0,30798.0
INV05997,2026-02-06,Customer5997,Product15,3,46317,138951,25011.18,163962.18
INV05998,2026-02-07,Customer5998,Product11,1,4324,4324,778.32,5102.32
INV05999,2026-02-08,Customer5999,Product2,1,28639,28639,5155.02,33794.020000000004
INV06000,2026-02-09,Customer6000,Product10,4,45377,181508,32671.44,214179.44
INV06001,2026-02-10,Customer6001,Product9,1,19478,19478,3506.04,22984.04
INV06002,2026-02-11,Customer6002,Product10,5,7611,38055,6849.9,44904.9
INV06003,2026-02-12,Customer6003,Product19,2,25057,50114,9020.52,59134.520000000004
INV06004,2026-02-13,Customer6004,Product18,2,4852,9704,1746.72,11450.72
INV06005,2026-02-14,Customer6005,Product1,5,49195,245975,44275.5,290250.5
INV06006,2026-02-15,Customer6006,Product14,5,22708,113540,20437.2,133977.2
INV06007,2026-02-16,Customer6007,Product2,5,16598,82990,14938.2,97928.2
INV06008,2026-02-17,Customer6008,Product17,3,40145,120435,21678.3,142113.3
INV06009,2026-02-18,Customer6009,Product5,1,46179,46179,8312.22,54491.22
INV06010,2026-02-19,Customer6010,Product17,4,37426,149704,26946.72,176650.72
INV06011,2026-02-20,Customer6011,Product16,3,4480,13440,2419.2,15859.2
INV06012,2026-02-21,Customer6012,Product8,3,23989,71967,12954.06,84921.06
INV06013,2026-02-22,Customer6013,Product8,1,13909,13909,2503.62,16412.62
INV06014,2026-02-23,Customer6014,Product12,5,21989,109945,19790.1,129735.1
INV06015,2026-02-24,Customer6015,Product17,2,44754,89508,16111.44,105619.44
INV06016,2026-02-25,Customer6016,Product15,2,29532,59064,10631.52,69695.52
INV06017,2026-02-26,Customer6017,Product17,2,14536,29072,5232.96,34304.96
INV06018,2026-02-27,Customer6018,Product7,2,1487,2974,535.32,3509.32
INV06019,2026-02-28,Customer6019,Product14,2,5442,10884,1959.12,12843.119999999999
INV06020,2026-02-01,Customer6020,Product7,3,11766,35298,6353.64,41651.64
INV06021,2026-02-02,Customer6021,Product11,2,4571,9142,1645.56,10787.56
INV06022,2026-02-03,Customer6022,Product12,3,45566,136698,24605.64,161303.64
INV06023,2026-02-04,Customer6023,Product2,4,28381,113524,20434.32,133958.32
INV06024,2026-02-05,Customer6024,Product9,1,27748,27748,4994.64,32742.64
INV06025,2026-02-06,Customer6025,Product4,5,4836,24180,4352.4,28532.4
INV06026,2026-02-07,Customer6026,Product1,1,26158,26158,4708.44,30866.44
INV06027,2026-02-08,Customer6027,Product1,5,20895,104475,18805.5,123280.5
INV06028,2026-02-09,Customer6028,Product20,1,12004,12004,2160.72,14164.72
INV06029,2026-02-10,Customer6029,Product5,2,8948,17896,3221.28,21117.28
INV06030,2026-02-11,Customer6030,Product4,3,44907,134721,24249.78,158970.78
INV06031,2026-02-12,Customer6031,Product7,2,44072,88144,15865.92,104009.92
INV06032,2026-02-13,Customer6032,Product15,3,30023,90069,16212.42,106281.42
INV06033,2026-02-14,Customer6033,Product17,3,11304,33912,6104.16,40016.16
INV06034,2026-02-15,Customer6034,Product2,1,3117,3117,561.06,3678.06
INV06035,2026-02-16,Customer6035,Product12,2,26154,52308,9415.44,61723.44
INV06036,2026-02-17,Customer6036,Product11,1,34723,34723,6250.14,40973.14
INV06037,2026-02-18,Customer6037,Product7,1,39606,39606,7129.08,46735.08
INV06038,2026-02-19,Customer6038,Product6,4,33532,134128,24143.04,158271.04
INV06039,2026-02-20,Customer6039,Product18,5,12744,63720,11469.6,75189.6
INV06040,2026-02-21,Customer6040,Product7,5,17835,89175,16051.5,105226.5
INV06041,2026-02-22,Customer6041,Product11,4,37949,151796,27323.28,179119.28
INV06042,2026-02-23,Customer6042,Product5,2,36848,73696,13265.28,86961.28
INV06043,2026-02-24,Customer6043,Product15,4,27319,109276,19669.68,128945.68
INV06044,2026-02-25,Customer6044,Product16,4,28842,115368,20766.24,136134.24
INV06045,2026-02-26,Customer6045,Product13,3,41190,123570,22242.6,145812.6
INV06046,2026-02-27,Customer6046,Product15,5,23877,119385,21489.3,140874.3
INV06047,2026-02-28,Customer6047,Product6,3,17934,53802,9684.36,63486.36
INV06048,2026-02-01,Customer6048,Product15,3,43538,130614,23510.52,154124.52
INV06049,2026-02-02,Customer6049,Product13,4,45237,180948,32570.64,213518.64
INV06050,2026-02-03,Customer6050,Product5,2,2272,4544,817.92,5361.92
INV06051,2026-02-04,Customer6051,Product15,1,30128,30128,5423.04,35551.04
INV06052,2026-02-05,Customer6052,Product4,3,19961,59883,10778.94,70661.94
INV06053,2026-02-06,Customer6053,Product17,5,11011,55055,9909.9,64964.9
INV06054,2026-02-07,Customer6054,Product4,4,2265,9060,1630.8,10690.8
INV06055,2026-02-08,Customer6055,Product15,5,2050,10250,1845.0,12095.0
INV06056,2026-02-09,Customer6056,Product18,2,26652,53304,9594.72,62898.72
INV06057,2026-02-10,Customer6057,Product13,1,33624,33624,6052.32,39676.32
INV06058,2026-02-11,Customer6058,Product17,3,19356,58068,10452.24,68520.24
INV06059,2026-02-12,Customer6059,Product8,5,49225,246125,44302.5,290427.5
INV06060,2026-02-13,Customer6060,Product1,3,41321,123963,22313.34,146276.34
INV06061,2026-02-14,Customer6061,Product14,2,20230,40460,7282.8,47742.8
INV06062,2026-02-15,Customer6062,Product2,3,41391,124173,22351.14,146524.14
INV06063,2026-02-16,Customer6063,Product5,2,9916,19832,3569.76,23401.760000000002
INV06064,2026-02-17,Customer6064,Product2,1,37714,37714,6788.52,44502.520000000004
INV06065,2026-02-18,Customer6065,Product3,5,9476,47380,8528.4,55908.4
INV06066,2026-02-19,Customer6066,Product17,1,22959,22959,4132.62,27091.62
INV06067,2026-02-20,Customer6067,Product1,4,20673,82692,14884.56,97576.56
INV06068,2026-02-21,Customer6068,Product3,5,32370,161850,29133.0,190983.0
INV06069,2026-02-22,Customer6069,Product2,1,19499,19499,3509.82,23008.82
INV06070,2026-02-23,Customer6070,Product5,3,40137,120411,21673.98,142084.98
INV06071,2026-02-24,Customer6071,Product10,5,42881,214405,38592.9,252997.9
INV06072,2026-02-25,Customer6072,Product19,5,9364,46820,8427.6,55247.6
INV06073,2026-02-26,Customer6073,Product13,3,15484,46452,8361.36,54813.36
INV06074,2026-02-27,Customer6074,Product8,2,35282,70564,12701.52,83265.52
INV06075,2026-02-28,Customer6075,Product4,4,38734,154936,27888.48,182824.48
INV06076,2026-02-01,Customer6076,Product6,4,17862,71448,12860.64,84308.64
INV06077,2026-02-02,Customer6077,Product4,2,32672,65344,11761.92,77105.92
INV06078,2026-02-03,Customer6078,Product7,5,27296,136480,24566.4,161046.4
INV06079,2026-02-04,Customer6079,Product3,5,13968,69840,12571.2,82411.2
INV06080,2026-02-05,Customer6080,Product4,4,37537,150148,27026.64,177174.64
INV06081,2026-02-06,Customer6081,Product16,2,31532,63064,11351.52,74415.52
INV06082,2026-02-07,Customer6082,Product14,3,4666,13998,2519.64,16517.64
INV06083,2026-02-08,Customer6083,Product13,4,44407,177628,31973.04,209601.04
INV06084,2026-02-09,Customer6084,Product13,1,34656,34656,6238.08,40894.08
INV06085,2026-02-10,Customer6085,Product7,4,592,2368,426.24,2794.24
INV06086,2026-02-11,Customer6086,Product12,5,42210,211050,37989.0,249039.0
INV06087,2026-02-12,Customer6087,Product7,2,2319,4638,834.84,5472.84
INV06088,2026-02-13,Customer6088,Product3,1,27378,27378,4928.04,32306.04
INV06089,2026-02-14,Customer6089,Product20,2,12799,25598,4607.64,30205.64
INV06090,2026-02-15,Customer6090,Product9,4,12442,49768,8958.24,58726.24
INV06091,2026-02-16,Customer6091,Product13,4,44520,178080,32054.4,210134.4
INV06092,2026-02-17,Customer6092,Product12,4,26245,104980,18896.4,123876.4
INV06093,2026-02-18,Customer6093,Product12,4,22034,88136,15864.48,104000.48
INV06094,2026-02-19,Customer6094,Product10,4,32183,128732,23171.76,151903.76
INV06095,2026-02-20,Customer6095,Product12,2,38807,77614,13970.52,91584.52
INV06096,2026-02-21,Customer6096,Product2,4,28552,114208,20557.44,134765.44
INV06097,2026-02-22,Customer6097,Product6,2,9416,18832,3389.76,22221.760000000002
INV06098,2026-02-23,Customer6098,Product5,3,41647,124941,22489.38,147430.38
INV06099,2026-02-24,Customer6099,Product9,4,46953,187812,33806.16,221618.16
INV06100,2026-02-25,Customer6100,Product18,1,5340,5340,961.2,6301.2
INV06101,2026-02-26,Customer6101,Product8,4,22424,89696,16145.28,105841.28
INV06102,2026-02-27,Customer6102,Product4,4,24386,97544,17557.92,115101.92
INV06103,2026-02-28,Customer6103,Product19,4,25066,100264,18047.52,118311.52
INV06104,2026-02-01,Customer6104,Product5,3,30978,92934,16728.12,109662.12
INV06105,2026-02-02,Customer6105,Product17,3,12218,36654,6597.72,43251.72
INV06106,2026-02-03,Customer6106,Product11,3,6692,20076,3613.68,23689.68
INV06107,2026-02-04,Customer6107,Product17,5,10116,50580,9104.4,59684.4
INV06108,2026-02-05,Customer6108,Product17,5,15641,78205,14076.9,92281.9
INV06109,2026-02-06,Customer6109,Product12,1,45144,45144,8125.92,53269.92
INV06110,2026-02-07,Customer6110,Product12,4,4632,18528,3335.04,21863.04
INV06111,2026-02-08,Customer6111,Product11,1,39192,39192,7054.56,46246.56
INV06112,2026-02-09,Customer6112,Product1,3,30588,91764,16517.52,108281.52
INV06113,2026-02-10,Customer6113,Product14,1,40860,40860,7354.8,48214.8
INV06114,2026-02-11,Customer6114,Product16,4,21554,86216,15518.88,101734.88
INV06115,2026-02-12,Customer6115,Product16,1,4565,4565,821.7,5386.7
INV06116,2026-02-13,Customer6116,Product2,4,32433,129732,23351.76,153083.76
INV06117,2026-02-14,Customer6117,Product5,4,49015,196060,35290.8,231350.8
INV06118,2026-02-15,Customer6118,Product17,2,44030,88060,15850.8,103910.8
INV06119,2026-02-16,Customer6119,Product9,3,28612,85836,15450.48,101286.48
INV06120,2026-02-17,Customer6120,Product8,4,38993,155972,28074.96,184046.96
INV06121,2026-02-18,Customer6121,Product18,3,38665,115995,20879.1,136874.1
INV06122,2026-02-19,Customer6122,Product10,5,31308,156540,28177.2,184717.2
INV06123,2026-02-20,Customer6123,Product1,5,34249,171245,30824.1,202069.1
INV06124,2026-02-21,Customer6124,Product2,1,35230,35230,6341.4,41571.4
INV06125,2026-02-22,Customer6125,Product20,1,18337,18337,3300.66,21637.66
INV06126,2026-02-23,Customer6126,Product10,3,4757,14271,2568.78,16839.78
INV06127,2026-02-24,Customer6127,Product10,4,37767,151068,27192.24,178260.24
INV06128,2026-02-25,Customer6128,Product8,1,19952,19952,3591.36,23543.36
INV06129,2026-02-26,Customer6129,Product15,2,14873,29746,5354.28,35100.28
INV06130,2026-02-27,Customer6130,Product18,5,23849,119245,21464.1,140709.1
INV06131,2026-02-28,Customer6131,Product3,2,8056,16112,2900.16,19012.16
INV06132,2026-02-01,Customer6132,Product14,4,48813,195252,35145.36,230397.36
INV06133,2026-02-02,Customer6133,Product11,4,27958,111832,20129.76,131961.76
INV06134,2026-02-03,Customer6134,Product20,1,16722,16722,3009.96,19731.96
INV06135,2026-02-04,Customer6135,Product16,5,1580,7900,1422.0,9322.0
INV06136,2026-02-05,Customer6136,Product16,5,43062,215310,38755.8,254065.8
INV06137,2026-02-06,Customer6137,Product3,5,15037,75185,13533.3,88718.3
INV06138,2026-02-07,Customer6138,Product13,1,26669,26669,4800.42,31469.42
INV06139,2026-02-08,Customer6139,Product6,4,27412,109648,19736.64,129384.64
INV06140,2026-02-09,Customer6140,Product16,3,13241,39723,7150.14,46873.14
INV06141,2026-02-10,Customer6141,Product16,3,46262,138786,24981.48,163767.48
INV06142,2026-02-11,Customer6142,Product20,3,18562,55686,10023.48,65709.48
INV06143,2026-02-12,Customer6143,Product19,1,12107,12107,2179.26,14286.26
INV06144,2026-02-13,Customer6144,Product11,3,25866,77598,13967.64,91565.64
INV06145,2026-02-14,Customer6145,Product7,5,39637,198185,35673.3,233858.3
INV06146,2026-02-15,Customer6146,Product8,4,38069,152276,27409.68,179685.68
INV06147,2026-02-16,Customer6147,Product9,1,2628,2628,473.04,3101.04
INV06148,2026-02-17,Customer6148,Product9,3,21422,64266,11567.88,75833.88
INV06149,2026-02-18,Customer6149,Product9,2,30196,60392,10870.56,71262.56
INV06150,2026-02-19,Customer6150,Product7,2,7242,14484,2607.12,17091.12
INV06151,2026-02-20,Customer6151,Product16,2,13311,26622,4791.96,31413.96
INV06152,2026-02-21,Customer6152,Product14,3,49427,148281,26690.58,174971.58000000002
INV06153,2026-02-22,Customer6153,Product1,2,32373,64746,11654.28,76400.28
INV06154,2026-02-23,Customer6154,Product13,1,30279,30279,5450.22,35729.22
INV06155,2026-02-24,Customer6155,Product13,2,33660,67320,12117.6,79437.6
INV06156,2026-02-25,Customer6156,Product6,4,22181,88724,15970.32,104694.32
INV06157,2026-02-26,Customer6157,Product17,3,30381,91143,16405.74,107548.74
INV06158,2026-02-27,Customer6158,Product19,4,13959,55836,10050.48,65886.48
INV06159,2026-02-28,Customer6159,Product7,3,44150,132450,23841.0,156291.0
INV06160,2026-02-01,Customer6160,Product8,5,47261,236305,42534.9,278839.9
INV06161,2026-02-02,Customer6161,Product6,5,40530,202650,36477.0,239127.0
INV06162,2026-02-03,Customer6162,Product11,2,14366,28732,5171.76,33903.76
INV06163,2026-02-04,Customer6163,Product13,3,22883,68649,12356.82,81005.82
INV06164,2026-02-05,Customer6164,Product1,3,24353,73059,13150.62,86209.62
INV06165,2026-02-06,Customer6165,Product4,3,28561,85683,15422.94,101105.94
INV06166,2026-02-07,Customer6166,Product11,1,49199,49199,8855.82,58054.82
INV06167,2026-02-08,Customer6167,Product14,2,30705,61410,11053.8,72463.8
INV06168,2026-02-09,Customer6168,Product13,1,7020,7020,1263.6,8283.6
INV06169,2026-02-10,Customer6169,Product6,4,10713,42852,7713.36,50565.36
INV06170,2026-02-11,Customer6170,Product11,4,12913,51652,9297.36,60949.36
INV06171,2026-02-12,Customer6171,Product10,2,25522,51044,9187.92,60231.92
INV06172,2026-02-13,Customer6172,Product14,4,4219,16876,3037.68,19913.68
INV06173,2026-02-14,Customer6173,Product20,3,24760,74280,13370.4,87650.4
INV06174,2026-02-15,Customer6174,Product6,2,18322,36644,6595.92,43239.92
INV06175,2026-02-16,Customer6175,Product20,5,39479,197395,35531.1,232926.1
INV06176,2026-02-17,Customer6176,Product18,3,12400,37200,6696.0,43896.0
INV06177,2026-02-18,Customer6177,Product5,4,5376,21504,3870.72,25374.72
INV06178,2026-02-19,Customer6178,Product5,5,14845,74225,13360.5,87585.5
INV06179,2026-02-20,Customer6179,Product13,2,48400,96800,17424.0,114224.0
INV06180,2026-02-21,Customer6180,Product3,4,1879,7516,1352.88,8868.880000000001
INV06181,2026-02-22,Customer6181,Product15,5,18959,94795,17063.1,111858.1
INV06182,2026-02-23,Customer6182,Product4,3,2679,8037,1446.66,9483.66
INV06183,2026-02-24,Customer6183,Product19,4,21377,85508,15391.44,100899.44
INV06184,2026-02-25,Customer6184,Product17,2,12331,24662,4439.16,29101.16
INV06185,2026-02-26,Customer6185,Product18,4,35012,140048,25208.64,165256.64
INV06186,2026-02-27,Customer6186,Product3,4,45748,182992,32938.56,215930.56
INV06187,2026-02-28,Customer6187,Product20,1,4168,4168,750.24,4918.24
INV06188,2026-02-01,Customer6188,Product13,5,16811,84055,15129.9,99184.9
INV06189,2026-02-02,Customer6189,Product19,1,12062,12062,2171.16,14233.16
INV06190,2026-02-03,Customer6190,Product11,1,23459,23459,4222.62,27681.62
INV06191,2026-02-04,Customer6191,Product18,1,43169,43169,7770.42,50939.42
INV06192,2026-02-05,Customer6192,Product18,1,26559,26559,4780.62,31339.62
INV06193,2026-02-06,Customer6193,Product17,1,8840,8840,1591.2,10431.2
INV06194,2026-02-07,Customer6194,Product10,4,35011,140044,25207.92,165251.91999999998
INV06195,2026-02-08,Customer6195,Product4,5,2581,12905,2322.9,15227.9
INV06196,2026-02-09,Customer6196,Product19,3,24971,74913,13484.34,88397.34
INV06197,2026-02-10,Customer6197,Product12,2,5925,11850,2133.0,13983.0
INV06198,2026-02-11,Customer6198,Product17,1,48399,48399,8711.82,57110.82
INV06199,2026-02-12,Customer6199,Product20,3,19924,59772,10758.96,70530.95999999999
INV06200,2026-02-13,Customer6200,Product1,4,22663,90652,16317.36,106969.36
INV06201,2026-02-14,Customer6201,Product12,3,5911,17733,3191.94,20924.94
INV06202,2026-02-15,Customer6202,Product3,1,34571,34571,6222.78,40793.78
INV06203,2026-02-16,Customer6203,Product16,5,39099,195495,35189.1,230684.1
INV06204,2026-02-17,Customer6204,Product16,1,41650,41650,7497.0,49147.0
INV06205,2026-02-18,Customer6205,Product6,1,8639,8639,1555.02,10194.02
INV06206,2026-02-19,Customer6206,Product5,5,18052,90260,16246.8,106506.8
INV06207,2026-02-20,Customer6207,Product19,3,10465,31395,5651.1,37046.1
INV06208,2026-02-21,Customer6208,Product15,4,32972,131888,23739.84,155627.84
INV06209,2026-02-22,Customer6209,Product14,5,8288,41440,7459.2,48899.2
INV06210,2026-02-23,Customer6210,Product17,5,44043,220215,39638.7,259853.7
INV06211,2026-02-24,Customer6211,Product2,1,46445,46445,8360.1,54805.1
INV06212,2026-02-25,Customer6212,Product2,3,37122,111366,20045.88,131411.88
INV06213,2026-02-26,Customer6213,Product20,1,6872,6872,1236.96,8108.96
INV06214,2026-02-27,Customer6214,Product19,2,49904,99808,17965.44,117773.44
INV06215,2026-02-28,Customer6215,Product14,4,8265,33060,5950.8,39010.8
INV06216,2026-02-01,Customer6216,Product10,5,14274,71370,12846.6,84216.6
INV06217,2026-02-02,Customer6217,Product1,1,6525,6525,1174.5,7699.5
INV06218,2026-02-03,Customer6218,Product10,2,28986,57972,10434.96,68406.95999999999
INV06219,2026-02-04,Customer6219,Product5,1,23976,23976,4315.68,28291.68
INV06220,2026-02-05,Customer6220,Product10,3,5802,17406,3133.08,20539.08
INV06221,2026-02-06,Customer6221,Product1,5,15305,76525,13774.5,90299.5
INV06222,2026-02-07,Customer6222,Product11,4,29134,116536,20976.48,137512.48
INV06223,2026-02-08,Customer6223,Product5,4,6818,27272,4908.96,32180.96
INV06224,2026-02-09,Customer6224,Product12,5,16911,84555,15219.9,99774.9
INV06225,2026-02-10,Customer6225,Product18,5,13560,67800,12204.0,80004.0
INV06226,2026-02-11,Customer6226,Product7,4,40072,160288,28851.84,189139.84
INV06227,2026-02-12,Customer6227,Product14,3,40403,121209,21817.62,143026.62
INV06228,2026-02-13,Customer6228,Product13,4,15255,61020,10983.6,72003.6
INV06229,2026-02-14,Customer6229,Product19,5,9615,48075,8653.5,56728.5
INV06230,2026-02-15,Customer6230,Product15,2,4993,9986,1797.48,11783.48
INV06231,2026-02-16,Customer6231,Product19,5,3097,15485,2787.3,18272.3
INV06232,2026-02-17,Customer6232,Product20,4,41206,164824,29668.32,194492.32
INV06233,2026-02-18,Customer6233,Product17,1,2377,2377,427.86,2804.86
INV06234,2026-02-19,Customer6234,Product14,1,47519,47519,8553.42,56072.42
INV06235,2026-02-20,Customer6235,Product16,2,33266,66532,11975.76,78507.76
INV06236,2026-02-21,Customer6236,Product17,5,21528,107640,19375.2,127015.2
INV06237,2026-02-22,Customer6237,Product4,4,1657,6628,1193.04,7821.04
INV06238,2026-02-23,Customer6238,Product8,5,34326,171630,30893.4,202523.4
INV06239,2026-02-24,Customer6239,Product18,1,47592,47592,8566.56,56158.56
INV06240,2026-02-25,Customer6240,Product13,5,10391,51955,9351.9,61306.9
INV06241,2026-02-26,Customer6241,Product15,1,28374,28374,5107.32,33481.32
INV06242,2026-02-27,Customer6242,Product10,4,17005,68020,12243.6,80263.6
INV06243,2026-02-28,Customer6243,Product18,3,13641,40923,7366.14,48289.14
INV06244,2026-02-01,Customer6244,Product13,2,6833,13666,2459.88,16125.880000000001
INV06245,2026-02-02,Customer6245,Product2,4,33876,135504,24390.72,159894.72
INV06246,2026-02-03,Customer6246,Product3,2,28762,57524,10354.32,67878.32
INV06247,2026-02-04,Customer6247,Product19,3,49143,147429,26537.22,173966.22
INV06248,2026-02-05,Customer6248,Product3,4,14998,59992,10798.56,70790.56
INV06249,2026-02-06,Customer6249,Product14,4,34925,139700,25146.0,164846.0
INV06250,2026-02-07,Customer6250,Product7,3,697,2091,376.38,2467.38
INV06251,2026-02-08,Customer6251,Product6,3,7961,23883,4298.94,28181.94
INV06252,2026-02-09,Customer6252,Product16,1,14141,14141,2545.38,16686.38
INV06253,2026-02-10,Customer6253,Product13,4,6437,25748,4634.64,30382.64
INV06254,2026-02-11,Customer6254,Product5,4,37781,151124,27202.32,178326.32
INV06255,2026-02-12,Customer6255,Product12,1,1222,1222,219.96,1441.96
INV06256,2026-02-13,Customer6256,Product12,5,14532,72660,13078.8,85738.8
INV06257,2026-02-14,Customer6257,Product17,5,2953,14765,2657.7,17422.7
INV06258,2026-02-15,Customer6258,Product11,1,18705,18705,3366.9,22071.9
INV06259,2026-02-16,Customer6259,Product16,4,24349,97396,17531.28,114927.28
INV06260,2026-02-17,Customer6260,Product15,1,31982,31982,5756.76,37738.76
INV06261,2026-02-18,Customer6261,Product10,4,24253,97012,17462.16,114474.16
INV06262,2026-02-19,Customer6262,Product11,3,8526,25578,4604.04,30182.04
INV06263,2026-02-20,Customer6263,Product10,1,8404,8404,1512.72,9916.72
INV06264,2026-02-21,Customer6264,Product6,1,22696,22696,4085.28,26781.28
INV06265,2026-02-22,Customer6265,Product20,4,46572,186288,33531.84,219819.84
INV06266,2026-02-23,Customer6266,Product14,4,36911,147644,26575.92,174219.91999999998
INV06267,2026-02-24,Customer6267,Product2,4,32496,129984,23397.12,153381.12
INV06268,2026-02-25,Customer6268,Product11,4,6576,26304,4734.72,31038.72
INV06269,2026-02-26,Customer6269,Product10,5,30304,151520,27273.6,178793.6
INV06270,2026-02-27,Customer6270,Product8,1,27605,27605,4968.9,32573.9
INV06271,2026-02-28,Customer6271,Product7,3,17368,52104,9378.72,61482.72
INV06272,2026-02-01,Customer6272,Product15,4,45886,183544,33037.92,216581.91999999998
INV06273,2026-02-02,Customer6273,Product14,5,3303,16515,2972.7,19487.7
INV06274,2026-02-03,Customer6274,Product5,2,11573,23146,4166.28,27312.28
INV06275,2026-02-04,Customer6275,Product20,2,36470,72940,13129.2,86069.2
INV06276,2026-02-05,Customer6276,Product18,2,21582,43164,7769.52,50933.520000000004
INV06277,2026-02-06,Customer6277,Product15,1,29249,29249,5264.82,34513.82
INV06278,2026-02-07,Customer6278,Product18,2,17753,35506,6391.08,41897.08
INV06279,2026-02-08,Customer6279,Product7,4,34845,139380,25088.4,164468.4
INV06280,2026-02-09,Customer6280,Product10,1,30620,30620,5511.6,36131.6
INV06281,2026-02-10,Customer6281,Product12,1,5010,5010,901.8,5911.8
INV06282,2026-02-11,Customer6282,Product8,1,4433,4433,797.94,5230.9400000000005
INV06283,2026-02-12,Customer6283,Product2,2,35094,70188,12633.84,82821.84
INV06284,2026-02-13,Customer6284,Product8,1,7571,7571,1362.78,8933.78
INV06285,2026-02-14,Customer6285,Product4,2,23830,47660,8578.8,56238.8
INV06286,2026-02-15,Customer6286,Product11,2,21240,42480,7646.4,50126.4
INV06287,2026-02-16,Customer6287,Product18,4,19626,78504,14130.72,92634.72
INV06288,2026-02-17,Customer6288,Product12,3,32608,97824,17608.32,115432.32
INV06289,2026-02-18,Customer6289,Product14,2,13050,26100,4698.0,30798.0
INV06290,2026-02-19,Customer6290,Product15,1,32269,32269,5808.42,38077.42
INV06291,2026-02-20,Customer6291,Product17,2,47099,94198,16955.64,111153.64
INV06292,2026-02-21,Customer6292,Product18,2,17870,35740,6433.2,42173.2
INV06293,2026-02-22,Customer6293,Product20,2,20303,40606,7309.08,47915.08
INV06294,2026-02-23,Customer6294,Product8,5,6746,33730,6071.4,39801.4
INV06295,2026-02-24,Customer6295,Product7,2,10036,20072,3612.96,23684.96
INV06296,2026-02-25,Customer6296,Product5,4,17504,70016,12602.88,82618.88
INV06297,2026-02-26,Customer6297,Product8,5,26387,131935,23748.3,155683.3
INV06298,2026-02-27,Customer6298,Product17,3,18158,54474,9805.32,64279.32
INV06299,2026-02-28,Customer6299,Product7,1,14314,14314,2576.52,16890.52
INV06300,2026-02-01,Customer6300,Product12,4,18400,73600,13248.0,86848.0
INV06301,2026-02-02,Customer6301,Product18,2,7994,15988,2877.84,18865.84
INV06302,2026-02-03,Customer6302,Product5,1,22277,22277,4009.86,26286.86
INV06303,2026-02-04,Customer6303,Product1,1,49593,49593,8926.74,58519.74
INV06304,2026-02-05,Customer6304,Product13,3,11391,34173,6151.14,40324.14
INV06305,2026-02-06,Customer6305,Product3,1,32757,32757,5896.26,38653.26
INV06306,2026-02-07,Customer6306,Product1,1,7013,7013,1262.34,8275.34
INV06307,2026-02-08,Customer6307,Product5,2,42233,84466,15203.88,99669.88
INV06308,2026-02-09,Customer6308,Product4,3,17497,52491,9448.38,61939.38
INV06309,2026-02-10,Customer6309,Product15,5,49590,247950,44631.0,292581.0
INV06310,2026-02-11,Customer6310,Product19,2,32615,65230,11741.4,76971.4
INV06311,2026-02-12,Customer6311,Product11,3,14837,44511,8011.98,52522.979999999996
INV06312,2026-02-13,Customer6312,Product11,4,47118,188472,33924.96,222396.96
INV06313,2026-02-14,Customer6313,Product1,2,44047,88094,15856.92,103950.92
INV06314,2026-02-15,Customer6314,Product20,3,19292,57876,10417.68,68293.68
INV06315,2026-02-16,Customer6315,Product13,5,31467,157335,28320.3,185655.3
INV06316,2026-02-17,Customer6316,Product3,5,35200,176000,31680.0,207680.0
INV06317,2026-02-18,Customer6317,Product16,2,3659,7318,1317.24,8635.24
INV06318,2026-02-19,Customer6318,Product1,4,29402,117608,21169.44,138777.44
INV06319,2026-02-20,Customer6319,Product2,4,3956,15824,2848.32,18672.32
INV06320,2026-02-21,Customer6320,Product16,3,17208,51624,9292.32,60916.32
INV06321,2026-02-22,Customer6321,Product8,5,37702,188510,33931.8,222441.8
INV06322,2026-02-23,Customer6322,Product15,1,13300,13300,2394.0,15694.0
INV06323,2026-02-24,Customer6323,Product9,3,9978,29934,5388.12,35322.12
INV06324,2026-02-25,Customer6324,Product16,4,16443,65772,11838.96,77610.95999999999
INV06325,2026-02-26,Customer6325,Product9,1,4153,4153,747.54,4900.54
INV06326,2026-02-27,Customer6326,Product14,5,47920,239600,43128.0,282728.0
INV06327,2026-02-28,Customer6327,Product9,4,6068,24272,4368.96,28640.96
INV06328,2026-02-01,Customer6328,Product3,2,26058,52116,9380.88,61496.88
INV06329,2026-02-02,Customer6329,Product19,5,38232,191160,34408.8,225568.8
INV06330,2026-02-03,Customer6330,Product14,1,8940,8940,1609.2,10549.2
INV06331,2026-02-04,Customer6331,Product7,2,25728,51456,9262.08,60718.08
INV06332,2026-02-05,Customer6332,Product19,4,49306,197224,35500.32,232724.32
INV06333,2026-02-06,Customer6333,Product5,1,18933,18933,3407.94,22340.94
INV06334,2026-02-07,Customer6334,Product14,3,13417,40251,7245.18,47496.18
INV06335,2026-02-08,Customer6335,Product13,1,33394,33394,6010.92,39404.92
INV06336,2026-02-09,Customer6336,Product5,5,36638,183190,32974.2,216164.2
INV06337,2026-02-10,Customer6337,Product6,4,21601,86404,15552.72,101956.72
INV06338,2026-02-11,Customer6338,Product9,1,7449,7449,1340.82,8789.82
INV06339,2026-02-12,Customer6339,Product9,3,16153,48459,8722.62,57181.62
INV06340,2026-02-13,Customer6340,Product5,5,39926,199630,35933.4,235563.4
INV06341,2026-02-14,Customer6341,Product7,5,12503,62515,11252.7,73767.7
INV06342,2026-02-15,Customer6342,Product7,3,17008,51024,9184.32,60208.32
INV06343,2026-02-16,Customer6343,Product9,5,45759,228795,41183.1,269978.1
INV06344,2026-02-17,Customer6344,Product15,1,8663,8663,1559.34,10222.34
INV06345,2026-02-18,Customer6345,Product4,5,26561,132805,23904.9,156709.9
INV06346,2026-02-19,Customer6346,Product11,3,1173,3519,633.42,4152.42
INV06347,2026-02-20,Customer6347,Product11,5,15516,77580,13964.4,91544.4
INV06348,2026-02-21,Customer6348,Product20,4,28932,115728,20831.04,136559.04
INV06349,2026-02-22,Customer6349,Product7,4,11142,44568,8022.24,52590.24
INV06350,2026-02-23,Customer6350,Product1,3,34111,102333,18419.94,120752.94
INV06351,2026-02-24,Customer6351,Product4,1,5048,5048,908.64,5956.64
INV06352,2026-02-25,Customer6352,Product11,4,14454,57816,10406.88,68222.88
INV06353,2026-02-26,Customer6353,Product4,1,49458,49458,8902.44,58360.44
INV06354,2026-02-27,Customer6354,Product3,5,24609,123045,22148.1,145193.1
INV06355,2026-02-28,Customer6355,Product5,5,39729,198645,35756.1,234401.1
INV06356,2026-02-01,Customer6356,Product17,3,41400,124200,22356.0,146556.0
INV06357,2026-02-02,Customer6357,Product7,2,13720,27440,4939.2,32379.2
INV06358,2026-02-03,Customer6358,Product11,3,37812,113436,20418.48,133854.48
INV06359,2026-02-04,Customer6359,Product3,4,40951,163804,29484.72,193288.72
INV06360,2026-02-05,Customer6360,Product5,4,20145,80580,14504.4,95084.4
INV06361,2026-02-06,Customer6361,Product7,5,16821,84105,15138.9,99243.9
INV06362,2026-02-07,Customer6362,Product16,5,32243,161215,29018.7,190233.7
INV06363,2026-02-08,Customer6363,Product20,1,17669,17669,3180.42,20849.42
INV06364,2026-02-09,Customer6364,Product19,2,10581,21162,3809.16,24971.16
INV06365,2026-02-10,Customer6365,Product13,2,45939,91878,16538.04,108416.04000000001
INV06366,2026-02-11,Customer6366,Product11,1,6676,6676,1201.68,7877.68
INV06367,2026-02-12,Customer6367,Product6,5,48965,244825,44068.5,288893.5
INV06368,2026-02-13,Customer6368,Product12,2,21406,42812,7706.16,50518.16
INV06369,2026-02-14,Customer6369,Product16,3,49571,148713,26768.34,175481.34
INV06370,2026-02-15,Customer6370,Product12,1,43072,43072,7752.96,50824.96
INV06371,2026-02-16,Customer6371,Product20,1,43592,43592,7846.56,51438.56
INV06372,2026-02-17,Customer6372,Product3,5,48785,243925,43906.5,287831.5
INV06373,2026-02-18,Customer6373,Product14,2,32033,64066,11531.88,75597.88
INV06374,2026-02-19,Customer6374,Product16,3,24373,73119,13161.42,86280.42
INV06375,2026-02-20,Customer6375,Product5,4,15817,63268,11388.24,74656.24
INV06376,2026-02-21,Customer6376,Product11,4,40797,163188,29373.84,192561.84
INV06377,2026-02-22,Customer6377,Product18,1,23552,23552,4239.36,27791.36
INV06378,2026-02-23,Customer6378,Product6,1,46814,46814,8426.52,55240.520000000004
INV06379,2026-02-24,Customer6379,Product16,1,5815,5815,1046.7,6861.7
INV06380,2026-02-25,Customer6380,Product1,4,46326,185304,33354.72,218658.72
INV06381,2026-02-26,Customer6381,Product1,3,34637,103911,18703.98,122614.98
INV06382,2026-02-27,Customer6382,Product12,3,15144,45432,8177.76,53609.76
INV06383,2026-02-28,Customer6383,Product13,1,22274,22274,4009.32,26283.32
INV06384,2026-02-01,Customer6384,Product2,4,34042,136168,24510.24,160678.24
INV06385,2026-02-02,Customer6385,Product6,5,23591,117955,21231.9,139186.9
INV06386,2026-02-03,Customer6386,Product11,5,26551,132755,23895.9,156650.9
INV06387,2026-02-04,Customer6387,Product4,3,31926,95778,17240.04,113018.04000000001
INV06388,2026-02-05,Customer6388,Product5,3,20183,60549,10898.82,71447.82
INV06389,2026-02-06,Customer6389,Product7,1,41436,41436,7458.48,48894.479999999996
INV06390,2026-02-07,Customer6390,Product10,2,23520,47040,8467.2,55507.2
INV06391,2026-02-08,Customer6391,Product5,1,27947,27947,5030.46,32977.46
INV06392,2026-02-09,Customer6392,Product10,5,11122,55610,10009.8,65619.8
INV06393,2026-02-10,Customer6393,Product2,4,27045,108180,19472.4,127652.4
INV06394,2026-02-11,Customer6394,Product12,4,7816,31264,5627.52,36891.520000000004
INV06395,2026-02-12,Customer6395,Product15,2,9664,19328,3479.04,22807.04
INV06396,2026-02-13,Customer6396,Product17,1,42638,42638,7674.84,50312.84
INV06397,2026-02-14,Customer6397,Product14,2,25590,51180,9212.4,60392.4
INV06398,2026-02-15,Customer6398,Product5,5,33974,169870,30576.6,200446.6
INV06399,2026-02-16,Customer6399,Product1,3,15117,45351,8163.18,53514.18
INV06400,2026-02-17,Customer6400,Product9,4,27602,110408,19873.44,130281.44
INV06401,2026-02-18,Customer6401,Product10,4,38946,155784,28041.12,183825.12
INV06402,2026-02-19,Customer6402,Product7,1,44909,44909,8083.62,52992.62
INV06403,2026-02-20,Customer6403,Product16,4,47816,191264,34427.52,225691.52
INV06404,2026-02-21,Customer6404,Product16,5,48738,243690,43864.2,287554.2
INV06405,2026-02-22,Customer6405,Product18,1,45265,45265,8147.7,53412.7
INV06406,2026-02-23,Customer6406,Product2,1,22155,22155,3987.9,26142.9
INV06407,2026-02-24,Customer6407,Product9,1,38933,38933,7007.94,45940.94
INV06408,2026-02-25,Customer6408,Product5,4,34081,136324,24538.32,160862.32
INV06409,2026-02-26,Customer6409,Product11,4,12420,49680,8942.4,58622.4
INV06410,2026-02-27,Customer6410,Product13,4,30854,123416,22214.88,145630.88
INV06411,2026-02-28,Customer6411,Product8,1,29584,29584,5325.12,34909.12
INV06412,2026-02-01,Customer6412,Product9,3,20475,61425,11056.5,72481.5
INV06413,2026-02-02,Customer6413,Product5,4,22923,91692,16504.56,108196.56
INV06414,2026-02-03,Customer6414,Product18,1,34085,34085,6135.3,40220.3
INV06415,2026-02-04,Customer6415,Product13,3,16351,49053,8829.54,57882.54
INV06416,2026-02-05,Customer6416,Product2,5,11543,57715,10388.7,68103.7
INV06417,2026-02-06,Customer6417,Product5,5,42247,211235,38022.3,249257.3
INV06418,2026-02-07,Customer6418,Product16,1,25464,25464,4583.52,30047.52
INV06419,2026-02-08,Customer6419,Product11,5,24767,123835,22290.3,146125.3
INV06420,2026-02-09,Customer6420,Product8,5,29568,147840,26611.2,174451.2
INV06421,2026-02-10,Customer6421,Product3,1,11951,11951,2151.18,14102.18
INV06422,2026-02-11,Customer6422,Product7,3,16199,48597,8747.46,57344.46
INV06423,2026-02-12,Customer6423,Product2,3,8965,26895,4841.1,31736.1
INV06424,2026-02-13,Customer6424,Product11,5,39604,198020,35643.6,233663.6
INV06425,2026-02-14,Customer6425,Product12,4,34369,137476,24745.68,162221.68
INV06426,2026-02-15,Customer6426,Product18,5,21689,108445,19520.1,127965.1
INV06427,2026-02-16,Customer6427,Product6,1,34351,34351,6183.18,40534.18
INV06428,2026-02-17,Customer6428,Product14,5,22806,114030,20525.4,134555.4
INV06429,2026-02-18,Customer6429,Product6,3,18030,54090,9736.2,63826.2
INV06430,2026-02-19,Customer6430,Product3,4,22209,88836,15990.48,104826.48
INV06431,2026-02-20,Customer6431,Product14,4,26276,105104,18918.72,124022.72
INV06432,2026-02-21,Customer6432,Product14,2,31044,62088,11175.84,73263.84
INV06433,2026-02-22,Customer6433,Product7,3,7436,22308,4015.44,26323.44
INV06434,2026-02-23,Customer6434,Product11,2,36509,73018,13143.24,86161.24
INV06435,2026-02-24,Customer6435,Product1,5,8659,43295,7793.1,51088.1
INV06436,2026-02-25,Customer6436,Product17,5,14766,73830,13289.4,87119.4
INV06437,2026-02-26,Customer6437,Product8,1,32558,32558,5860.44,38418.44
INV06438,2026-02-27,Customer6438,Product20,2,12073,24146,4346.28,28492.28
INV06439,2026-02-28,Customer6439,Product6,2,34598,69196,12455.28,81651.28
INV06440,2026-02-01,Customer6440,Product8,5,1589,7945,1430.1,9375.1
INV06441,2026-02-02,Customer6441,Product3,5,22922,114610,20629.8,135239.8
INV06442,2026-02-03,Customer6442,Product12,2,34364,68728,12371.04,81099.04000000001
INV06443,2026-02-04,Customer6443,Product18,2,19382,38764,6977.52,45741.520000000004
INV06444,2026-02-05,Customer6444,Product20,1,3083,3083,554.94,3637.94
INV06445,2026-02-06,Customer6445,Product11,2,41428,82856,14914.08,97770.08
INV06446,2026-02-07,Customer6446,Product15,5,19477,97385,17529.3,114914.3
INV06447,2026-02-08,Customer6447,Product18,4,2026,8104,1458.72,9562.72
INV06448,2026-02-09,Customer6448,Product10,3,43371,130113,23420.34,153533.34
INV06449,2026-02-10,Customer6449,Product12,3,13890,41670,7500.6,49170.6
INV06450,2026-02-11,Customer6450,Product11,3,49397,148191,26674.38,174865.38
INV06451,2026-02-12,Customer6451,Product1,5,31990,159950,28791.0,188741.0
INV06452,2026-02-13,Customer6452,Product1,4,27350,109400,19692.0,129092.0
INV06453,2026-02-14,Customer6453,Product7,5,2984,14920,2685.6,17605.6
INV06454,2026-02-15,Customer6454,Product19,1,8396,8396,1511.28,9907.28
INV06455,2026-02-16,Customer6455,Product19,2,5704,11408,2053.44,13461.44
INV06456,2026-02-17,Customer6456,Product10,3,30449,91347,16442.46,107789.45999999999
INV06457,2026-02-18,Customer6457,Product4,2,28537,57074,10273.32,67347.32
INV06458,2026-02-19,Customer6458,Product7,1,6289,6289,1132.02,7421.02
INV06459,2026-02-20,Customer6459,Product14,1,49313,49313,8876.34,58189.34
INV06460,2026-02-21,Customer6460,Product8,2,20520,41040,7387.2,48427.2
INV06461,2026-02-22,Customer6461,Product6,1,20836,20836,3750.48,24586.48
INV06462,2026-02-23,Customer6462,Product6,5,14229,71145,12806.1,83951.1
INV06463,2026-02-24,Customer6463,Product19,5,30748,153740,27673.2,181413.2
INV06464,2026-02-25,Customer6464,Product6,2,33626,67252,12105.36,79357.36
INV06465,2026-02-26,Customer6465,Product17,1,2229,2229,401.22,2630.2200000000003
INV06466,2026-02-27,Customer6466,Product15,3,11963,35889,6460.02,42349.020000000004
INV06467,2026-02-28,Customer6467,Product4,1,16230,16230,2921.4,19151.4
INV06468,2026-02-01,Customer6468,Product7,1,6709,6709,1207.62,7916.62
INV06469,2026-02-02,Customer6469,Product2,2,12714,25428,4577.04,30005.04
INV06470,2026-02-03,Customer6470,Product1,1,17214,17214,3098.52,20312.52
INV06471,2026-02-04,Customer6471,Product1,2,12657,25314,4556.52,29870.52
INV06472,2026-02-05,Customer6472,Product13,2,7833,15666,2819.88,18485.88
INV06473,2026-02-06,Customer6473,Product7,5,47727,238635,42954.3,281589.3
INV06474,2026-02-07,Customer6474,Product16,2,39647,79294,14272.92,93566.92
INV06475,2026-02-08,Customer6475,Product18,3,8568,25704,4626.72,30330.72
INV06476,2026-02-09,Customer6476,Product3,2,11449,22898,4121.64,27019.64
INV06477,2026-02-10,Customer6477,Product6,1,19737,19737,3552.66,23289.66
INV06478,2026-02-11,Customer6478,Product14,1,5143,5143,925.74,6068.74
INV06479,2026-02-12,Customer6479,Product9,3,20735,62205,11196.9,73401.9
INV06480,2026-02-13,Customer6480,Product1,1,6982,6982,1256.76,8238.76
INV06481,2026-02-14,Customer6481,Product8,3,25513,76539,13777.02,90316.02
INV06482,2026-02-15,Customer6482,Product4,5,15871,79355,14283.9,93638.9
INV06483,2026-02-16,Customer6483,Product20,2,5925,11850,2133.0,13983.0
INV06484,2026-02-17,Customer6484,Product19,2,40549,81098,14597.64,95695.64
INV06485,2026-02-18,Customer6485,Product3,5,21537,107685,19383.3,127068.3
INV06486,2026-02-19,Customer6486,Product10,3,28461,85383,15368.94,100751.94
INV06487,2026-02-20,Customer6487,Product19,3,41918,125754,22635.72,148389.72
INV06488,2026-02-21,Customer6488,Product2,2,46511,93022,16743.96,109765.95999999999
INV06489,2026-02-22,Customer6489,Product5,5,21656,108280,19490.4,127770.4
INV06490,2026-02-23,Customer6490,Product1,3,43927,131781,23720.58,155501.58000000002
INV06491,2026-02-24,Customer6491,Product15,2,30703,61406,11053.08,72459.08
INV06492,2026-02-25,Customer6492,Product7,5,42236,211180,38012.4,249192.4
INV06493,2026-02-26,Customer6493,Product1,2,32163,64326,11578.68,75904.68
INV06494,2026-02-27,Customer6494,Product11,4,14735,58940,10609.2,69549.2
INV06495,2026-02-28,Customer6495,Product11,5,18284,91420,16455.6,107875.6
INV06496,2026-02-01,Customer6496,Product13,1,46551,46551,8379.18,54930.18
INV06497,2026-02-02,Customer6497,Product8,3,47785,143355,25803.9,169158.9
INV06498,2026-02-03,Customer6498,Product10,1,14486,14486,2607.48,17093.48
INV06499,2026-02-04,Customer6499,Product9,4,25074,100296,18053.28,118349.28
INV06500,2026-02-05,Customer6500,Product15,4,20493,81972,14754.96,96726.95999999999
INV06501,2026-02-06,Customer6501,Product17,2,10579,21158,3808.44,24966.44
INV06502,2026-02-07,Customer6502,Product19,3,37234,111702,20106.36,131808.36
INV06503,2026-02-08,Customer6503,Product18,2,41497,82994,14938.92,97932.92
INV06504,2026-02-09,Customer6504,Product1,3,20565,61695,11105.1,72800.1
INV06505,2026-02-10,Customer6505,Product16,4,23852,95408,17173.44,112581.44
INV06506,2026-02-11,Customer6506,Product20,2,18409,36818,6627.24,43445.24
INV06507,2026-02-12,Customer6507,Product17,5,16110,80550,14499.0,95049.0
INV06508,2026-02-13,Customer6508,Product7,4,48108,192432,34637.76,227069.76
INV06509,2026-02-14,Customer6509,Product10,5,35231,176155,31707.9,207862.9
INV06510,2026-02-15,Customer6510,Product8,1,39355,39355,7083.9,46438.9
INV06511,2026-02-16,Customer6511,Product15,1,15887,15887,2859.66,18746.66
INV06512,2026-02-17,Customer6512,Product13,2,34412,68824,12388.32,81212.32
INV06513,2026-02-18,Customer6513,Product14,2,32699,65398,11771.64,77169.64
INV06514,2026-02-19,Customer6514,Product1,2,20287,40574,7303.32,47877.32
INV06515,2026-02-20,Customer6515,Product14,4,21004,84016,15122.88,99138.88
INV06516,2026-02-21,Customer6516,Product3,2,3447,6894,1240.92,8134.92
INV06517,2026-02-22,Customer6517,Product1,2,31054,62108,11179.44,73287.44
INV06518,2026-02-23,Customer6518,Product3,5,8307,41535,7476.3,49011.3
INV06519,2026-02-24,Customer6519,Product4,1,34108,34108,6139.44,40247.44
INV06520,2026-02-25,Customer6520,Product18,5,30741,153705,27666.9,181371.9
INV06521,2026-02-26,Customer6521,Product9,1,18318,18318,3297.24,21615.239999999998
INV06522,2026-02-27,Customer6522,Product7,5,11093,55465,9983.7,65448.7
INV06523,2026-02-28,Customer6523,Product20,3,34376,103128,18563.04,121691.04000000001
INV06524,2026-02-01,Customer6524,Product2,4,1111,4444,799.92,5243.92
INV06525,2026-02-02,Customer6525,Product18,5,10161,50805,9144.9,59949.9
INV06526,2026-02-03,Customer6526,Product10,5,37520,187600,33768.0,221368.0
INV06527,2026-02-04,Customer6527,Product15,2,43912,87824,15808.32,103632.32
INV06528,2026-02-05,Customer6528,Product13,5,20836,104180,18752.4,122932.4
INV06529,2026-02-06,Customer6529,Product4,4,24115,96460,17362.8,113822.8
INV06530,2026-02-07,Customer6530,Product6,2,10097,20194,3634.92,23828.92
INV06531,2026-02-08,Customer6531,Product3,5,46404,232020,41763.6,273783.6
INV06532,2026-02-09,Customer6532,Product1,2,41735,83470,15024.6,98494.6
INV06533,2026-02-10,Customer6533,Product11,1,21163,21163,3809.34,24972.34
INV06534,2026-02-11,Customer6534,Product2,5,9361,46805,8424.9,55229.9
INV06535,2026-02-12,Customer6535,Product7,3,18914,56742,10213.56,66955.56
INV06536,2026-02-13,Customer6536,Product1,4,28872,115488,20787.84,136275.84
INV06537,2026-02-14,Customer6537,Product18,4,22002,88008,15841.44,103849.44
INV06538,2026-02-15,Customer6538,Product15,5,47070,235350,42363.0,277713.0
INV06539,2026-02-16,Customer6539,Product10,1,38582,38582,6944.76,45526.76
INV06540,2026-02-17,Customer6540,Product4,4,2019,8076,1453.68,9529.68
INV06541,2026-02-18,Customer6541,Product20,1,20082,20082,3614.76,23696.760000000002
INV06542,2026-02-19,Customer6542,Product14,5,29071,145355,26163.9,171518.9
INV06543,2026-02-20,Customer6543,Product3,3,23175,69525,12514.5,82039.5
INV06544,2026-02-21,Customer6544,Product1,4,23090,92360,16624.8,108984.8
INV06545,2026-02-22,Customer6545,Product15,2,36392,72784,13101.12,85885.12
INV06546,2026-02-23,Customer6546,Product14,2,36968,73936,13308.48,87244.48
INV06547,2026-02-24,Customer6547,Product13,1,20152,20152,3627.36,23779.36
INV06548,2026-02-25,Customer6548,Product2,5,5920,29600,5328.0,34928.0
INV06549,2026-02-26,Customer6549,Product10,2,41370,82740,14893.2,97633.2
INV06550,2026-02-27,Customer6550,Product6,2,15896,31792,5722.56,37514.56
INV06551,2026-02-28,Customer6551,Product15,5,42557,212785,38301.3,251086.3
INV06552,2026-02-01,Customer6552,Product19,4,2083,8332,1499.76,9831.76
INV06553,2026-02-02,Customer6553,Product18,5,8204,41020,7383.6,48403.6
INV06554,2026-02-03,Customer6554,Product17,1,18860,18860,3394.8,22254.8
INV06555,2026-02-04,Customer6555,Product10,1,5309,5309,955.62,6264.62
INV06556,2026-02-05,Customer6556,Product20,4,35616,142464,25643.52,168107.52
INV06557,2026-02-06,Customer6557,Product7,4,21767,87068,15672.24,102740.24
INV06558,2026-02-07,Customer6558,Product19,4,49722,198888,35799.84,234687.84
INV06559,2026-02-08,Customer6559,Product11,2,39350,78700,14166.0,92866.0
INV06560,2026-02-09,Customer6560,Product9,5,25111,125555,22599.9,148154.9
INV06561,2026-02-10,Customer6561,Product2,2,22855,45710,8227.8,53937.8
INV06562,2026-02-11,Customer6562,Product14,4,8002,32008,5761.44,37769.44
INV06563,2026-02-12,Customer6563,Product11,1,24051,24051,4329.18,28380.18
INV06564,2026-02-13,Customer6564,Product11,3,49034,147102,26478.36,173580.36
INV06565,2026-02-14,Customer6565,Product17,5,10186,50930,9167.4,60097.4
INV06566,2026-02-15,Customer6566,Product8,4,48705,194820,35067.6,229887.6
INV06567,2026-02-16,Customer6567,Product14,3,34531,103593,18646.74,122239.74
INV06568,2026-02-17,Customer6568,Product10,5,22638,113190,20374.2,133564.2
INV06569,2026-02-18,Customer6569,Product20,3,23056,69168,12450.24,81618.24
INV06570,2026-02-19,Customer6570,Product13,2,21482,42964,7733.52,50697.520000000004
INV06571,2026-02-20,Customer6571,Product18,1,5194,5194,934.92,6128.92
INV06572,2026-02-21,Customer6572,Product3,4,36481,145924,26266.32,172190.32
INV06573,2026-02-22,Customer6573,Product18,1,21612,21612,3890.16,25502.16
INV06574,2026-02-23,Customer6574,Product16,3,16829,50487,9087.66,59574.66
INV06575,2026-02-24,Customer6575,Product10,1,35880,35880,6458.4,42338.4
INV06576,2026-02-25,Customer6576,Product20,5,11470,57350,10323.0,67673.0
INV06577,2026-02-26,Customer6577,Product13,1,12390,12390,2230.2,14620.2
INV06578,2026-02-27,Customer6578,Product7,4,6615,26460,4762.8,31222.8
INV06579,2026-02-28,Customer6579,Product19,4,856,3424,616.32,4040.32
INV06580,2026-02-01,Customer6580,Product16,3,12992,38976,7015.68,45991.68
INV06581,2026-02-02,Customer6581,Product5,1,7464,7464,1343.52,8807.52
INV06582,2026-02-03,Customer6582,Product14,3,38804,116412,20954.16,137366.16
INV06583,2026-02-04,Customer6583,Product8,2,3436,6872,1236.96,8108.96
INV06584,2026-02-05,Customer6584,Product15,2,22730,45460,8182.8,53642.8
INV06585,2026-02-06,Customer6585,Product10,2,7403,14806,2665.08,17471.08
INV06586,2026-02-07,Customer6586,Product4,5,10960,54800,9864.0,64664.0
INV06587,2026-02-08,Customer6587,Product3,5,5747,28735,5172.3,33907.3
INV06588,2026-02-09,Customer6588,Product12,4,4036,16144,2905.92,19049.92
INV06589,2026-02-10,Customer6589,Product6,2,9060,18120,3261.6,21381.6
INV06590,2026-02-11,Customer6590,Product4,3,2020,6060,1090.8,7150.8
INV06591,2026-02-12,Customer6591,Product18,4,25709,102836,18510.48,121346.48
INV06592,2026-02-13,Customer6592,Product17,2,34598,69196,12455.28,81651.28
INV06593,2026-02-14,Customer6593,Product7,3,1886,5658,1018.44,6676.4400000000005
INV06594,2026-02-15,Customer6594,Product3,2,30974,61948,11150.64,73098.64
INV06595,2026-02-16,Customer6595,Product9,1,6919,6919,1245.42,8164.42
INV06596,2026-02-17,Customer6596,Product2,3,36308,108924,19606.32,128530.32
INV06597,2026-02-18,Customer6597,Product16,5,18401,92005,16560.9,108565.9
INV06598,2026-02-19,Customer6598,Product16,4,30485,121940,21949.2,143889.2
INV06599,2026-02-20,Customer6599,Product1,4,23793,95172,17130.96,112302.95999999999
INV06600,2026-02-21,Customer6600,Product3,3,20611,61833,11129.94,72962.94
INV06601,2026-02-22,Customer6601,Product1,5,25853,129265,23267.7,152532.7
INV06602,2026-02-23,Customer6602,Product18,1,43615,43615,7850.7,51465.7
INV06603,2026-02-24,Customer6603,Product11,3,1756,5268,948.24,6216.24
INV06604,2026-02-25,Customer6604,Product15,1,28690,28690,5164.2,33854.2
INV06605,2026-02-26,Customer6605,Product13,4,12347,49388,8889.84,58277.84
INV06606,2026-02-27,Customer6606,Product17,2,19186,38372,6906.96,45278.96
INV06607,2026-02-28,Customer6607,Product2,4,33413,133652,24057.36,157709.36
INV06608,2026-02-01,Customer6608,Product9,2,30363,60726,10930.68,71656.68
INV06609,2026-02-02,Customer6609,Product4,2,30373,60746,10934.28,71680.28
INV06610,2026-02-03,Customer6610,Product9,3,4219,12657,2278.26,14935.26
INV06611,2026-02-04,Customer6611,Product4,1,7715,7715,1388.7,9103.7
INV06612,2026-02-05,Customer6612,Product15,2,30254,60508,10891.44,71399.44
INV06613,2026-02-06,Customer6613,Product3,2,29546,59092,10636.56,69728.56
INV06614,2026-02-07,Customer6614,Product11,2,34415,68830,12389.4,81219.4
INV06615,2026-02-08,Customer6615,Product4,3,19895,59685,10743.3,70428.3
INV06616,2026-02-09,Customer6616,Product17,2,26763,53526,9634.68,63160.68
INV06617,2026-02-10,Customer6617,Product2,2,41532,83064,14951.52,98015.52
INV06618,2026-02-11,Customer6618,Product5,2,14697,29394,5290.92,34684.92
INV06619,2026-02-12,Customer6619,Product11,1,22252,22252,4005.36,26257.36
INV06620,2026-02-13,Customer6620,Product2,4,40279,161116,29000.88,190116.88
INV06621,2026-02-14,Customer6621,Product18,5,3423,17115,3080.7,20195.7
INV06622,2026-02-15,Customer6622,Product11,3,12127,36381,6548.58,42929.58
INV06623,2026-02-16,Customer6623,Product14,5,45066,225330,40559.4,265889.4
INV06624,2026-02-17,Customer6624,Product17,3,7163,21489,3868.02,25357.02
INV06625,2026-02-18,Customer6625,Product15,3,29508,88524,15934.32,104458.32
INV06626,2026-02-19,Customer6626,Product11,2,5155,10310,1855.8,12165.8
INV06627,2026-02-20,Customer6627,Product19,2,24036,48072,8652.96,56724.96
INV06628,2026-02-21,Customer6628,Product16,1,46099,46099,8297.82,54396.82
INV06629,2026-02-22,Customer6629,Product3,3,20518,61554,11079.72,72633.72
INV06630,2026-02-23,Customer6630,Product4,4,14519,58076,10453.68,68529.68
INV06631,2026-02-24,Customer6631,Product18,5,12682,63410,11413.8,74823.8
INV06632,2026-02-25,Customer6632,Product14,5,1521,7605,1368.9,8973.9
INV06633,2026-02-26,Customer6633,Product15,2,43012,86024,15484.32,101508.32
INV06634,2026-02-27,Customer6634,Product15,1,2051,2051,369.18,2420.18
INV06635,2026-02-28,Customer6635,Product4,1,21661,21661,3898.98,25559.98
INV06636,2026-02-01,Customer6636,Product12,5,1596,7980,1436.4,9416.4
INV06637,2026-02-02,Customer6637,Product18,2,28328,56656,10198.08,66854.08
INV06638,2026-02-03,Customer6638,Product15,5,31647,158235,28482.3,186717.3
INV06639,2026-02-04,Customer6639,Product10,4,24682,98728,17771.04,116499.04000000001
INV06640,2026-02-05,Customer6640,Product13,3,16488,49464,8903.52,58367.520000000004
INV06641,2026-02-06,Customer6641,Product17,3,38725,116175,20911.5,137086.5
INV06642,2026-02-07,Customer6642,Product18,4,2991,11964,2153.52,14117.52
INV06643,2026-02-08,Customer6643,Product2,2,20856,41712,7508.16,49220.16
INV06644,2026-02-09,Customer6644,Product12,4,11184,44736,8052.48,52788.479999999996
INV06645,2026-02-10,Customer6645,Product17,5,20364,101820,18327.6,120147.6
INV06646,2026-02-11,Customer6646,Product18,4,22657,90628,16313.04,106941.04000000001
INV06647,2026-02-12,Customer6647,Product20,1,14662,14662,2639.16,17301.16
INV06648,2026-02-13,Customer6648,Product17,4,48386,193544,34837.92,228381.91999999998
INV06649,2026-02-14,Customer6649,Product15,1,19227,19227,3460.86,22687.86
INV06650,2026-02-15,Customer6650,Product10,5,43688,218440,39319.2,257759.2
INV06651,2026-02-16,Customer6651,Product16,1,13094,13094,2356.92,15450.92
INV06652,2026-02-17,Customer6652,Product15,3,24376,73128,13163.04,86291.04000000001
INV06653,2026-02-18,Customer6653,Product13,3,12289,36867,6636.06,43503.06
INV06654,2026-02-19,Customer6654,Product16,5,32076,160380,28868.4,189248.4
INV06655,2026-02-20,Customer6655,Product11,3,47617,142851,25713.18,168564.18
INV06656,2026-02-21,Customer6656,Product14,4,22440,89760,16156.8,105916.8
INV06657,2026-02-22,Customer6657,Product9,3,15658,46974,8455.32,55429.32
INV06658,2026-02-23,Customer6658,Product12,3,13175,39525,7114.5,46639.5
INV06659,2026-02-24,Customer6659,Product10,1,15371,15371,2766.78,18137.78
INV06660,2026-02-25,Customer6660,Product16,3,13853,41559,7480.62,49039.62
INV06661,2026-02-26,Customer6661,Product9,3,43891,131673,23701.14,155374.14
INV06662,2026-02-27,Customer6662,Product7,2,21886,43772,7878.96,51650.96
INV06663,2026-02-28,Customer6663,Product13,2,20042,40084,7215.12,47299.12
INV06664,2026-02-01,Customer6664,Product19,3,12253,36759,6616.62,43375.62
INV06665,2026-02-02,Customer6665,Product11,2,42541,85082,15314.76,100396.76
INV06666,2026-02-03,Customer6666,Product10,1,39938,39938,7188.84,47126.84
INV06667,2026-02-04,Customer6667,Product8,3,23914,71742,12913.56,84655.56
INV06668,2026-02-05,Customer6668,Product16,4,28095,112380,20228.4,132608.4
INV06669,2026-02-06,Customer6669,Product2,1,30220,30220,5439.6,35659.6
INV06670,2026-02-07,Customer6670,Product3,1,11029,11029,1985.22,13014.22
INV06671,2026-02-08,Customer6671,Product19,1,9960,9960,1792.8,11752.8
INV06672,2026-02-09,Customer6672,Product9,3,11441,34323,6178.14,40501.14
INV06673,2026-02-10,Customer6673,Product12,5,20523,102615,18470.7,121085.7
INV06674,2026-02-11,Customer6674,Product1,4,43707,174828,31469.04,206297.04
INV06675,2026-02-12,Customer6675,Product16,3,28922,86766,15617.88,102383.88
INV06676,2026-02-13,Customer6676,Product20,3,4699,14097,2537.46,16634.46
INV06677,2026-02-14,Customer6677,Product14,3,15228,45684,8223.12,53907.12
INV06678,2026-02-15,Customer6678,Product12,2,17543,35086,6315.48,41401.479999999996
INV06679,2026-02-16,Customer6679,Product9,5,33569,167845,30212.1,198057.1
INV06680,2026-02-17,Customer6680,Product9,3,28031,84093,15136.74,99229.74
INV06681,2026-02-18,Customer6681,Product11,3,16553,49659,8938.62,58597.62
INV06682,2026-02-19,Customer6682,Product13,1,30571,30571,5502.78,36073.78
INV06683,2026-02-20,Customer6683,Product19,5,9030,45150,8127.0,53277.0
INV06684,2026-02-21,Customer6684,Product4,2,40582,81164,14609.52,95773.52
INV06685,2026-02-22,Customer6685,Product10,3,47462,142386,25629.48,168015.48
INV06686,2026-02-23,Customer6686,Product11,2,45210,90420,16275.6,106695.6
INV06687,2026-02-24,Customer6687,Product10,2,6848,13696,2465.28,16161.28
INV06688,2026-02-25,Customer6688,Product10,2,27184,54368,9786.24,64154.24
INV06689,2026-02-26,Customer6689,Product15,2,48033,96066,17291.88,113357.88
INV06690,2026-02-27,Customer6690,Product5,2,16856,33712,6068.16,39780.16
INV06691,2026-02-28,Customer6691,Product6,3,20221,60663,10919.34,71582.34
INV06692,2026-02-01,Customer6692,Product13,1,42550,42550,7659.0,50209.0
INV06693,2026-02-02,Customer6693,Product9,5,18209,91045,16388.1,107433.1
INV06694,2026-02-03,Customer6694,Product3,5,46213,231065,41591.7,272656.7
INV06695,2026-02-04,Customer6695,Product5,2,33896,67792,12202.56,79994.56
INV06696,2026-02-05,Customer6696,Product10,2,45967,91934,16548.12,108482.12
INV06697,2026-02-06,Customer6697,Product18,1,32330,32330,5819.4,38149.4
INV06698,2026-02-07,Customer6698,Product13,2,23821,47642,8575.56,56217.56
INV06699,2026-02-08,Customer6699,Product12,3,25287,75861,13654.98,89515.98
INV06700,2026-02-09,Customer6700,Product10,4,14002,56008,10081.44,66089.44
INV06701,2026-02-10,Customer6701,Product3,5,2885,14425,2596.5,17021.5
INV06702,2026-02-11,Customer6702,Product6,3,27531,82593,14866.74,97459.74
INV06703,2026-02-12,Customer6703,Product16,5,33631,168155,30267.9,198422.9
INV06704,2026-02-13,Customer6704,Product10,2,33010,66020,11883.6,77903.6
INV06705,2026-02-14,Customer6705,Product1,4,15167,60668,10920.24,71588.24
INV06706,2026-02-15,Customer6706,Product11,3,18934,56802,10224.36,67026.36
INV06707,2026-02-16,Customer6707,Product5,5,10648,53240,9583.2,62823.2
INV06708,2026-02-17,Customer6708,Product14,1,44479,44479,8006.22,52485.22
INV06709,2026-02-18,Customer6709,Product11,4,34610,138440,24919.2,163359.2
INV06710,2026-02-19,Customer6710,Product15,2,19446,38892,7000.56,45892.56
INV06711,2026-02-20,Customer6711,Product13,1,30632,30632,5513.76,36145.76
INV06712,2026-02-21,Customer6712,Product1,3,25755,77265,13907.7,91172.7
INV06713,2026-02-22,Customer6713,Product4,5,13782,68910,12403.8,81313.8
INV06714,2026-02-23,Customer6714,Product20,3,24228,72684,13083.12,85767.12
INV06715,2026-02-24,Customer6715,Product19,3,14041,42123,7582.14,49705.14
INV06716,2026-02-25,Customer6716,Product13,2,21408,42816,7706.88,50522.88
INV06717,2026-02-26,Customer6717,Product12,2,21972,43944,7909.92,51853.92
INV06718,2026-02-27,Customer6718,Product3,1,34372,34372,6186.96,40558.96
INV06719,2026-02-28,Customer6719,Product8,4,17419,69676,12541.68,82217.68
INV06720,2026-02-01,Customer6720,Product10,1,44088,44088,7935.84,52023.84
INV06721,2026-02-02,Customer6721,Product5,5,43899,219495,39509.1,259004.1
INV06722,2026-02-03,Customer6722,Product1,2,10985,21970,3954.6,25924.6
INV06723,2026-02-04,Customer6723,Product13,1,14447,14447,2600.46,17047.46
INV06724,2026-02-05,Customer6724,Product3,1,25027,25027,4504.86,29531.86
INV06725,2026-02-06,Customer6725,Product3,1,24338,24338,4380.84,28718.84
INV06726,2026-02-07,Customer6726,Product17,5,46285,231425,41656.5,273081.5
INV06727,2026-02-08,Customer6727,Product7,5,9246,46230,8321.4,54551.4
INV06728,2026-02-09,Customer6728,Product9,5,2929,14645,2636.1,17281.1
INV06729,2026-02-10,Customer6729,Product9,2,5899,11798,2123.64,13921.64
INV06730,2026-02-11,Customer6730,Product12,2,41037,82074,14773.32,96847.32
INV06731,2026-02-12,Customer6731,Product12,5,34454,172270,31008.6,203278.6
INV06732,2026-02-13,Customer6732,Product14,2,7672,15344,2761.92,18105.92
INV06733,2026-02-14,Customer6733,Product5,1,42890,42890,7720.2,50610.2
INV06734,2026-02-15,Customer6734,Product7,3,36604,109812,19766.16,129578.16
INV06735,2026-02-16,Customer6735,Product19,2,18116,36232,6521.76,42753.76
INV06736,2026-02-17,Customer6736,Product12,4,7077,28308,5095.44,33403.44
INV06737,2026-02-18,Customer6737,Product12,3,37527,112581,20264.58,132845.58000000002
INV06738,2026-02-19,Customer6738,Product8,3,9688,29064,5231.52,34295.520000000004
INV06739,2026-02-20,Customer6739,Product11,4,12622,50488,9087.84,59575.84
INV06740,2026-02-21,Customer6740,Product3,3,15323,45969,8274.42,54243.42
INV06741,2026-02-22,Customer6741,Product5,2,29132,58264,10487.52,68751.52
INV06742,2026-02-23,Customer6742,Product4,1,31898,31898,5741.64,37639.64
INV06743,2026-02-24,Customer6743,Product8,5,38135,190675,34321.5,224996.5
INV06744,2026-02-25,Customer6744,Product9,1,36663,36663,6599.34,43262.34
INV06745,2026-02-26,Customer6745,Product16,4,42711,170844,30751.92,201595.91999999998
INV06746,2026-02-27,Customer6746,Product9,5,43639,218195,39275.1,257470.1
INV06747,2026-02-28,Customer6747,Product1,1,24776,24776,4459.68,29235.68
INV06748,2026-02-01,Customer6748,Product5,4,9492,37968,6834.24,44802.24
INV06749,2026-02-02,Customer6749,Product16,2,24212,48424,8716.32,57140.32
INV06750,2026-02-03,Customer6750,Product13,1,6323,6323,1138.14,7461.14
INV06751,2026-02-04,Customer6751,Product11,3,7512,22536,4056.48,26592.48
INV06752,2026-02-05,Customer6752,Product19,3,2673,8019,1443.42,9462.42
INV06753,2026-02-06,Customer6753,Product19,2,7682,15364,2765.52,18129.52
INV06754,2026-02-07,Customer6754,Product19,4,3969,15876,2857.68,18733.68
INV06755,2026-02-08,Customer6755,Product14,5,25894,129470,23304.6,152774.6
INV06756,2026-02-09,Customer6756,Product9,3,36765,110295,19853.1,130148.1
INV06757,2026-02-10,Customer6757,Product3,1,23501,23501,4230.18,27731.18
INV06758,2026-02-11,Customer6758,Product4,4,9624,38496,6929.28,45425.28
INV06759,2026-02-12,Customer6759,Product1,4,6476,25904,4662.72,30566.72
INV06760,2026-02-13,Customer6760,Product11,5,13484,67420,12135.6,79555.6
INV06761,2026-02-14,Customer6761,Product7,3,24163,72489,13048.02,85537.02
INV06762,2026-02-15,Customer6762,Product17,4,39713,158852,28593.36,187445.36
INV06763,2026-02-16,Customer6763,Product5,4,15595,62380,11228.4,73608.4
INV06764,2026-02-17,Customer6764,Product13,3,25096,75288,13551.84,88839.84
INV06765,2026-02-18,Customer6765,Product14,4,30548,122192,21994.56,144186.56
INV06766,2026-02-19,Customer6766,Product17,1,22377,22377,4027.86,26404.86
INV06767,2026-02-20,Customer6767,Product5,1,5420,5420,975.6,6395.6
INV06768,2026-02-21,Customer6768,Product12,4,13172,52688,9483.84,62171.84
INV06769,2026-02-22,Customer6769,Product3,5,32714,163570,29442.6,193012.6
INV06770,2026-02-23,Customer6770,Product17,5,21599,107995,19439.1,127434.1
INV06771,2026-02-24,Customer6771,Product3,3,42991,128973,23215.14,152188.14
INV06772,2026-02-25,Customer6772,Product4,3,31466,94398,16991.64,111389.64
INV06773,2026-02-26,Customer6773,Product8,1,10936,10936,1968.48,12904.48
INV06774,2026-02-27,Customer6774,Product10,5,5410,27050,4869.0,31919.0
INV06775,2026-02-28,Customer6775,Product7,5,21323,106615,19190.7,125805.7
INV06776,2026-02-01,Customer6776,Product18,5,4406,22030,3965.4,25995.4
INV06777,2026-02-02,Customer6777,Product19,3,24273,72819,13107.42,85926.42
INV06778,2026-02-03,Customer6778,Product16,2,34201,68402,12312.36,80714.36
INV06779,2026-02-04,Customer6779,Product11,1,8290,8290,1492.2,9782.2
INV06780,2026-02-05,Customer6780,Product14,5,18859,94295,16973.1,111268.1
INV06781,2026-02-06,Customer6781,Product13,5,785,3925,706.5,4631.5
INV06782,2026-02-07,Customer6782,Product19,4,13101,52404,9432.72,61836.72
INV06783,2026-02-08,Customer6783,Product7,5,39906,199530,35915.4,235445.4
INV06784,2026-02-09,Customer6784,Product20,4,35885,143540,25837.2,169377.2
INV06785,2026-02-10,Customer6785,Product19,1,46706,46706,8407.08,55113.08
INV06786,2026-02-11,Customer6786,Product18,4,4693,18772,3378.96,22150.96
INV06787,2026-02-12,Customer6787,Product12,5,44639,223195,40175.1,263370.1
INV06788,2026-02-13,Customer6788,Product12,2,44800,89600,16128.0,105728.0
INV06789,2026-02-14,Customer6789,Product8,2,9884,19768,3558.24,23326.239999999998
INV06790,2026-02-15,Customer6790,Product2,4,38886,155544,27997.92,183541.91999999998
INV06791,2026-02-16,Customer6791,Product5,4,14494,57976,10435.68,68411.68
INV06792,2026-02-17,Customer6792,Product11,1,3726,3726,670.68,4396.68
INV06793,2026-02-18,Customer6793,Product7,1,1187,1187,213.66,1400.66
INV06794,2026-02-19,Customer6794,Product9,3,26572,79716,14348.88,94064.88
INV06795,2026-02-20,Customer6795,Product13,3,6894,20682,3722.76,24404.760000000002
INV06796,2026-02-21,Customer6796,Product16,2,3699,7398,1331.64,8729.64
INV06797,2026-02-22,Customer6797,Product16,3,13075,39225,7060.5,46285.5
INV06798,2026-02-23,Customer6798,Product13,5,28662,143310,25795.8,169105.8
INV06799,2026-02-24,Customer6799,Product16,3,9938,29814,5366.52,35180.520000000004
INV06800,2026-02-25,Customer6800,Product9,1,7981,7981,1436.58,9417.58
INV06801,2026-02-26,Customer6801,Product2,5,24638,123190,22174.2,145364.2
INV06802,2026-02-27,Customer6802,Product15,3,28977,86931,15647.58,102578.58
INV06803,2026-02-28,Customer6803,Product6,4,45469,181876,32737.68,214613.68
INV06804,2026-02-01,Customer6804,Product9,5,11420,57100,10278.0,67378.0
INV06805,2026-02-02,Customer6805,Product5,5,41727,208635,37554.3,246189.3
INV06806,2026-02-03,Customer6806,Product15,4,17067,68268,12288.24,80556.24
INV06807,2026-02-04,Customer6807,Product15,5,41097,205485,36987.3,242472.3
INV06808,2026-02-05,Customer6808,Product15,4,44190,176760,31816.8,208576.8
INV06809,2026-02-06,Customer6809,Product14,5,32951,164755,29655.9,194410.9
INV06810,2026-02-07,Customer6810,Product7,1,5527,5527,994.86,6521.86
INV06811,2026-02-08,Customer6811,Product15,3,38956,116868,21036.24,137904.24
INV06812,2026-02-09,Customer6812,Product14,4,19411,77644,13975.92,91619.92
INV06813,2026-02-10,Customer6813,Product15,2,32534,65068,11712.24,76780.24
INV06814,2026-02-11,Customer6814,Product14,1,41631,41631,7493.58,49124.58
INV06815,2026-02-12,Customer6815,Product2,1,19706,19706,3547.08,23253.08
INV06816,2026-02-13,Customer6816,Product17,2,13574,27148,4886.64,32034.64
INV06817,2026-02-14,Customer6817,Product20,1,6286,6286,1131.48,7417.48
INV06818,2026-02-15,Customer6818,Product7,4,42415,169660,30538.8,200198.8
INV06819,2026-02-16,Customer6819,Product18,5,28372,141860,25534.8,167394.8
INV06820,2026-02-17,Customer6820,Product12,5,44208,221040,39787.2,260827.2
INV06821,2026-02-18,Customer6821,Product7,2,35809,71618,12891.24,84509.24
INV06822,2026-02-19,Customer6822,Product18,2,14381,28762,5177.16,33939.16
INV06823,2026-02-20,Customer6823,Product2,5,543,2715,488.7,3203.7
INV06824,2026-02-21,Customer6824,Product3,2,12429,24858,4474.44,29332.44
INV06825,2026-02-22,Customer6825,Product4,3,39888,119664,21539.52,141203.52
INV06826,2026-02-23,Customer6826,Product1,1,21155,21155,3807.9,24962.9
INV06827,2026-02-24,Customer6827,Product9,2,4604,9208,1657.44,10865.44
INV06828,2026-02-25,Customer6828,Product5,5,44605,223025,40144.5,263169.5
INV06829,2026-02-26,Customer6829,Product12,1,41149,41149,7406.82,48555.82
INV06830,2026-02-27,Customer6830,Product7,4,24120,96480,17366.4,113846.4
INV06831,2026-02-28,Customer6831,Product15,2,16298,32596,5867.28,38463.28
INV06832,2026-02-01,Customer6832,Product15,3,36548,109644,19735.92,129379.92
INV06833,2026-02-02,Customer6833,Product1,4,44646,178584,32145.12,210729.12
INV06834,2026-02-03,Customer6834,Product15,4,12908,51632,9293.76,60925.76
INV06835,2026-02-04,Customer6835,Product2,5,49826,249130,44843.4,293973.4
INV06836,2026-02-05,Customer6836,Product19,3,36044,108132,19463.76,127595.76
INV06837,2026-02-06,Customer6837,Product9,2,43708,87416,15734.88,103150.88
INV06838,2026-02-07,Customer6838,Product15,3,49946,149838,26970.84,176808.84
INV06839,2026-02-08,Customer6839,Product17,4,25506,102024,18364.32,120388.32
INV06840,2026-02-09,Customer6840,Product1,5,23827,119135,21444.3,140579.3
INV06841,2026-02-10,Customer6841,Product6,5,7037,35185,6333.3,41518.3
INV06842,2026-02-11,Customer6842,Product15,2,2296,4592,826.56,5418.5599999999995
INV06843,2026-02-12,Customer6843,Product13,5,43944,219720,39549.6,259269.6
INV06844,2026-02-13,Customer6844,Product2,4,2340,9360,1684.8,11044.8
INV06845,2026-02-14,Customer6845,Product17,4,10659,42636,7674.48,50310.479999999996
INV06846,2026-02-15,Customer6846,Product20,5,5752,28760,5176.8,33936.8
INV06847,2026-02-16,Customer6847,Product9,3,22510,67530,12155.4,79685.4
INV06848,2026-02-17,Customer6848,Product20,1,34498,34498,6209.64,40707.64
INV06849,2026-02-18,Customer6849,Product11,1,31756,31756,5716.08,37472.08
INV06850,2026-02-19,Customer6850,Product1,2,33124,66248,11924.64,78172.64
INV06851,2026-02-20,Customer6851,Product5,5,36062,180310,32455.8,212765.8
INV06852,2026-02-21,Customer6852,Product8,1,16459,16459,2962.62,19421.62
INV06853,2026-02-22,Customer6853,Product1,4,40729,162916,29324.88,192240.88
INV06854,2026-02-23,Customer6854,Product18,2,7436,14872,2676.96,17548.96
INV06855,2026-02-24,Customer6855,Product7,5,6536,32680,5882.4,38562.4
INV06856,2026-02-25,Customer6856,Product3,2,34464,68928,12407.04,81335.04000000001
INV06857,2026-02-26,Customer6857,Product8,2,36916,73832,13289.76,87121.76
INV06858,2026-02-27,Customer6858,Product9,3,13328,39984,7197.12,47181.12
INV06859,2026-02-28,Customer6859,Product7,5,45234,226170,40710.6,266880.6
INV06860,2026-02-01,Customer6860,Product17,2,31345,62690,11284.2,73974.2
INV06861,2026-02-02,Customer6861,Product19,2,15596,31192,5614.56,36806.56
INV06862,2026-02-03,Customer6862,Product13,5,35911,179555,32319.9,211874.9
INV06863,2026-02-04,Customer6863,Product3,1,2464,2464,443.52,2907.52
INV06864,2026-02-05,Customer6864,Product1,5,38270,191350,34443.0,225793.0
INV06865,2026-02-06,Customer6865,Product18,3,49141,147423,26536.14,173959.14
INV06866,2026-02-07,Customer6866,Product12,1,42756,42756,7696.08,50452.08
INV06867,2026-02-08,Customer6867,Product17,4,49712,198848,35792.64,234640.64
INV06868,2026-02-09,Customer6868,Product14,5,25212,126060,22690.8,148750.8
INV06869,2026-02-10,Customer6869,Product6,2,24281,48562,8741.16,57303.16
INV06870,2026-02-11,Customer6870,Product13,1,14303,14303,2574.54,16877.54
INV06871,2026-02-12,Customer6871,Product4,4,40791,163164,29369.52,192533.52
INV06872,2026-02-13,Customer6872,Product12,2,28813,57626,10372.68,67998.68
INV06873,2026-02-14,Customer6873,Product6,3,13700,41100,7398.0,48498.0
INV06874,2026-02-15,Customer6874,Product17,2,44598,89196,16055.28,105251.28
INV06875,2026-02-16,Customer6875,Product12,5,16599,82995,14939.1,97934.1
INV06876,2026-02-17,Customer6876,Product2,3,30177,90531,16295.58,106826.58
INV06877,2026-02-18,Customer6877,Product19,1,32306,32306,5815.08,38121.08
INV06878,2026-02-19,Customer6878,Product4,5,32814,164070,29532.6,193602.6
INV06879,2026-02-20,Customer6879,Product8,1,25714,25714,4628.52,30342.52
INV06880,2026-02-21,Customer6880,Product12,2,26552,53104,9558.72,62662.72
INV06881,2026-02-22,Customer6881,Product16,5,33753,168765,30377.7,199142.7
INV06882,2026-02-23,Customer6882,Product4,5,20575,102875,18517.5,121392.5
INV06883,2026-02-24,Customer6883,Product2,1,49911,49911,8983.98,58894.979999999996
INV06884,2026-02-25,Customer6884,Product6,5,41292,206460,37162.8,243622.8
INV06885,2026-02-26,Customer6885,Product2,4,38220,152880,27518.4,180398.4
INV06886,2026-02-27,Customer6886,Product10,5,18318,91590,16486.2,108076.2
INV06887,2026-02-28,Customer6887,Product1,4,35344,141376,25447.68,166823.68
INV06888,2026-02-01,Customer6888,Product18,5,43595,217975,39235.5,257210.5
INV06889,2026-02-02,Customer6889,Product7,3,12786,38358,6904.44,45262.44
INV06890,2026-02-03,Customer6890,Product13,4,18993,75972,13674.96,89646.95999999999
INV06891,2026-02-04,Customer6891,Product13,2,4296,8592,1546.56,10138.56
INV06892,2026-02-05,Customer6892,Product15,3,20104,60312,10856.16,71168.16
INV06893,2026-02-06,Customer6893,Product7,3,13756,41268,7428.24,48696.24
INV06894,2026-02-07,Customer6894,Product13,2,21819,43638,7854.84,51492.84
INV06895,2026-02-08,Customer6895,Product19,1,44987,44987,8097.66,53084.66
INV06896,2026-02-09,Customer6896,Product6,3,5420,16260,2926.8,19186.8
INV06897,2026-02-10,Customer6897,Product8,5,20245,101225,18220.5,119445.5
INV06898,2026-02-11,Customer6898,Product19,4,7981,31924,5746.32,37670.32
INV06899,2026-02-12,Customer6899,Product15,2,31420,62840,11311.2,74151.2
INV06900,2026-02-13,Customer6900,Product1,5,35095,175475,31585.5,207060.5
INV06901,2026-02-14,Customer6901,Product3,4,34150,136600,24588.0,161188.0
INV06902,2026-02-15,Customer6902,Product14,5,40411,202055,36369.9,238424.9
INV06903,2026-02-16,Customer6903,Product10,4,49730,198920,35805.6,234725.6
INV06904,2026-02-17,Customer6904,Product12,2,32760,65520,11793.6,77313.6
INV06905,2026-02-18,Customer6905,Product5,3,8704,26112,4700.16,30812.16
INV06906,2026-02-19,Customer6906,Product14,3,46863,140589,25306.02,165895.02
INV06907,2026-02-20,Customer6907,Product13,1,38541,38541,6937.38,45478.38
INV06908,2026-02-21,Customer6908,Product5,2,46659,93318,16797.24,110115.24
INV06909,2026-02-22,Customer6909,Product8,2,40597,81194,14614.92,95808.92
INV06910,2026-02-23,Customer6910,Product14,1,29097,29097,5237.46,34334.46
INV06911,2026-02-24,Customer6911,Product20,4,10319,41276,7429.68,48705.68
INV06912,2026-02-25,Customer6912,Product16,1,13032,13032,2345.76,15377.76
INV06913,2026-02-26,Customer6913,Product6,1,2923,2923,526.14,3449.14
INV06914,2026-02-27,Customer6914,Product20,4,27799,111196,20015.28,131211.28
INV06915,2026-02-28,Customer6915,Product16,1,30306,30306,5455.08,35761.08
INV06916,2026-02-01,Customer6916,Product17,1,14787,14787,2661.66,17448.66
INV06917,2026-02-02,Customer6917,Product10,5,5938,29690,5344.2,35034.2
INV06918,2026-02-03,Customer6918,Product12,1,48166,48166,8669.88,56835.88
INV06919,2026-02-04,Customer6919,Product4,3,44880,134640,24235.2,158875.2
INV06920,2026-02-05,Customer6920,Product14,1,34409,34409,6193.62,40602.62
INV06921,2026-02-06,Customer6921,Product19,3,15836,47508,8551.44,56059.44
INV06922,2026-02-07,Customer6922,Product7,2,10070,20140,3625.2,23765.2
INV06923,2026-02-08,Customer6923,Product19,2,34833,69666,12539.88,82205.88
INV06924,2026-02-09,Customer6924,Product18,4,35457,141828,25529.04,167357.04
INV06925,2026-02-10,Customer6925,Product13,1,23739,23739,4273.02,28012.02
INV06926,2026-02-11,Customer6926,Product11,3,24093,72279,13010.22,85289.22
INV06927,2026-02-12,Customer6927,Product10,3,19385,58155,10467.9,68622.9
INV06928,2026-02-13,Customer6928,Product16,3,41978,125934,22668.12,148602.12
INV06929,2026-02-14,Customer6929,Product2,3,2887,8661,1558.98,10219.98
INV06930,2026-02-15,Customer6930,Product2,4,675,2700,486.0,3186.0
INV06931,2026-02-16,Customer6931,Product5,3,33574,100722,18129.96,118851.95999999999
INV06932,2026-02-17,Customer6932,Product19,1,29057,29057,5230.26,34287.26
INV06933,2026-02-18,Customer6933,Product16,4,32152,128608,23149.44,151757.44
INV06934,2026-02-19,Customer6934,Product14,2,47602,95204,17136.72,112340.72
INV06935,2026-02-20,Customer6935,Product4,2,18092,36184,6513.12,42697.12
INV06936,2026-02-21,Customer6936,Product11,4,6145,24580,4424.4,29004.4
INV06937,2026-02-22,Customer6937,Product6,5,1758,8790,1582.2,10372.2
INV06938,2026-02-23,Customer6938,Product3,4,44996,179984,32397.12,212381.12
INV06939,2026-02-24,Customer6939,Product18,5,8570,42850,7713.0,50563.0
INV06940,2026-02-25,Customer6940,Product19,5,45926,229630,41333.4,270963.4
INV06941,2026-02-26,Customer6941,Product14,1,1862,1862,335.16,2197.16
INV06942,2026-02-27,Customer6942,Product7,5,28791,143955,25911.9,169866.9
INV06943,2026-02-28,Customer6943,Product9,4,2282,9128,1643.04,10771.04
INV06944,2026-02-01,Customer6944,Product12,4,6223,24892,4480.56,29372.56
INV06945,2026-02-02,Customer6945,Product7,1,17151,17151,3087.18,20238.18
INV06946,2026-02-03,Customer6946,Product2,2,18936,37872,6816.96,44688.96
INV06947,2026-02-04,Customer6947,Product11,2,11813,23626,4252.68,27878.68
INV06948,2026-02-05,Customer6948,Product4,3,12220,36660,6598.8,43258.8
INV06949,2026-02-06,Customer6949,Product15,1,17444,17444,3139.92,20583.92
INV06950,2026-02-07,Customer6950,Product16,5,32966,164830,29669.4,194499.4
INV06951,2026-02-08,Customer6951,Product8,4,35941,143764,25877.52,169641.52
INV06952,2026-02-09,Customer6952,Product17,4,1567,6268,1128.24,7396.24
INV06953,2026-02-10,Customer6953,Product17,1,16337,16337,2940.66,19277.66
INV06954,2026-02-11,Customer6954,Product17,5,35338,176690,31804.2,208494.2
INV06955,2026-02-12,Customer6955,Product15,1,6403,6403,1152.54,7555.54
INV06956,2026-02-13,Customer6956,Product17,1,6894,6894,1240.92,8134.92
INV06957,2026-02-14,Customer6957,Product17,5,11338,56690,10204.2,66894.2
INV06958,2026-02-15,Customer6958,Product3,5,31854,159270,28668.6,187938.6
INV06959,2026-02-16,Customer6959,Product16,4,40579,162316,29216.88,191532.88
INV06960,2026-02-17,Customer6960,Product9,3,36024,108072,19452.96,127524.95999999999
INV06961,2026-02-18,Customer6961,Product12,1,26635,26635,4794.3,31429.3
INV06962,2026-02-19,Customer6962,Product8,4,37075,148300,26694.0,174994.0
INV06963,2026-02-20,Customer6963,Product2,1,46290,46290,8332.2,54622.2
INV06964,2026-02-21,Customer6964,Product8,4,42411,169644,30535.92,200179.91999999998
INV06965,2026-02-22,Customer6965,Product14,4,36411,145644,26215.92,171859.91999999998
INV06966,2026-02-23,Customer6966,Product8,1,9028,9028,1625.04,10653.04
INV06967,2026-02-24,Customer6967,Product9,4,48560,194240,34963.2,229203.2
INV06968,2026-02-25,Customer6968,Product11,5,45629,228145,41066.1,269211.1
INV06969,2026-02-26,Customer6969,Product3,1,25269,25269,4548.42,29817.42
INV06970,2026-02-27,Customer6970,Product18,2,10641,21282,3830.76,25112.760000000002
INV06971,2026-02-28,Customer6971,Product7,3,7223,21669,3900.42,25569.42
INV06972,2026-02-01,Customer6972,Product14,3,40459,121377,21847.86,143224.86
INV06973,2026-02-02,Customer6973,Product12,2,2301,4602,828.36,5430.36
INV06974,2026-02-03,Customer6974,Product19,4,45558,182232,32801.76,215033.76
INV06975,2026-02-04,Customer6975,Product20,3,7581,22743,4093.74,26836.739999999998
INV06976,2026-02-05,Customer6976,Product18,2,26355,52710,9487.8,62197.8
INV06977,2026-02-06,Customer6977,Product18,2,21219,42438,7638.84,50076.84
INV06978,2026-02-07,Customer6978,Product11,5,44428,222140,39985.2,262125.2
INV06979,2026-02-08,Customer6979,Product12,5,49846,249230,44861.4,294091.4
INV06980,2026-02-09,Customer6980,Product4,5,46192,230960,41572.8,272532.8
INV06981,2026-02-10,Customer6981,Product1,4,17215,68860,12394.8,81254.8
INV06982,2026-02-11,Customer6982,Product19,5,9998,49990,8998.2,58988.2
INV06983,2026-02-12,Customer6983,Product16,2,33635,67270,12108.6,79378.6
INV06984,2026-02-13,Customer6984,Product2,4,26960,107840,19411.2,127251.2
INV06985,2026-02-14,Customer6985,Product16,3,23017,69051,12429.18,81480.18
INV06986,2026-02-15,Customer6986,Product10,2,5897,11794,2122.92,13916.92
INV06987,2026-02-16,Customer6987,Product17,3,32664,97992,17638.56,115630.56
INV06988,2026-02-17,Customer6988,Product4,2,13134,26268,4728.24,30996.239999999998
INV06989,2026-02-18,Customer6989,Product8,4,11843,47372,8526.96,55898.96
INV06990,2026-02-19,Customer6990,Product16,3,28799,86397,15551.46,101948.45999999999
INV06991,2026-02-20,Customer6991,Product2,4,849,3396,611.28,4007.2799999999997
INV06992,2026-02-21,Customer6992,Product2,5,48113,240565,43301.7,283866.7
INV06993,2026-02-22,Customer6993,Product15,3,13829,41487,7467.66,48954.66
INV06994,2026-02-23,Customer6994,Product7,2,20441,40882,7358.76,48240.76
INV06995,2026-02-24,Customer6995,Product20,4,49122,196488,35367.84,231855.84
INV06996,2026-02-25,Customer6996,Product9,2,11288,22576,4063.68,26639.68
INV06997,2026-02-26,Customer6997,Product7,2,7063,14126,2542.68,16668.68
INV06998,2026-02-27,Customer6998,Product4,4,41437,165748,29834.64,195582.64
INV06999,2026-02-28,Customer6999,Product14,4,12351,49404,8892.72,58296.72
INV07000,2026-02-01,Customer7000,Product13,4,21643,86572,15582.96,102154.95999999999
INV07001,2026-02-02,Customer7001,Product13,3,25625,76875,13837.5,90712.5
INV07002,2026-02-03,Customer7002,Product5,2,41446,82892,14920.56,97812.56
INV07003,2026-02-04,Customer7003,Product3,3,27433,82299,14813.82,97112.82
INV07004,2026-02-05,Customer7004,Product20,1,8159,8159,1468.62,9627.619999999999
INV07005,2026-02-06,Customer7005,Product16,5,1721,8605,1548.9,10153.9
INV07006,2026-02-07,Customer7006,Product18,5,49131,245655,44217.9,289872.9
INV07007,2026-02-08,Customer7007,Product8,5,25054,125270,22548.6,147818.6
INV07008,2026-02-09,Customer7008,Product12,3,9016,27048,4868.64,31916.64
INV07009,2026-02-10,Customer7009,Product11,4,7793,31172,5610.96,36782.96
INV07010,2026-02-11,Customer7010,Product9,4,49238,196952,35451.36,232403.36
INV07011,2026-02-12,Customer7011,Product10,3,41564,124692,22444.56,147136.56
INV07012,2026-02-13,Customer7012,Product14,2,48779,97558,17560.44,115118.44
INV07013,2026-02-14,Customer7013,Product20,1,12079,12079,2174.22,14253.22
INV07014,2026-02-15,Customer7014,Product6,4,5889,23556,4240.08,27796.08
INV07015,2026-02-16,Customer7015,Product8,1,35244,35244,6343.92,41587.92
INV07016,2026-02-17,Customer7016,Product10,3,26829,80487,14487.66,94974.66
INV07017,2026-02-18,Customer7017,Product17,3,9295,27885,5019.3,32904.3
INV07018,2026-02-19,Customer7018,Product3,3,29023,87069,15672.42,102741.42
INV07019,2026-02-20,Customer7019,Product2,4,3414,13656,2458.08,16114.08
INV07020,2026-02-21,Customer7020,Product1,1,30595,30595,5507.1,36102.1
INV07021,2026-02-22,Customer7021,Product13,3,23049,69147,12446.46,81593.45999999999
INV07022,2026-02-23,Customer7022,Product18,1,48615,48615,8750.7,57365.7
INV07023,2026-02-24,Customer7023,Product2,3,32549,97647,17576.46,115223.45999999999
INV07024,2026-02-25,Customer7024,Product15,5,22044,110220,19839.6,130059.6
INV07025,2026-02-26,Customer7025,Product18,1,8790,8790,1582.2,10372.2
INV07026,2026-02-27,Customer7026,Product8,1,3166,3166,569.88,3735.88
INV07027,2026-02-28,Customer7027,Product19,5,29699,148495,26729.1,175224.1
INV07028,2026-02-01,Customer7028,Product9,1,31459,31459,5662.62,37121.62
INV07029,2026-02-02,Customer7029,Product10,3,3586,10758,1936.44,12694.44
INV07030,2026-02-03,Customer7030,Product16,1,13412,13412,2414.16,15826.16
INV07031,2026-02-04,Customer7031,Product5,3,28034,84102,15138.36,99240.36
INV07032,2026-02-05,Customer7032,Product9,3,39720,119160,21448.8,140608.8
INV07033,2026-02-06,Customer7033,Product1,4,33157,132628,23873.04,156501.04
INV07034,2026-02-07,Customer7034,Product6,4,18125,72500,13050.0,85550.0
INV07035,2026-02-08,Customer7035,Product2,2,47526,95052,17109.36,112161.36
INV07036,2026-02-09,Customer7036,Product9,5,42852,214260,38566.8,252826.8
INV07037,2026-02-10,Customer7037,Product11,3,44253,132759,23896.62,156655.62
INV07038,2026-02-11,Customer7038,Product12,1,44223,44223,7960.14,52183.14
INV07039,2026-02-12,Customer7039,Product4,3,47689,143067,25752.06,168819.06
INV07040,2026-02-13,Customer7040,Product7,1,714,714,128.52,842.52
INV07041,2026-02-14,Customer7041,Product18,1,4557,4557,820.26,5377.26
INV07042,2026-02-15,Customer7042,Product9,5,21208,106040,19087.2,125127.2
INV07043,2026-02-16,Customer7043,Product16,3,45231,135693,24424.74,160117.74
INV07044,2026-02-17,Customer7044,Product5,1,8001,8001,1440.18,9441.18
INV07045,2026-02-18,Customer7045,Product12,4,40049,160196,28835.28,189031.28
INV07046,2026-02-19,Customer7046,Product9,5,12222,61110,10999.8,72109.8
INV07047,2026-02-20,Customer7047,Product4,1,1693,1693,304.74,1997.74
INV07048,2026-02-21,Customer7048,Product10,4,9362,37448,6740.64,44188.64
INV07049,2026-02-22,Customer7049,Product20,2,47190,94380,16988.4,111368.4
INV07050,2026-02-23,Customer7050,Product14,3,1046,3138,564.84,3702.84
INV07051,2026-02-24,Customer7051,Product12,5,13173,65865,11855.7,77720.7
INV07052,2026-02-25,Customer7052,Product8,2,16499,32998,5939.64,38937.64
INV07053,2026-02-26,Customer7053,Product9,2,16324,32648,5876.64,38524.64
INV07054,2026-02-27,Customer7054,Product20,3,587,1761,316.98,2077.98
INV07055,2026-02-28,Customer7055,Product17,2,36384,72768,13098.24,85866.24
INV07056,2026-02-01,Customer7056,Product5,3,28768,86304,15534.72,101838.72
INV07057,2026-02-02,Customer7057,Product11,1,35467,35467,6384.06,41851.06
INV07058,2026-02-03,Customer7058,Product4,1,38879,38879,6998.22,45877.22
INV07059,2026-02-04,Customer7059,Product13,4,20414,81656,14698.08,96354.08
INV07060,2026-02-05,Customer7060,Product4,2,22303,44606,8029.08,52635.08
INV07061,2026-02-06,Customer7061,Product13,1,13662,13662,2459.16,16121.16
INV07062,2026-02-07,Customer7062,Product10,5,29151,145755,26235.9,171990.9
INV07063,2026-02-08,Customer7063,Product6,3,21657,64971,11694.78,76665.78
INV07064,2026-02-09,Customer7064,Product8,2,30612,61224,11020.32,72244.32
INV07065,2026-02-10,Customer7065,Product14,1,31451,31451,5661.18,37112.18
INV07066,2026-02-11,Customer7066,Product8,5,43198,215990,38878.2,254868.2
INV07067,2026-02-12,Customer7067,Product14,4,31992,127968,23034.24,151002.24
INV07068,2026-02-13,Customer7068,Product17,3,41185,123555,22239.9,145794.9
INV07069,2026-02-14,Customer7069,Product4,5,1877,9385,1689.3,11074.3
INV07070,2026-02-15,Customer7070,Product10,2,16939,33878,6098.04,39976.04
INV07071,2026-02-16,Customer7071,Product11,1,43669,43669,7860.42,51529.42
INV07072,2026-02-17,Customer7072,Product19,5,43606,218030,39245.4,257275.4
INV07073,2026-02-18,Customer7073,Product13,2,14588,29176,5251.68,34427.68
INV07074,2026-02-19,Customer7074,Product8,1,21035,21035,3786.3,24821.3
INV07075,2026-02-20,Customer7075,Product11,1,25350,25350,4563.0,29913.0
INV07076,2026-02-21,Customer7076,Product11,2,2841,5682,1022.76,6704.76
INV07077,2026-02-22,Customer7077,Product10,1,38349,38349,6902.82,45251.82
INV07078,2026-02-23,Customer7078,Product7,4,25382,101528,18275.04,119803.04000000001
INV07079,2026-02-24,Customer7079,Product16,2,31321,62642,11275.56,73917.56
INV07080,2026-02-25,Customer7080,Product7,5,20253,101265,18227.7,119492.7
INV07081,2026-02-26,Customer7081,Product8,4,3775,15100,2718.0,17818.0
INV07082,2026-02-27,Customer7082,Product10,2,26715,53430,9617.4,63047.4
INV07083,2026-02-28,Customer7083,Product6,2,44062,88124,15862.32,103986.32
INV07084,2026-02-01,Customer7084,Product11,4,20163,80652,14517.36,95169.36
INV07085,2026-02-02,Customer7085,Product4,5,25200,126000,22680.0,148680.0
INV07086,2026-02-03,Customer7086,Product16,1,46497,46497,8369.46,54866.46
INV07087,2026-02-04,Customer7087,Product7,5,40123,200615,36110.7,236725.7
INV07088,2026-02-05,Customer7088,Product18,4,29962,119848,21572.64,141420.64
INV07089,2026-02-06,Customer7089,Product11,1,7183,7183,1292.94,8475.94
INV07090,2026-02-07,Customer7090,Product17,5,34068,170340,30661.2,201001.2
INV07091,2026-02-08,Customer7091,Product3,4,47557,190228,34241.04,224469.04
INV07092,2026-02-09,Customer7092,Product8,3,2789,8367,1506.06,9873.06
INV07093,2026-02-10,Customer7093,Product9,4,29406,117624,21172.32,138796.32
INV07094,2026-02-11,Customer7094,Product13,3,48717,146151,26307.18,172458.18
INV07095,2026-02-12,Customer7095,Product1,4,41299,165196,29735.28,194931.28
INV07096,2026-02-13,Customer7096,Product18,4,28102,112408,20233.44,132641.44
INV07097,2026-02-14,Customer7097,Product10,3,21880,65640,11815.2,77455.2
INV07098,2026-02-15,Customer7098,Product17,4,6674,26696,4805.28,31501.28
INV07099,2026-02-16,Customer7099,Product14,3,15794,47382,8528.76,55910.76
INV07100,2026-02-17,Customer7100,Product12,1,24866,24866,4475.88,29341.88
INV07101,2026-02-18,Customer7101,Product19,1,34834,34834,6270.12,41104.12
INV07102,2026-02-19,Customer7102,Product6,2,7668,15336,2760.48,18096.48
INV07103,2026-02-20,Customer7103,Product2,5,33478,167390,30130.2,197520.2
INV07104,2026-02-21,Customer7104,Product16,2,11282,22564,4061.52,26625.52
INV07105,2026-02-22,Customer7105,Product16,2,39662,79324,14278.32,93602.32
INV07106,2026-02-23,Customer7106,Product15,3,20362,61086,10995.48,72081.48
INV07107,2026-02-24,Customer7107,Product7,4,25742,102968,18534.24,121502.24
INV07108,2026-02-25,Customer7108,Product2,1,18450,18450,3321.0,21771.0
INV07109,2026-02-26,Customer7109,Product17,4,46579,186316,33536.88,219852.88
INV07110,2026-02-27,Customer7110,Product19,5,26810,134050,24129.0,158179.0
INV07111,2026-02-28,Customer7111,Product18,4,31027,124108,22339.44,146447.44
INV07112,2026-02-01,Customer7112,Product3,3,23090,69270,12468.6,81738.6
INV07113,2026-02-02,Customer7113,Product16,5,35000,175000,31500.0,206500.0
INV07114,2026-02-03,Customer7114,Product4,3,13796,41388,7449.84,48837.84
INV07115,2026-02-04,Customer7115,Product3,5,49975,249875,44977.5,294852.5
INV07116,2026-02-05,Customer7116,Product12,1,43663,43663,7859.34,51522.34
INV07117,2026-02-06,Customer7117,Product16,4,32745,130980,23576.4,154556.4
INV07118,2026-02-07,Customer7118,Product4,2,24858,49716,8948.88,58664.88
INV07119,2026-02-08,Customer7119,Product19,4,17314,69256,12466.08,81722.08
INV07120,2026-02-09,Customer7120,Product3,1,32562,32562,5861.16,38423.16
INV07121,2026-02-10,Customer7121,Product10,2,39763,79526,14314.68,93840.68
INV07122,2026-02-11,Customer7122,Product9,3,8579,25737,4632.66,30369.66
INV07123,2026-02-12,Customer7123,Product6,5,25529,127645,22976.1,150621.1
INV07124,2026-02-13,Customer7124,Product15,1,20384,20384,3669.12,24053.12
INV07125,2026-02-14,Customer7125,Product14,3,20685,62055,11169.9,73224.9
INV07126,2026-02-15,Customer7126,Product14,1,40639,40639,7315.02,47954.020000000004
INV07127,2026-02-16,Customer7127,Product12,4,42547,170188,30633.84,200821.84
INV07128,2026-02-17,Customer7128,Product20,2,33575,67150,12087.0,79237.0
INV07129,2026-02-18,Customer7129,Product14,3,26151,78453,14121.54,92574.54000000001
INV07130,2026-02-19,Customer7130,Product12,5,33622,168110,30259.8,198369.8
INV07131,2026-02-20,Customer7131,Product1,2,33757,67514,12152.52,79666.52
INV07132,2026-02-21,Customer7132,Product15,4,22893,91572,16482.96,108054.95999999999
INV07133,2026-02-22,Customer7133,Product4,3,32393,97179,17492.22,114671.22
INV07134,2026-02-23,Customer7134,Product20,1,31864,31864,5735.52,37599.520000000004
INV07135,2026-02-24,Customer7135,Product12,5,4631,23155,4167.9,27322.9
INV07136,2026-02-25,Customer7136,Product19,1,37404,37404,6732.72,44136.72
INV07137,2026-02-26,Customer7137,Product2,1,14378,14378,2588.04,16966.04
INV07138,2026-02-27,Customer7138,Product8,5,6256,31280,5630.4,36910.4
INV07139,2026-02-28,Customer7139,Product20,2,3564,7128,1283.04,8411.04
INV07140,2026-02-01,Customer7140,Product15,1,11125,11125,2002.5,13127.5
INV07141,2026-02-02,Customer7141,Product19,3,8457,25371,4566.78,29937.78
INV07142,2026-02-03,Customer7142,Product17,1,28238,28238,5082.84,33320.84
INV07143,2026-02-04,Customer7143,Product14,4,10290,41160,7408.8,48568.8
INV07144,2026-02-05,Customer7144,Product18,1,2800,2800,504.0,3304.0
INV07145,2026-02-06,Customer7145,Product13,1,13947,13947,2510.46,16457.46
INV07146,2026-02-07,Customer7146,Product15,2,37699,75398,13571.64,88969.64
INV07147,2026-02-08,Customer7147,Product12,1,4194,4194,754.92,4948.92
INV07148,2026-02-09,Customer7148,Product6,5,35705,178525,32134.5,210659.5
INV07149,2026-02-10,Customer7149,Product6,5,45476,227380,40928.4,268308.4
INV07150,2026-02-11,Customer7150,Product12,3,12859,38577,6943.86,45520.86
INV07151,2026-02-12,Customer7151,Product14,5,34007,170035,30606.3,200641.3
INV07152,2026-02-13,Customer7152,Product18,3,38136,114408,20593.44,135001.44
INV07153,2026-02-14,Customer7153,Product7,3,24351,73053,13149.54,86202.54000000001
INV07154,2026-02-15,Customer7154,Product12,2,11472,22944,4129.92,27073.92
INV07155,2026-02-16,Customer7155,Product3,5,7278,36390,6550.2,42940.2
INV07156,2026-02-17,Customer7156,Product5,4,36297,145188,26133.84,171321.84
INV07157,2026-02-18,Customer7157,Product11,3,30195,90585,16305.3,106890.3
INV07158,2026-02-19,Customer7158,Product13,2,25915,51830,9329.4,61159.4
INV07159,2026-02-20,Customer7159,Product1,3,14804,44412,7994.16,52406.16
INV07160,2026-02-21,Customer7160,Product15,5,46114,230570,41502.6,272072.6
INV07161,2026-02-22,Customer7161,Product20,4,18388,73552,13239.36,86791.36
INV07162,2026-02-23,Customer7162,Product1,4,46156,184624,33232.32,217856.32
INV07163,2026-02-24,Customer7163,Product4,2,31113,62226,11200.68,73426.68
INV07164,2026-02-25,Customer7164,Product4,5,34057,170285,30651.3,200936.3
INV07165,2026-02-26,Customer7165,Product15,4,40557,162228,29201.04,191429.04
INV07166,2026-02-27,Customer7166,Product18,2,32447,64894,11680.92,76574.92
INV07167,2026-02-28,Customer7167,Product2,5,2391,11955,2151.9,14106.9
INV07168,2026-02-01,Customer7168,Product9,3,24412,73236,13182.48,86418.48
INV07169,2026-02-02,Customer7169,Product6,4,36086,144344,25981.92,170325.91999999998
INV07170,2026-02-03,Customer7170,Product19,5,34002,170010,30601.8,200611.8
INV07171,2026-02-04,Customer7171,Product2,3,21732,65196,11735.28,76931.28
INV07172,2026-02-05,Customer7172,Product1,4,20795,83180,14972.4,98152.4
INV07173,2026-02-06,Customer7173,Product17,3,583,1749,314.82,2063.82
INV07174,2026-02-07,Customer7174,Product13,1,25566,25566,4601.88,30167.88
INV07175,2026-02-08,Customer7175,Product15,2,10920,21840,3931.2,25771.2
INV07176,2026-02-09,Customer7176,Product2,1,20216,20216,3638.88,23854.88
INV07177,2026-02-10,Customer7177,Product9,3,25667,77001,13860.18,90861.18
INV07178,2026-02-11,Customer7178,Product15,5,37377,186885,33639.3,220524.3
INV07179,2026-02-12,Customer7179,Product16,2,30673,61346,11042.28,72388.28
INV07180,2026-02-13,Customer7180,Product14,4,42171,168684,30363.12,199047.12
INV07181,2026-02-14,Customer7181,Product10,4,26926,107704,19386.72,127090.72
INV07182,2026-02-15,Customer7182,Product15,2,13839,27678,4982.04,32660.04
INV07183,2026-02-16,Customer7183,Product3,3,6464,19392,3490.56,22882.56
INV07184,2026-02-17,Customer7184,Product13,4,27741,110964,19973.52,130937.52
INV07185,2026-02-18,Customer7185,Product17,4,11331,45324,8158.32,53482.32
INV07186,2026-02-19,Customer7186,Product20,2,4917,9834,1770.12,11604.119999999999
INV07187,2026-02-20,Customer7187,Product15,5,21201,106005,19080.9,125085.9
INV07188,2026-02-21,Customer7188,Product12,1,31986,31986,5757.48,37743.479999999996
INV07189,2026-02-22,Customer7189,Product3,2,33678,67356,12124.08,79480.08
INV07190,2026-02-23,Customer7190,Product3,3,31516,94548,17018.64,111566.64
INV07191,2026-02-24,Customer7191,Product9,2,32946,65892,11860.56,77752.56
INV07192,2026-02-25,Customer7192,Product17,3,28514,85542,15397.56,100939.56
INV07193,2026-02-26,Customer7193,Product6,1,19429,19429,3497.22,22926.22
INV07194,2026-02-27,Customer7194,Product6,5,17082,85410,15373.8,100783.8
INV07195,2026-02-28,Customer7195,Product7,2,25843,51686,9303.48,60989.479999999996
INV07196,2026-02-01,Customer7196,Product15,3,37643,112929,20327.22,133256.22
INV07197,2026-02-02,Customer7197,Product3,3,42000,126000,22680.0,148680.0
INV07198,2026-02-03,Customer7198,Product4,5,37695,188475,33925.5,222400.5
INV07199,2026-02-04,Customer7199,Product19,5,14603,73015,13142.7,86157.7
INV07200,2026-02-05,Customer7200,Product5,4,4468,17872,3216.96,21088.96
INV07201,2026-02-06,Customer7201,Product2,5,21135,105675,19021.5,124696.5
INV07202,2026-02-07,Customer7202,Product8,3,594,1782,320.76,2102.76
INV07203,2026-02-08,Customer7203,Product1,3,22043,66129,11903.22,78032.22
INV07204,2026-02-09,Customer7204,Product3,5,34321,171605,30888.9,202493.9
INV07205,2026-02-10,Customer7205,Product15,5,29764,148820,26787.6,175607.6
INV07206,2026-02-11,Customer7206,Product2,1,4926,4926,886.68,5812.68
INV07207,2026-02-12,Customer7207,Product1,2,48356,96712,17408.16,114120.16
INV07208,2026-02-13,Customer7208,Product16,3,47133,141399,25451.82,166850.82
INV07209,2026-02-14,Customer7209,Product10,5,10012,50060,9010.8,59070.8
INV07210,2026-02-15,Customer7210,Product17,1,37606,37606,6769.08,44375.08
INV07211,2026-02-16,Customer7211,Product6,5,28811,144055,25929.9,169984.9
INV07212,2026-02-17,Customer7212,Product14,2,6897,13794,2482.92,16276.92
INV07213,2026-02-18,Customer7213,Product13,2,40154,80308,14455.44,94763.44
INV07214,2026-02-19,Customer7214,Product13,1,16539,16539,2977.02,19516.02
INV07215,2026-02-20,Customer7215,Product11,3,46635,139905,25182.9,165087.9
INV07216,2026-02-21,Customer7216,Product3,2,7267,14534,2616.12,17150.12
INV07217,2026-02-22,Customer7217,Product17,1,32548,32548,5858.64,38406.64
INV07218,2026-02-23,Customer7218,Product12,2,6306,12612,2270.16,14882.16
INV07219,2026-02-24,Customer7219,Product20,5,47905,239525,43114.5,282639.5
INV07220,2026-02-25,Customer7220,Product15,1,33372,33372,6006.96,39378.96
INV07221,2026-02-26,Customer7221,Product9,3,18335,55005,9900.9,64905.9
INV07222,2026-02-27,Customer7222,Product15,2,44153,88306,15895.08,104201.08
INV07223,2026-02-28,Customer7223,Product11,4,22990,91960,16552.8,108512.8
INV07224,2026-02-01,Customer7224,Product6,5,43263,216315,38936.7,255251.7
INV07225,2026-02-02,Customer7225,Product20,2,8987,17974,3235.32,21209.32
INV07226,2026-02-03,Customer7226,Product1,3,2803,8409,1513.62,9922.619999999999
INV07227,2026-02-04,Customer7227,Product8,5,16383,81915,14744.7,96659.7
INV07228,2026-02-05,Customer7228,Product12,4,25595,102380,18428.4,120808.4
INV07229,2026-02-06,Customer7229,Product16,1,40850,40850,7353.0,48203.0
INV07230,2026-02-07,Customer7230,Product9,1,24296,24296,4373.28,28669.28
INV07231,2026-02-08,Customer7231,Product12,3,28593,85779,15440.22,101219.22
INV07232,2026-02-09,Customer7232,Product11,3,41011,123033,22145.94,145178.94
INV07233,2026-02-10,Customer7233,Product6,2,2698,5396,971.28,6367.28
INV07234,2026-02-11,Customer7234,Product6,5,16773,83865,15095.7,98960.7
INV07235,2026-02-12,Customer7235,Product7,2,47084,94168,16950.24,111118.24
INV07236,2026-02-13,Customer7236,Product10,2,15477,30954,5571.72,36525.72
INV07237,2026-02-14,Customer7237,Product9,2,4458,8916,1604.88,10520.880000000001
INV07238,2026-02-15,Customer7238,Product2,1,14306,14306,2575.08,16881.08
INV07239,2026-02-16,Customer7239,Product10,5,44406,222030,39965.4,261995.4
INV07240,2026-02-17,Customer7240,Product9,2,30489,60978,10976.04,71954.04000000001
INV07241,2026-02-18,Customer7241,Product15,3,37986,113958,20512.44,134470.44
INV07242,2026-02-19,Customer7242,Product11,1,8095,8095,1457.1,9552.1
INV07243,2026-02-20,Customer7243,Product8,3,35190,105570,19002.6,124572.6
INV07244,2026-02-21,Customer7244,Product7,1,8072,8072,1452.96,9524.96
INV07245,2026-02-22,Customer7245,Product3,1,35662,35662,6419.16,42081.16
INV07246,2026-02-23,Customer7246,Product3,5,49676,248380,44708.4,293088.4
INV07247,2026-02-24,Customer7247,Product15,5,27959,139795,25163.1,164958.1
INV07248,2026-02-25,Customer7248,Product14,1,19876,19876,3577.68,23453.68
INV07249,2026-02-26,Customer7249,Product20,3,20074,60222,10839.96,71061.95999999999
INV07250,2026-02-27,Customer7250,Product11,2,10023,20046,3608.28,23654.28
INV07251,2026-02-28,Customer7251,Product10,3,24038,72114,12980.52,85094.52
INV07252,2026-02-01,Customer7252,Product10,2,38254,76508,13771.44,90279.44
INV07253,2026-02-02,Customer7253,Product19,1,41648,41648,7496.64,49144.64
INV07254,2026-02-03,Customer7254,Product6,3,23151,69453,12501.54,81954.54000000001
INV07255,2026-02-04,Customer7255,Product10,4,45324,181296,32633.28,213929.28
INV07256,2026-02-05,Customer7256,Product1,5,37875,189375,34087.5,223462.5
INV07257,2026-02-06,Customer7257,Product9,4,1537,6148,1106.64,7254.64
INV07258,2026-02-07,Customer7258,Product7,2,31858,63716,11468.88,75184.88
INV07259,2026-02-08,Customer7259,Product9,3,33595,100785,18141.3,118926.3
INV07260,2026-02-09,Customer7260,Product17,2,5328,10656,1918.08,12574.08
INV07261,2026-02-10,Customer7261,Product13,1,27285,27285,4911.3,32196.3
INV07262,2026-02-11,Customer7262,Product18,1,17415,17415,3134.7,20549.7
INV07263,2026-02-12,Customer7263,Product17,3,30929,92787,16701.66,109488.66
INV07264,2026-02-13,Customer7264,Product5,1,12870,12870,2316.6,15186.6
INV07265,2026-02-14,Customer7265,Product6,5,25675,128375,23107.5,151482.5
INV07266,2026-02-15,Customer7266,Product3,3,34449,103347,18602.46,121949.45999999999
INV07267,2026-02-16,Customer7267,Product18,5,22986,114930,20687.4,135617.4
INV07268,2026-02-17,Customer7268,Product9,5,41580,207900,37422.0,245322.0
INV07269,2026-02-18,Customer7269,Product7,5,38734,193670,34860.6,228530.6
INV07270,2026-02-19,Customer7270,Product3,2,48109,96218,17319.24,113537.24
INV07271,2026-02-20,Customer7271,Product9,5,16837,84185,15153.3,99338.3
INV07272,2026-02-21,Customer7272,Product3,1,18136,18136,3264.48,21400.48
INV07273,2026-02-22,Customer7273,Product10,4,17481,69924,12586.32,82510.32
INV07274,2026-02-23,Customer7274,Product14,3,36708,110124,19822.32,129946.32
INV07275,2026-02-24,Customer7275,Product3,1,16933,16933,3047.94,19980.94
INV07276,2026-02-25,Customer7276,Product5,5,5760,28800,5184.0,33984.0
INV07277,2026-02-26,Customer7277,Product20,5,32549,162745,29294.1,192039.1
INV07278,2026-02-27,Customer7278,Product8,2,20205,40410,7273.8,47683.8
INV07279,2026-02-28,Customer7279,Product13,2,49837,99674,17941.32,117615.32
INV07280,2026-02-01,Customer7280,Product11,2,8281,16562,2981.16,19543.16
INV07281,2026-02-02,Customer7281,Product3,1,20348,20348,3662.64,24010.64
INV07282,2026-02-03,Customer7282,Product17,5,5870,29350,5283.0,34633.0
INV07283,2026-02-04,Customer7283,Product6,4,41956,167824,30208.32,198032.32
INV07284,2026-02-05,Customer7284,Product6,5,49476,247380,44528.4,291908.4
INV07285,2026-02-06,Customer7285,Product8,3,31895,95685,17223.3,112908.3
INV07286,2026-02-07,Customer7286,Product2,1,25392,25392,4570.56,29962.56
INV07287,2026-02-08,Customer7287,Product17,2,39610,79220,14259.6,93479.6
INV07288,2026-02-09,Customer7288,Product5,5,29829,149145,26846.1,175991.1
INV07289,2026-02-10,Customer7289,Product13,1,27622,27622,4971.96,32593.96
INV07290,2026-02-11,Customer7290,Product4,4,15106,60424,10876.32,71300.32
INV07291,2026-02-12,Customer7291,Product3,3,6398,19194,3454.92,22648.92
INV07292,2026-02-13,Customer7292,Product6,5,40099,200495,36089.1,236584.1
INV07293,2026-02-14,Customer7293,Product7,2,14147,28294,5092.92,33386.92
INV07294,2026-02-15,Customer7294,Product8,3,1519,4557,820.26,5377.26
INV07295,2026-02-16,Customer7295,Product9,2,33369,66738,12012.84,78750.84
INV07296,2026-02-17,Customer7296,Product2,5,3249,16245,2924.1,19169.1
INV07297,2026-02-18,Customer7297,Product15,1,24769,24769,4458.42,29227.42
INV07298,2026-02-19,Customer7298,Product15,3,15659,46977,8455.86,55432.86
INV07299,2026-02-20,Customer7299,Product5,3,10551,31653,5697.54,37350.54
INV07300,2026-02-21,Customer7300,Product15,1,14722,14722,2649.96,17371.96
INV07301,2026-02-22,Customer7301,Product15,4,41835,167340,30121.2,197461.2
INV07302,2026-02-23,Customer7302,Product1,5,11977,59885,10779.3,70664.3
INV07303,2026-02-24,Customer7303,Product8,5,29330,146650,26397.0,173047.0
INV07304,2026-02-25,Customer7304,Product20,4,25187,100748,18134.64,118882.64
INV07305,2026-02-26,Customer7305,Product19,3,48078,144234,25962.12,170196.12
INV07306,2026-02-27,Customer7306,Product14,1,36970,36970,6654.6,43624.6
INV07307,2026-02-28,Customer7307,Product20,5,8349,41745,7514.1,49259.1
INV07308,2026-02-01,Customer7308,Product11,1,31154,31154,5607.72,36761.72
INV07309,2026-02-02,Customer7309,Product13,1,25273,25273,4549.14,29822.14
INV07310,2026-02-03,Customer7310,Product8,3,43641,130923,23566.14,154489.14
INV07311,2026-02-04,Customer7311,Product13,5,45072,225360,40564.8,265924.8
INV07312,2026-02-05,Customer7312,Product15,3,45857,137571,24762.78,162333.78
INV07313,2026-02-06,Customer7313,Product15,1,6789,6789,1222.02,8011.02
INV07314,2026-02-07,Customer7314,Product2,3,3743,11229,2021.22,13250.22
INV07315,2026-02-08,Customer7315,Product14,1,29860,29860,5374.8,35234.8
INV07316,2026-02-09,Customer7316,Product5,4,28580,114320,20577.6,134897.6
INV07317,2026-02-10,Customer7317,Product7,1,28712,28712,5168.16,33880.16
INV07318,2026-02-11,Customer7318,Product12,1,43632,43632,7853.76,51485.76
INV07319,2026-02-12,Customer7319,Product4,3,5550,16650,2997.0,19647.0
INV07320,2026-02-13,Customer7320,Product18,3,25025,75075,13513.5,88588.5
INV07321,2026-02-14,Customer7321,Product6,1,39268,39268,7068.24,46336.24
INV07322,2026-02-15,Customer7322,Product6,3,8337,25011,4501.98,29512.98
INV07323,2026-02-16,Customer7323,Product6,5,28112,140560,25300.8,165860.8
INV07324,2026-02-17,Customer7324,Product13,2,37382,74764,13457.52,88221.52
INV07325,2026-02-18,Customer7325,Product13,2,10777,21554,3879.72,25433.72
INV07326,2026-02-19,Customer7326,Product10,5,44909,224545,40418.1,264963.1
INV07327,2026-02-20,Customer7327,Product10,3,37035,111105,19998.9,131103.9
INV07328,2026-02-21,Customer7328,Product11,1,36014,36014,6482.52,42496.520000000004
INV07329,2026-02-22,Customer7329,Product8,4,42371,169484,30507.12,199991.12
INV07330,2026-02-23,Customer7330,Product10,5,1631,8155,1467.9,9622.9
INV07331,2026-02-24,Customer7331,Product8,1,45614,45614,8210.52,53824.520000000004
INV07332,2026-02-25,Customer7332,Product13,3,6855,20565,3701.7,24266.7
INV07333,2026-02-26,Customer7333,Product7,2,41331,82662,14879.16,97541.16
INV07334,2026-02-27,Customer7334,Product6,1,39492,39492,7108.56,46600.56
INV07335,2026-02-28,Customer7335,Product10,3,38959,116877,21037.86,137914.86
INV07336,2026-02-01,Customer7336,Product18,5,20676,103380,18608.4,121988.4
INV07337,2026-02-02,Customer7337,Product5,3,8473,25419,4575.42,29994.42
INV07338,2026-02-03,Customer7338,Product18,2,16710,33420,6015.6,39435.6
INV07339,2026-02-04,Customer7339,Product14,4,45633,182532,32855.76,215387.76
INV07340,2026-02-05,Customer7340,Product12,4,3538,14152,2547.36,16699.36
INV07341,2026-02-06,Customer7341,Product11,1,22794,22794,4102.92,26896.92
INV07342,2026-02-07,Customer7342,Product18,1,48304,48304,8694.72,56998.72
INV07343,2026-02-08,Customer7343,Product2,5,8460,42300,7614.0,49914.0
INV07344,2026-02-09,Customer7344,Product2,3,2672,8016,1442.88,9458.880000000001
INV07345,2026-02-10,Customer7345,Product15,5,26243,131215,23618.7,154833.7
INV07346,2026-02-11,Customer7346,Product1,1,18586,18586,3345.48,21931.48
INV07347,2026-02-12,Customer7347,Product14,2,24107,48214,8678.52,56892.520000000004
INV07348,2026-02-13,Customer7348,Product6,1,2730,2730,491.4,3221.4
INV07349,2026-02-14,Customer7349,Product11,1,13577,13577,2443.86,16020.86
INV07350,2026-02-15,Customer7350,Product3,3,45614,136842,24631.56,161473.56
INV07351,2026-02-16,Customer7351,Product3,1,44237,44237,7962.66,52199.66
INV07352,2026-02-17,Customer7352,Product18,5,48439,242195,43595.1,285790.1
INV07353,2026-02-18,Customer7353,Product20,4,13058,52232,9401.76,61633.76
INV07354,2026-02-19,Customer7354,Product20,4,17162,68648,12356.64,81004.64
INV07355,2026-02-20,Customer7355,Product4,4,43090,172360,31024.8,203384.8
INV07356,2026-02-21,Customer7356,Product13,2,4415,8830,1589.4,10419.4
INV07357,2026-02-22,Customer7357,Product11,2,13129,26258,4726.44,30984.44
INV07358,2026-02-23,Customer7358,Product5,3,31219,93657,16858.26,110515.26
INV07359,2026-02-24,Customer7359,Product6,5,19668,98340,17701.2,116041.2
INV07360,2026-02-25,Customer7360,Product8,5,47439,237195,42695.1,279890.1
INV07361,2026-02-26,Customer7361,Product16,4,33516,134064,24131.52,158195.52
INV07362,2026-02-27,Customer7362,Product1,4,2051,8204,1476.72,9680.72
INV07363,2026-02-28,Customer7363,Product8,5,38514,192570,34662.6,227232.6
INV07364,2026-02-01,Customer7364,Product12,4,33588,134352,24183.36,158535.36
INV07365,2026-02-02,Customer7365,Product19,5,10682,53410,9613.8,63023.8
INV07366,2026-02-03,Customer7366,Product18,5,33617,168085,30255.3,198340.3
INV07367,2026-02-04,Customer7367,Product2,2,35322,70644,12715.92,83359.92
INV07368,2026-02-05,Customer7368,Product8,5,41339,206695,37205.1,243900.1
INV07369,2026-02-06,Customer7369,Product8,3,21926,65778,11840.04,77618.04000000001
INV07370,2026-02-07,Customer7370,Product4,3,6661,19983,3596.94,23579.94
INV07371,2026-02-08,Customer7371,Product2,5,48388,241940,43549.2,285489.2
INV07372,2026-02-09,Customer7372,Product20,3,44133,132399,23831.82,156230.82
INV07373,2026-02-10,Customer7373,Product18,1,49429,49429,8897.22,58326.22
INV07374,2026-02-11,Customer7374,Product11,1,24654,24654,4437.72,29091.72
INV07375,2026-02-12,Customer7375,Product6,3,31324,93972,16914.96,110886.95999999999
INV07376,2026-02-13,Customer7376,Product13,3,20908,62724,11290.32,74014.32
INV07377,2026-02-14,Customer7377,Product8,2,1162,2324,418.32,2742.32
INV07378,2026-02-15,Customer7378,Product8,3,36942,110826,19948.68,130774.68
INV07379,2026-02-16,Customer7379,Product12,3,43354,130062,23411.16,153473.16
INV07380,2026-02-17,Customer7380,Product17,4,38470,153880,27698.4,181578.4
INV07381,2026-02-18,Customer7381,Product6,4,12961,51844,9331.92,61175.92
INV07382,2026-02-19,Customer7382,Product1,1,44438,44438,7998.84,52436.84
INV07383,2026-02-20,Customer7383,Product20,5,17233,86165,15509.7,101674.7
INV07384,2026-02-21,Customer7384,Product2,3,11528,34584,6225.12,40809.12
INV07385,2026-02-22,Customer7385,Product14,1,48979,48979,8816.22,57795.22
INV07386,2026-02-23,Customer7386,Product15,1,45951,45951,8271.18,54222.18
INV07387,2026-02-24,Customer7387,Product16,5,48163,240815,43346.7,284161.7
INV07388,2026-02-25,Customer7388,Product4,2,7343,14686,2643.48,17329.48
INV07389,2026-02-26,Customer7389,Product2,2,9843,19686,3543.48,23229.48
INV07390,2026-02-27,Customer7390,Product19,2,9583,19166,3449.88,22615.88
INV07391,2026-02-28,Customer7391,Product16,2,8122,16244,2923.92,19167.92
INV07392,2026-02-01,Customer7392,Product15,1,2808,2808,505.44,3313.44
INV07393,2026-02-02,Customer7393,Product2,2,20889,41778,7520.04,49298.04
INV07394,2026-02-03,Customer7394,Product16,1,20242,20242,3643.56,23885.56
INV07395,2026-02-04,Customer7395,Product14,2,9625,19250,3465.0,22715.0
INV07396,2026-02-05,Customer7396,Product2,2,26441,52882,9518.76,62400.76
INV07397,2026-02-06,Customer7397,Product15,3,30457,91371,16446.78,107817.78
INV07398,2026-02-07,Customer7398,Product8,1,8210,8210,1477.8,9687.8
INV07399,2026-02-08,Customer7399,Product10,5,32672,163360,29404.8,192764.8
INV07400,2026-02-09,Customer7400,Product12,3,1053,3159,568.62,3727.62
INV07401,2026-02-10,Customer7401,Product6,3,3108,9324,1678.32,11002.32
INV07402,2026-02-11,Customer7402,Product15,2,43035,86070,15492.6,101562.6
INV07403,2026-02-12,Customer7403,Product20,5,10065,50325,9058.5,59383.5
INV07404,2026-02-13,Customer7404,Product6,5,48395,241975,43555.5,285530.5
INV07405,2026-02-14,Customer7405,Product15,3,40171,120513,21692.34,142205.34
INV07406,2026-02-15,Customer7406,Product1,2,29574,59148,10646.64,69794.64
INV07407,2026-02-16,Customer7407,Product19,1,16351,16351,2943.18,19294.18
INV07408,2026-02-17,Customer7408,Product20,2,36097,72194,12994.92,85188.92
INV07409,2026-02-18,Customer7409,Product4,1,16458,16458,2962.44,19420.44
INV07410,2026-02-19,Customer7410,Product15,2,21065,42130,7583.4,49713.4
INV07411,2026-02-20,Customer7411,Product13,3,41382,124146,22346.28,146492.28
INV07412,2026-02-21,Customer7412,Product8,3,14946,44838,8070.84,52908.84
INV07413,2026-02-22,Customer7413,Product19,1,7684,7684,1383.12,9067.119999999999
INV07414,2026-02-23,Customer7414,Product12,1,5270,5270,948.6,6218.6
INV07415,2026-02-24,Customer7415,Product14,2,20237,40474,7285.32,47759.32
INV07416,2026-02-25,Customer7416,Product15,4,25881,103524,18634.32,122158.32
INV07417,2026-02-26,Customer7417,Product20,1,38049,38049,6848.82,44897.82
INV07418,2026-02-27,Customer7418,Product16,4,31320,125280,22550.4,147830.4
INV07419,2026-02-28,Customer7419,Product1,2,2778,5556,1000.08,6556.08
INV07420,2026-02-01,Customer7420,Product9,3,32531,97593,17566.74,115159.74
INV07421,2026-02-02,Customer7421,Product10,1,12203,12203,2196.54,14399.54
INV07422,2026-02-03,Customer7422,Product16,5,47384,236920,42645.6,279565.6
INV07423,2026-02-04,Customer7423,Product18,4,14485,57940,10429.2,68369.2
INV07424,2026-02-05,Customer7424,Product11,1,15201,15201,2736.18,17937.18
INV07425,2026-02-06,Customer7425,Product7,4,35394,141576,25483.68,167059.68
INV07426,2026-02-07,Customer7426,Product14,3,29757,89271,16068.78,105339.78
INV07427,2026-02-08,Customer7427,Product16,2,37144,74288,13371.84,87659.84
INV07428,2026-02-09,Customer7428,Product13,1,12071,12071,2172.78,14243.78
INV07429,2026-02-10,Customer7429,Product6,2,36401,72802,13104.36,85906.36
INV07430,2026-02-11,Customer7430,Product3,2,22837,45674,8221.32,53895.32
INV07431,2026-02-12,Customer7431,Product9,5,36898,184490,33208.2,217698.2
INV07432,2026-02-13,Customer7432,Product11,3,36241,108723,19570.14,128293.14
INV07433,2026-02-14,Customer7433,Product12,4,44249,176996,31859.28,208855.28
INV07434,2026-02-15,Customer7434,Product14,1,22446,22446,4040.28,26486.28
INV07435,2026-02-16,Customer7435,Product20,1,47004,47004,8460.72,55464.72
INV07436,2026-02-17,Customer7436,Product18,3,1548,4644,835.92,5479.92
INV07437,2026-02-18,Customer7437,Product9,4,3051,12204,2196.72,14400.72
INV07438,2026-02-19,Customer7438,Product14,3,28155,84465,15203.7,99668.7
INV07439,2026-02-20,Customer7439,Product18,5,41095,205475,36985.5,242460.5
INV07440,2026-02-21,Customer7440,Product18,2,45824,91648,16496.64,108144.64
INV07441,2026-02-22,Customer7441,Product15,5,6481,32405,5832.9,38237.9
INV07442,2026-02-23,Customer7442,Product4,4,40581,162324,29218.32,191542.32
INV07443,2026-02-24,Customer7443,Product20,5,31967,159835,28770.3,188605.3
INV07444,2026-02-25,Customer7444,Product20,3,3799,11397,2051.46,13448.46
INV07445,2026-02-26,Customer7445,Product17,3,10118,30354,5463.72,35817.72
INV07446,2026-02-27,Customer7446,Product7,4,13259,53036,9546.48,62582.479999999996
INV07447,2026-02-28,Customer7447,Product5,3,31456,94368,16986.24,111354.24
INV07448,2026-02-01,Customer7448,Product14,3,6866,20598,3707.64,24305.64
INV07449,2026-02-02,Customer7449,Product11,4,7805,31220,5619.6,36839.6
INV07450,2026-02-03,Customer7450,Product7,2,6470,12940,2329.2,15269.2
INV07451,2026-02-04,Customer7451,Product1,1,36720,36720,6609.6,43329.6
INV07452,2026-02-05,Customer7452,Product8,3,43511,130533,23495.94,154028.94
INV07453,2026-02-06,Customer7453,Product13,3,4093,12279,2210.22,14489.22
INV07454,2026-02-07,Customer7454,Product14,4,19425,77700,13986.0,91686.0
INV07455,2026-02-08,Customer7455,Product19,2,18858,37716,6788.88,44504.88
INV07456,2026-02-09,Customer7456,Product14,4,8895,35580,6404.4,41984.4
INV07457,2026-02-10,Customer7457,Product2,5,25526,127630,22973.4,150603.4
INV07458,2026-02-11,Customer7458,Product7,2,20329,40658,7318.44,47976.44
INV07459,2026-02-12,Customer7459,Product10,3,3866,11598,2087.64,13685.64
INV07460,2026-02-13,Customer7460,Product5,2,28186,56372,10146.96,66518.95999999999
INV07461,2026-02-14,Customer7461,Product2,1,35002,35002,6300.36,41302.36
INV07462,2026-02-15,Customer7462,Product17,5,5943,29715,5348.7,35063.7
INV07463,2026-02-16,Customer7463,Product6,3,2144,6432,1157.76,7589.76
INV07464,2026-02-17,Customer7464,Product11,1,4276,4276,769.68,5045.68
INV07465,2026-02-18,Customer7465,Product7,5,11189,55945,10070.1,66015.1
INV07466,2026-02-19,Customer7466,Product15,4,29664,118656,21358.08,140014.08000000002
INV07467,2026-02-20,Customer7467,Product11,1,37029,37029,6665.22,43694.22
INV07468,2026-02-21,Customer7468,Product17,1,49929,49929,8987.22,58916.22
INV07469,2026-02-22,Customer7469,Product2,2,41091,82182,14792.76,96974.76
INV07470,2026-02-23,Customer7470,Product9,4,39614,158456,28522.08,186978.08000000002
INV07471,2026-02-24,Customer7471,Product19,1,44426,44426,7996.68,52422.68
INV07472,2026-02-25,Customer7472,Product1,3,11542,34626,6232.68,40858.68
INV07473,2026-02-26,Customer7473,Product10,1,39976,39976,7195.68,47171.68
INV07474,2026-02-27,Customer7474,Product16,3,22134,66402,11952.36,78354.36
INV07475,2026-02-28,Customer7475,Product20,3,26415,79245,14264.1,93509.1
INV07476,2026-02-01,Customer7476,Product19,2,38893,77786,14001.48,91787.48
INV07477,2026-02-02,Customer7477,Product16,1,36277,36277,6529.86,42806.86
INV07478,2026-02-03,Customer7478,Product7,1,20300,20300,3654.0,23954.0
INV07479,2026-02-04,Customer7479,Product2,5,24409,122045,21968.1,144013.1
INV07480,2026-02-05,Customer7480,Product17,1,34747,34747,6254.46,41001.46
INV07481,2026-02-06,Customer7481,Product14,3,27984,83952,15111.36,99063.36
INV07482,2026-02-07,Customer7482,Product7,2,12674,25348,4562.64,29910.64
INV07483,2026-02-08,Customer7483,Product15,2,36072,72144,12985.92,85129.92
INV07484,2026-02-09,Customer7484,Product7,1,8663,8663,1559.34,10222.34
INV07485,2026-02-10,Customer7485,Product5,3,46634,139902,25182.36,165084.36
INV07486,2026-02-11,Customer7486,Product16,4,31517,126068,22692.24,148760.24
INV07487,2026-02-12,Customer7487,Product3,1,39057,39057,7030.26,46087.26
INV07488,2026-02-13,Customer7488,Product14,3,3967,11901,2142.18,14043.18
INV07489,2026-02-14,Customer7489,Product5,2,32969,65938,11868.84,77806.84
INV07490,2026-02-15,Customer7490,Product13,3,27937,83811,15085.98,98896.98
INV07491,2026-02-16,Customer7491,Product11,1,31444,31444,5659.92,37103.92
INV07492,2026-02-17,Customer7492,Product12,4,14509,58036,10446.48,68482.48
INV07493,2026-02-18,Customer7493,Product13,5,29734,148670,26760.6,175430.6
INV07494,2026-02-19,Customer7494,Product19,5,12650,63250,11385.0,74635.0
INV07495,2026-02-20,Customer7495,Product19,1,39592,39592,7126.56,46718.56
INV07496,2026-02-21,Customer7496,Product1,3,26278,78834,14190.12,93024.12
INV07497,2026-02-22,Customer7497,Product1,4,15029,60116,10820.88,70936.88
INV07498,2026-02-23,Customer7498,Product19,1,34733,34733,6251.94,40984.94
INV07499,2026-02-24,Customer7499,Product15,4,2117,8468,1524.24,9992.24
INV07500,2026-02-25,Customer7500,Product2,5,23625,118125,21262.5,139387.5
INV07501,2026-02-26,Customer7501,Product2,3,10438,31314,5636.52,36950.520000000004
INV07502,2026-02-27,Customer7502,Product19,1,2572,2572,462.96,3034.96
INV07503,2026-02-28,Customer7503,Product19,4,34788,139152,25047.36,164199.36
INV07504,2026-02-01,Customer7504,Product20,2,32637,65274,11749.32,77023.32
INV07505,2026-02-02,Customer7505,Product13,1,41709,41709,7507.62,49216.62
INV07506,2026-02-03,Customer7506,Product2,5,28325,141625,25492.5,167117.5
INV07507,2026-02-04,Customer7507,Product17,5,44622,223110,40159.8,263269.8
INV07508,2026-02-05,Customer7508,Product5,2,44113,88226,15880.68,104106.68
INV07509,2026-02-06,Customer7509,Product16,4,16012,64048,11528.64,75576.64
INV07510,2026-02-07,Customer7510,Product20,4,973,3892,700.56,4592.5599999999995
INV07511,2026-02-08,Customer7511,Product18,4,44021,176084,31695.12,207779.12
INV07512,2026-02-09,Customer7512,Product8,1,23501,23501,4230.18,27731.18
INV07513,2026-02-10,Customer7513,Product2,5,33538,167690,30184.2,197874.2
INV07514,2026-02-11,Customer7514,Product18,2,20796,41592,7486.56,49078.56
INV07515,2026-02-12,Customer7515,Product9,2,24619,49238,8862.84,58100.84
INV07516,2026-02-13,Customer7516,Product12,2,29573,59146,10646.28,69792.28
INV07517,2026-02-14,Customer7517,Product12,5,15230,76150,13707.0,89857.0
INV07518,2026-02-15,Customer7518,Product18,4,43079,172316,31016.88,203332.88
INV07519,2026-02-16,Customer7519,Product5,2,35395,70790,12742.2,83532.2
INV07520,2026-02-17,Customer7520,Product5,5,45803,229015,41222.7,270237.7
INV07521,2026-02-18,Customer7521,Product4,1,25127,25127,4522.86,29649.86
INV07522,2026-02-19,Customer7522,Product11,4,33555,134220,24159.6,158379.6
INV07523,2026-02-20,Customer7523,Product1,2,41092,82184,14793.12,96977.12
INV07524,2026-02-21,Customer7524,Product4,4,29404,117616,21170.88,138786.88
INV07525,2026-02-22,Customer7525,Product11,5,49920,249600,44928.0,294528.0
INV07526,2026-02-23,Customer7526,Product10,3,44717,134151,24147.18,158298.18
INV07527,2026-02-24,Customer7527,Product4,5,13377,66885,12039.3,78924.3
INV07528,2026-02-25,Customer7528,Product9,4,36138,144552,26019.36,170571.36
INV07529,2026-02-26,Customer7529,Product19,3,7644,22932,4127.76,27059.760000000002
INV07530,2026-02-27,Customer7530,Product20,5,30545,152725,27490.5,180215.5
INV07531,2026-02-28,Customer7531,Product3,3,38421,115263,20747.34,136010.34
INV07532,2026-02-01,Customer7532,Product13,1,30957,30957,5572.26,36529.26
INV07533,2026-02-02,Customer7533,Product9,3,28337,85011,15301.98,100312.98
INV07534,2026-02-03,Customer7534,Product20,3,47189,141567,25482.06,167049.06
INV07535,2026-02-04,Customer7535,Product16,2,49271,98542,17737.56,116279.56
INV07536,2026-02-05,Customer7536,Product17,4,30324,121296,21833.28,143129.28
INV07537,2026-02-06,Customer7537,Product13,4,32096,128384,23109.12,151493.12
INV07538,2026-02-07,Customer7538,Product19,5,14248,71240,12823.2,84063.2
INV07539,2026-02-08,Customer7539,Product12,2,46443,92886,16719.48,109605.48
INV07540,2026-02-09,Customer7540,Product16,2,16067,32134,5784.12,37918.12
INV07541,2026-02-10,Customer7541,Product17,2,25818,51636,9294.48,60930.479999999996
INV07542,2026-02-11,Customer7542,Product15,1,34339,34339,6181.02,40520.020000000004
INV07543,2026-02-12,Customer7543,Product10,5,7287,36435,6558.3,42993.3
INV07544,2026-02-13,Customer7544,Product8,5,48971,244855,44073.9,288928.9
INV07545,2026-02-14,Customer7545,Product13,4,43836,175344,31561.92,206905.91999999998
INV07546,2026-02-15,Customer7546,Product17,4,17461,69844,12571.92,82415.92
INV07547,2026-02-16,Customer7547,Product10,2,35978,71956,12952.08,84908.08
INV07548,2026-02-17,Customer7548,Product14,3,9179,27537,4956.66,32493.66
INV07549,2026-02-18,Customer7549,Product10,4,25947,103788,18681.84,122469.84
INV07550,2026-02-19,Customer7550,Product2,2,13781,27562,4961.16,32523.16
INV07551,2026-02-20,Customer7551,Product5,4,36189,144756,26056.08,170812.08000000002
INV07552,2026-02-21,Customer7552,Product15,5,36132,180660,32518.8,213178.8
INV07553,2026-02-22,Customer7553,Product18,3,24373,73119,13161.42,86280.42
INV07554,2026-02-23,Customer7554,Product18,3,9234,27702,4986.36,32688.36
INV07555,2026-02-24,Customer7555,Product11,5,6695,33475,6025.5,39500.5
INV07556,2026-02-25,Customer7556,Product13,2,28473,56946,10250.28,67196.28
INV07557,2026-02-26,Customer7557,Product4,1,26881,26881,4838.58,31719.58
INV07558,2026-02-27,Customer7558,Product14,5,6271,31355,5643.9,36998.9
INV07559,2026-02-28,Customer7559,Product1,3,49555,148665,26759.7,175424.7
INV07560,2026-02-01,Customer7560,Product20,3,7228,21684,3903.12,25587.12
INV07561,2026-02-02,Customer7561,Product12,5,9062,45310,8155.8,53465.8
INV07562,2026-02-03,Customer7562,Product13,4,34022,136088,24495.84,160583.84
INV07563,2026-02-04,Customer7563,Product12,2,19299,38598,6947.64,45545.64
INV07564,2026-02-05,Customer7564,Product1,1,11577,11577,2083.86,13660.86
INV07565,2026-02-06,Customer7565,Product16,1,24481,24481,4406.58,28887.58
INV07566,2026-02-07,Customer7566,Product2,2,13005,26010,4681.8,30691.8
INV07567,2026-02-08,Customer7567,Product10,2,19679,39358,7084.44,46442.44
INV07568,2026-02-09,Customer7568,Product1,5,20303,101515,18272.7,119787.7
INV07569,2026-02-10,Customer7569,Product7,1,32627,32627,5872.86,38499.86
INV07570,2026-02-11,Customer7570,Product20,5,20065,100325,18058.5,118383.5
INV07571,2026-02-12,Customer7571,Product1,3,22782,68346,12302.28,80648.28
INV07572,2026-02-13,Customer7572,Product1,2,10402,20804,3744.72,24548.72
INV07573,2026-02-14,Customer7573,Product20,5,37122,185610,33409.8,219019.8
INV07574,2026-02-15,Customer7574,Product15,2,23912,47824,8608.32,56432.32
INV07575,2026-02-16,Customer7575,Product18,2,47988,95976,17275.68,113251.68
INV07576,2026-02-17,Customer7576,Product2,5,33307,166535,29976.3,196511.3
INV07577,2026-02-18,Customer7577,Product16,4,6421,25684,4623.12,30307.12
INV07578,2026-02-19,Customer7578,Product9,4,29884,119536,21516.48,141052.48
INV07579,2026-02-20,Customer7579,Product12,4,12749,50996,9179.28,60175.28
INV07580,2026-02-21,Customer7580,Product20,1,27221,27221,4899.78,32120.78
INV07581,2026-02-22,Customer7581,Product2,3,29835,89505,16110.9,105615.9
INV07582,2026-02-23,Customer7582,Product4,5,12443,62215,11198.7,73413.7
INV07583,2026-02-24,Customer7583,Product3,1,4861,4861,874.98,5735.98
INV07584,2026-02-25,Customer7584,Product3,1,28516,28516,5132.88,33648.88
INV07585,2026-02-26,Customer7585,Product16,5,6208,31040,5587.2,36627.2
INV07586,2026-02-27,Customer7586,Product15,2,32578,65156,11728.08,76884.08
INV07587,2026-02-28,Customer7587,Product19,2,41039,82078,14774.04,96852.04000000001
INV07588,2026-02-01,Customer7588,Product16,4,35298,141192,25414.56,166606.56
INV07589,2026-02-02,Customer7589,Product9,4,26633,106532,19175.76,125707.76
INV07590,2026-02-03,Customer7590,Product6,5,23794,118970,21414.6,140384.6
INV07591,2026-02-04,Customer7591,Product6,2,10964,21928,3947.04,25875.04
INV07592,2026-02-05,Customer7592,Product10,5,27132,135660,24418.8,160078.8
INV07593,2026-02-06,Customer7593,Product10,3,34926,104778,18860.04,123638.04000000001
INV07594,2026-02-07,Customer7594,Product4,5,26317,131585,23685.3,155270.3
INV07595,2026-02-08,Customer7595,Product19,3,29400,88200,15876.0,104076.0
INV07596,2026-02-09,Customer7596,Product2,1,49440,49440,8899.2,58339.2
INV07597,2026-02-10,Customer7597,Product2,3,47314,141942,25549.56,167491.56
INV07598,2026-02-11,Customer7598,Product1,4,44874,179496,32309.28,211805.28
INV07599,2026-02-12,Customer7599,Product1,3,39892,119676,21541.68,141217.68
INV07600,2026-02-13,Customer7600,Product8,2,39877,79754,14355.72,94109.72
INV07601,2026-02-14,Customer7601,Product8,2,12407,24814,4466.52,29280.52
INV07602,2026-02-15,Customer7602,Product7,3,40077,120231,21641.58,141872.58000000002
INV07603,2026-02-16,Customer7603,Product18,1,19303,19303,3474.54,22777.54
INV07604,2026-02-17,Customer7604,Product5,4,16025,64100,11538.0,75638.0
INV07605,2026-02-18,Customer7605,Product9,3,34786,104358,18784.44,123142.44
INV07606,2026-02-19,Customer7606,Product3,3,29532,88596,15947.28,104543.28
INV07607,2026-02-20,Customer7607,Product13,1,22622,22622,4071.96,26693.96
INV07608,2026-02-21,Customer7608,Product8,4,34543,138172,24870.96,163042.96
INV07609,2026-02-22,Customer7609,Product11,2,35541,71082,12794.76,83876.76
INV07610,2026-02-23,Customer7610,Product7,3,41959,125877,22657.86,148534.86
INV07611,2026-02-24,Customer7611,Product7,1,37449,37449,6740.82,44189.82
INV07612,2026-02-25,Customer7612,Product4,5,38499,192495,34649.1,227144.1
INV07613,2026-02-26,Customer7613,Product20,2,42230,84460,15202.8,99662.8
INV07614,2026-02-27,Customer7614,Product6,1,13261,13261,2386.98,15647.98
INV07615,2026-02-28,Customer7615,Product17,3,4962,14886,2679.48,17565.48
INV07616,2026-02-01,Customer7616,Product12,5,5542,27710,4987.8,32697.8
INV07617,2026-02-02,Customer7617,Product13,2,15060,30120,5421.6,35541.6
INV07618,2026-02-03,Customer7618,Product5,4,26509,106036,19086.48,125122.48
INV07619,2026-02-04,Customer7619,Product17,2,1940,3880,698.4,4578.4
INV07620,2026-02-05,Customer7620,Product12,2,9084,18168,3270.24,21438.239999999998
INV07621,2026-02-06,Customer7621,Product7,4,22389,89556,16120.08,105676.08
INV07622,2026-02-07,Customer7622,Product16,4,49904,199616,35930.88,235546.88
INV07623,2026-02-08,Customer7623,Product17,3,25812,77436,13938.48,91374.48
INV07624,2026-02-09,Customer7624,Product12,2,12210,24420,4395.6,28815.6
INV07625,2026-02-10,Customer7625,Product12,1,11366,11366,2045.88,13411.880000000001
INV07626,2026-02-11,Customer7626,Product18,4,42131,168524,30334.32,198858.32
INV07627,2026-02-12,Customer7627,Product19,2,42186,84372,15186.96,99558.95999999999
INV07628,2026-02-13,Customer7628,Product5,4,46986,187944,33829.92,221773.91999999998
INV07629,2026-02-14,Customer7629,Product7,2,21476,42952,7731.36,50683.36
INV07630,2026-02-15,Customer7630,Product9,2,20903,41806,7525.08,49331.08
INV07631,2026-02-16,Customer7631,Product4,3,49326,147978,26636.04,174614.04
INV07632,2026-02-17,Customer7632,Product1,4,33820,135280,24350.4,159630.4
INV07633,2026-02-18,Customer7633,Product1,3,6542,19626,3532.68,23158.68
INV07634,2026-02-19,Customer7634,Product13,4,14372,57488,10347.84,67835.84
INV07635,2026-02-20,Customer7635,Product6,4,7930,31720,5709.6,37429.6
INV07636,2026-02-21,Customer7636,Product7,4,28540,114160,20548.8,134708.8
INV07637,2026-02-22,Customer7637,Product10,4,13289,53156,9568.08,62724.08
INV07638,2026-02-23,Customer7638,Product19,4,5402,21608,3889.44,25497.44
INV07639,2026-02-24,Customer7639,Product20,4,15279,61116,11000.88,72116.88
INV07640,2026-02-25,Customer7640,Product13,2,31567,63134,11364.12,74498.12
INV07641,2026-02-26,Customer7641,Product13,3,12928,38784,6981.12,45765.12
INV07642,2026-02-27,Customer7642,Product19,2,20816,41632,7493.76,49125.76
INV07643,2026-02-28,Customer7643,Product10,5,4438,22190,3994.2,26184.2
INV07644,2026-02-01,Customer7644,Product15,5,36385,181925,32746.5,214671.5
INV07645,2026-02-02,Customer7645,Product19,5,35861,179305,32274.9,211579.9
INV07646,2026-02-03,Customer7646,Product13,3,44856,134568,24222.24,158790.24
INV07647,2026-02-04,Customer7647,Product19,3,16123,48369,8706.42,57075.42
INV07648,2026-02-05,Customer7648,Product14,1,46313,46313,8336.34,54649.34
INV07649,2026-02-06,Customer7649,Product18,2,11660,23320,4197.6,27517.6
INV07650,2026-02-07,Customer7650,Product2,2,14304,28608,5149.44,33757.44
INV07651,2026-02-08,Customer7651,Product10,5,4943,24715,4448.7,29163.7
INV07652,2026-02-09,Customer7652,Product9,5,44888,224440,40399.2,264839.2
INV07653,2026-02-10,Customer7653,Product1,5,28093,140465,25283.7,165748.7
INV07654,2026-02-11,Customer7654,Product7,2,15808,31616,5690.88,37306.88
INV07655,2026-02-12,Customer7655,Product1,5,21193,105965,19073.7,125038.7
INV07656,2026-02-13,Customer7656,Product14,4,7474,29896,5381.28,35277.28
INV07657,2026-02-14,Customer7657,Product18,3,25707,77121,13881.78,91002.78
INV07658,2026-02-15,Customer7658,Product12,5,43775,218875,39397.5,258272.5
INV07659,2026-02-16,Customer7659,Product3,2,8294,16588,2985.84,19573.84
INV07660,2026-02-17,Customer7660,Product10,3,48697,146091,26296.38,172387.38
INV07661,2026-02-18,Customer7661,Product5,3,5674,17022,3063.96,20085.96
INV07662,2026-02-19,Customer7662,Product2,4,17568,70272,12648.96,82920.95999999999
INV07663,2026-02-20,Customer7663,Product17,4,36886,147544,26557.92,174101.91999999998
INV07664,2026-02-21,Customer7664,Product20,5,30950,154750,27855.0,182605.0
INV07665,2026-02-22,Customer7665,Product5,2,47616,95232,17141.76,112373.76
INV07666,2026-02-23,Customer7666,Product12,2,47362,94724,17050.32,111774.32
INV07667,2026-02-24,Customer7667,Product10,1,7857,7857,1414.26,9271.26
INV07668,2026-02-25,Customer7668,Product15,2,15965,31930,5747.4,37677.4
INV07669,2026-02-26,Customer7669,Product18,3,3414,10242,1843.56,12085.56
INV07670,2026-02-27,Customer7670,Product20,2,49762,99524,17914.32,117438.32
INV07671,2026-02-28,Customer7671,Product4,2,38248,76496,13769.28,90265.28
INV07672,2026-02-01,Customer7672,Product5,2,14617,29234,5262.12,34496.12
INV07673,2026-02-02,Customer7673,Product19,1,11169,11169,2010.42,13179.42
INV07674,2026-02-03,Customer7674,Product11,3,620,1860,334.8,2194.8
INV07675,2026-02-04,Customer7675,Product4,5,2358,11790,2122.2,13912.2
INV07676,2026-02-05,Customer7676,Product2,5,47269,236345,42542.1,278887.1
INV07677,2026-02-06,Customer7677,Product10,4,43928,175712,31628.16,207340.16
INV07678,2026-02-07,Customer7678,Product15,3,6098,18294,3292.92,21586.92
INV07679,2026-02-08,Customer7679,Product14,2,3699,7398,1331.64,8729.64
INV07680,2026-02-09,Customer7680,Product11,2,12722,25444,4579.92,30023.92
INV07681,2026-02-10,Customer7681,Product18,1,38913,38913,7004.34,45917.34
INV07682,2026-02-11,Customer7682,Product10,2,36230,72460,13042.8,85502.8
INV07683,2026-02-12,Customer7683,Product15,3,45686,137058,24670.44,161728.44
INV07684,2026-02-13,Customer7684,Product1,4,39548,158192,28474.56,186666.56
INV07685,2026-02-14,Customer7685,Product12,1,24036,24036,4326.48,28362.48
INV07686,2026-02-15,Customer7686,Product20,3,1537,4611,829.98,5440.98
INV07687,2026-02-16,Customer7687,Product19,3,27105,81315,14636.7,95951.7
INV07688,2026-02-17,Customer7688,Product8,4,41063,164252,29565.36,193817.36
INV07689,2026-02-18,Customer7689,Product16,1,24432,24432,4397.76,28829.760000000002
INV07690,2026-02-19,Customer7690,Product2,5,42750,213750,38475.0,252225.0
INV07691,2026-02-20,Customer7691,Product2,3,6475,19425,3496.5,22921.5
INV07692,2026-02-21,Customer7692,Product2,3,37875,113625,20452.5,134077.5
INV07693,2026-02-22,Customer7693,Product6,1,9694,9694,1744.92,11438.92
INV07694,2026-02-23,Customer7694,Product6,5,18949,94745,17054.1,111799.1
INV07695,2026-02-24,Customer7695,Product3,3,29287,87861,15814.98,103675.98
INV07696,2026-02-25,Customer7696,Product17,4,32867,131468,23664.24,155132.24
INV07697,2026-02-26,Customer7697,Product16,2,38815,77630,13973.4,91603.4
INV07698,2026-02-27,Customer7698,Product19,2,9127,18254,3285.72,21539.72
INV07699,2026-02-28,Customer7699,Product8,4,34900,139600,25128.0,164728.0
INV07700,2026-02-01,Customer7700,Product13,1,15854,15854,2853.72,18707.72
INV07701,2026-02-02,Customer7701,Product11,4,6811,27244,4903.92,32147.92
INV07702,2026-02-03,Customer7702,Product3,4,1486,5944,1069.92,7013.92
INV07703,2026-02-04,Customer7703,Product13,1,7640,7640,1375.2,9015.2
INV07704,2026-02-05,Customer7704,Product3,2,32494,64988,11697.84,76685.84
INV07705,2026-02-06,Customer7705,Product7,5,16550,82750,14895.0,97645.0
INV07706,2026-02-07,Customer7706,Product1,3,43415,130245,23444.1,153689.1
INV07707,2026-02-08,Customer7707,Product9,5,35491,177455,31941.9,209396.9
INV07708,2026-02-09,Customer7708,Product14,1,11401,11401,2052.18,13453.18
INV07709,2026-02-10,Customer7709,Product5,3,49349,148047,26648.46,174695.46
INV07710,2026-02-11,Customer7710,Product11,2,19080,38160,6868.8,45028.8
INV07711,2026-02-12,Customer7711,Product4,1,47174,47174,8491.32,55665.32
INV07712,2026-02-13,Customer7712,Product12,5,28516,142580,25664.4,168244.4
INV07713,2026-02-14,Customer7713,Product12,3,48300,144900,26082.0,170982.0
INV07714,2026-02-15,Customer7714,Product15,4,40580,162320,29217.6,191537.6
INV07715,2026-02-16,Customer7715,Product7,2,28833,57666,10379.88,68045.88
INV07716,2026-02-17,Customer7716,Product5,5,18011,90055,16209.9,106264.9
INV07717,2026-02-18,Customer7717,Product1,5,14449,72245,13004.1,85249.1
INV07718,2026-02-19,Customer7718,Product4,4,30995,123980,22316.4,146296.4
INV07719,2026-02-20,Customer7719,Product17,2,39922,79844,14371.92,94215.92
INV07720,2026-02-21,Customer7720,Product17,5,22973,114865,20675.7,135540.7
INV07721,2026-02-22,Customer7721,Product14,4,7929,31716,5708.88,37424.88
INV07722,2026-02-23,Customer7722,Product17,2,38236,76472,13764.96,90236.95999999999
INV07723,2026-02-24,Customer7723,Product3,1,31892,31892,5740.56,37632.56
INV07724,2026-02-25,Customer7724,Product1,4,48131,192524,34654.32,227178.32
INV07725,2026-02-26,Customer7725,Product17,3,45667,137001,24660.18,161661.18
INV07726,2026-02-27,Customer7726,Product9,2,8129,16258,2926.44,19184.44
INV07727,2026-02-28,Customer7727,Product4,3,8374,25122,4521.96,29643.96
INV07728,2026-02-01,Customer7728,Product19,3,42406,127218,22899.24,150117.24
INV07729,2026-02-02,Customer7729,Product3,2,32386,64772,11658.96,76430.95999999999
INV07730,2026-02-03,Customer7730,Product16,5,22824,114120,20541.6,134661.6
INV07731,2026-02-04,Customer7731,Product19,4,1083,4332,779.76,5111.76
INV07732,2026-02-05,Customer7732,Product2,2,22989,45978,8276.04,54254.04
INV07733,2026-02-06,Customer7733,Product8,2,21310,42620,7671.6,50291.6
INV07734,2026-02-07,Customer7734,Product14,1,25633,25633,4613.94,30246.94
INV07735,2026-02-08,Customer7735,Product4,5,525,2625,472.5,3097.5
INV07736,2026-02-09,Customer7736,Product19,3,33880,101640,18295.2,119935.2
INV07737,2026-02-10,Customer7737,Product9,5,37552,187760,33796.8,221556.8
INV07738,2026-02-11,Customer7738,Product2,1,8333,8333,1499.94,9832.94
INV07739,2026-02-12,Customer7739,Product18,4,10234,40936,7368.48,48304.479999999996
INV07740,2026-02-13,Customer7740,Product1,5,36660,183300,32994.0,216294.0
INV07741,2026-02-14,Customer7741,Product2,3,3893,11679,2102.22,13781.22
INV07742,2026-02-15,Customer7742,Product2,4,37643,150572,27102.96,177674.96
INV07743,2026-02-16,Customer7743,Product18,5,32779,163895,29501.1,193396.1
INV07744,2026-02-17,Customer7744,Product9,1,43669,43669,7860.42,51529.42
INV07745,2026-02-18,Customer7745,Product17,4,7822,31288,5631.84,36919.84
INV07746,2026-02-19,Customer7746,Product5,3,32657,97971,17634.78,115605.78
INV07747,2026-02-20,Customer7747,Product16,3,4338,13014,2342.52,15356.52
INV07748,2026-02-21,Customer7748,Product18,5,41900,209500,37710.0,247210.0
INV07749,2026-02-22,Customer7749,Product12,3,20550,61650,11097.0,72747.0
INV07750,2026-02-23,Customer7750,Product4,4,1310,5240,943.2,6183.2
INV07751,2026-02-24,Customer7751,Product5,5,4820,24100,4338.0,28438.0
INV07752,2026-02-25,Customer7752,Product20,5,14554,72770,13098.6,85868.6
INV07753,2026-02-26,Customer7753,Product19,4,16773,67092,12076.56,79168.56
INV07754,2026-02-27,Customer7754,Product18,4,40896,163584,29445.12,193029.12
INV07755,2026-02-28,Customer7755,Product1,4,33757,135028,24305.04,159333.04
INV07756,2026-02-01,Customer7756,Product1,3,3741,11223,2020.14,13243.14
INV07757,2026-02-02,Customer7757,Product2,2,19100,38200,6876.0,45076.0
INV07758,2026-02-03,Customer7758,Product6,4,9913,39652,7137.36,46789.36
INV07759,2026-02-04,Customer7759,Product4,5,6967,34835,6270.3,41105.3
INV07760,2026-02-05,Customer7760,Product3,2,2308,4616,830.88,5446.88
INV07761,2026-02-06,Customer7761,Product2,4,44042,176168,31710.24,207878.24
INV07762,2026-02-07,Customer7762,Product4,1,14892,14892,2680.56,17572.56
INV07763,2026-02-08,Customer7763,Product20,2,5648,11296,2033.28,13329.28
INV07764,2026-02-09,Customer7764,Product9,1,24141,24141,4345.38,28486.38
INV07765,2026-02-10,Customer7765,Product11,5,37018,185090,33316.2,218406.2
INV07766,2026-02-11,Customer7766,Product16,5,6223,31115,5600.7,36715.7
INV07767,2026-02-12,Customer7767,Product10,5,46296,231480,41666.4,273146.4
INV07768,2026-02-13,Customer7768,Product17,3,15439,46317,8337.06,54654.06
INV07769,2026-02-14,Customer7769,Product10,4,45289,181156,32608.08,213764.08000000002
INV07770,2026-02-15,Customer7770,Product17,1,17750,17750,3195.0,20945.0
INV07771,2026-02-16,Customer7771,Product20,5,46276,231380,41648.4,273028.4
INV07772,2026-02-17,Customer7772,Product19,4,14721,58884,10599.12,69483.12
INV07773,2026-02-18,Customer7773,Product7,4,8629,34516,6212.88,40728.88
INV07774,2026-02-19,Customer7774,Product7,4,32460,129840,23371.2,153211.2
INV07775,2026-02-20,Customer7775,Product19,5,20693,103465,18623.7,122088.7
INV07776,2026-02-21,Customer7776,Product19,3,45590,136770,24618.6,161388.6
INV07777,2026-02-22,Customer7777,Product12,5,18176,90880,16358.4,107238.4
INV07778,2026-02-23,Customer7778,Product9,1,19505,19505,3510.9,23015.9
INV07779,2026-02-24,Customer7779,Product16,5,41753,208765,37577.7,246342.7
INV07780,2026-02-25,Customer7780,Product8,3,47739,143217,25779.06,168996.06
INV07781,2026-02-26,Customer7781,Product19,2,8280,16560,2980.8,19540.8
INV07782,2026-02-27,Customer7782,Product5,4,34978,139912,25184.16,165096.16
INV07783,2026-02-28,Customer7783,Product16,3,14757,44271,7968.78,52239.78
INV07784,2026-02-01,Customer7784,Product2,2,8884,17768,3198.24,20966.239999999998
INV07785,2026-02-02,Customer7785,Product9,1,34991,34991,6298.38,41289.38
INV07786,2026-02-03,Customer7786,Product2,3,44300,132900,23922.0,156822.0
INV07787,2026-02-04,Customer7787,Product1,5,8852,44260,7966.8,52226.8
INV07788,2026-02-05,Customer7788,Product10,1,39964,39964,7193.52,47157.520000000004
INV07789,2026-02-06,Customer7789,Product5,2,35780,71560,12880.8,84440.8
INV07790,2026-02-07,Customer7790,Product14,2,48718,97436,17538.48,114974.48
INV07791,2026-02-08,Customer7791,Product13,2,33707,67414,12134.52,79548.52
INV07792,2026-02-09,Customer7792,Product6,2,13058,26116,4700.88,30816.88
INV07793,2026-02-10,Customer7793,Product13,5,38378,191890,34540.2,226430.2
INV07794,2026-02-11,Customer7794,Product12,2,1346,2692,484.56,3176.56
INV07795,2026-02-12,Customer7795,Product4,1,40965,40965,7373.7,48338.7
INV07796,2026-02-13,Customer7796,Product14,1,48132,48132,8663.76,56795.76
INV07797,2026-02-14,Customer7797,Product15,4,43363,173452,31221.36,204673.36
INV07798,2026-02-15,Customer7798,Product12,5,14746,73730,13271.4,87001.4
INV07799,2026-02-16,Customer7799,Product20,4,22386,89544,16117.92,105661.92
INV07800,2026-02-17,Customer7800,Product19,1,42114,42114,7580.52,49694.520000000004
INV07801,2026-02-18,Customer7801,Product14,3,14011,42033,7565.94,49598.94
INV07802,2026-02-19,Customer7802,Product18,1,5727,5727,1030.86,6757.86
INV07803,2026-02-20,Customer7803,Product19,5,26703,133515,24032.7,157547.7
INV07804,2026-02-21,Customer7804,Product15,4,26017,104068,18732.24,122800.24
INV07805,2026-02-22,Customer7805,Product9,4,28975,115900,20862.0,136762.0
INV07806,2026-02-23,Customer7806,Product2,5,31145,155725,28030.5,183755.5
INV07807,2026-02-24,Customer7807,Product5,3,22722,68166,12269.88,80435.88
INV07808,2026-02-25,Customer7808,Product11,4,2201,8804,1584.72,10388.72
INV07809,2026-02-26,Customer7809,Product15,2,27779,55558,10000.44,65558.44
INV07810,2026-02-27,Customer7810,Product11,4,27558,110232,19841.76,130073.76
INV07811,2026-02-28,Customer7811,Product14,5,19240,96200,17316.0,113516.0
INV07812,2026-02-01,Customer7812,Product2,5,5829,29145,5246.1,34391.1
INV07813,2026-02-02,Customer7813,Product10,4,29474,117896,21221.28,139117.28
INV07814,2026-02-03,Customer7814,Product5,4,846,3384,609.12,3993.12
INV07815,2026-02-04,Customer7815,Product10,4,39639,158556,28540.08,187096.08000000002
INV07816,2026-02-05,Customer7816,Product1,5,34539,172695,31085.1,203780.1
INV07817,2026-02-06,Customer7817,Product16,3,35117,105351,18963.18,124314.18
INV07818,2026-02-07,Customer7818,Product16,1,34784,34784,6261.12,41045.12
INV07819,2026-02-08,Customer7819,Product13,4,4019,16076,2893.68,18969.68
INV07820,2026-02-09,Customer7820,Product5,5,3713,18565,3341.7,21906.7
INV07821,2026-02-10,Customer7821,Product12,5,18781,93905,16902.9,110807.9
INV07822,2026-02-11,Customer7822,Product5,1,48880,48880,8798.4,57678.4
INV07823,2026-02-12,Customer7823,Product14,1,21399,21399,3851.82,25250.82
INV07824,2026-02-13,Customer7824,Product2,2,14004,28008,5041.44,33049.44
INV07825,2026-02-14,Customer7825,Product17,4,41818,167272,30108.96,197380.96
INV07826,2026-02-15,Customer7826,Product10,1,28710,28710,5167.8,33877.8
INV07827,2026-02-16,Customer7827,Product15,3,6293,18879,3398.22,22277.22
INV07828,2026-02-17,Customer7828,Product8,2,15936,31872,5736.96,37608.96
INV07829,2026-02-18,Customer7829,Product7,4,32061,128244,23083.92,151327.91999999998
INV07830,2026-02-19,Customer7830,Product10,1,43622,43622,7851.96,51473.96
INV07831,2026-02-20,Customer7831,Product4,4,5137,20548,3698.64,24246.64
INV07832,2026-02-21,Customer7832,Product13,5,21179,105895,19061.1,124956.1
INV07833,2026-02-22,Customer7833,Product3,4,6688,26752,4815.36,31567.36
INV07834,2026-02-23,Customer7834,Product8,5,24396,121980,21956.4,143936.4
INV07835,2026-02-24,Customer7835,Product8,5,21002,105010,18901.8,123911.8
INV07836,2026-02-25,Customer7836,Product8,4,28959,115836,20850.48,136686.48
INV07837,2026-02-26,Customer7837,Product11,2,13117,26234,4722.12,30956.12
INV07838,2026-02-27,Customer7838,Product11,1,26702,26702,4806.36,31508.36
INV07839,2026-02-28,Customer7839,Product10,2,12161,24322,4377.96,28699.96
INV07840,2026-02-01,Customer7840,Product12,3,17433,52299,9413.82,61712.82
INV07841,2026-02-02,Customer7841,Product16,4,40022,160088,28815.84,188903.84
INV07842,2026-02-03,Customer7842,Product3,1,29275,29275,5269.5,34544.5
INV07843,2026-02-04,Customer7843,Product9,5,35077,175385,31569.3,206954.3
INV07844,2026-02-05,Customer7844,Product16,5,39334,196670,35400.6,232070.6
INV07845,2026-02-06,Customer7845,Product16,5,37950,189750,34155.0,223905.0
INV07846,2026-02-07,Customer7846,Product13,2,36772,73544,13237.92,86781.92
INV07847,2026-02-08,Customer7847,Product15,1,652,652,117.36,769.36
INV07848,2026-02-09,Customer7848,Product12,3,12378,37134,6684.12,43818.12
INV07849,2026-02-10,Customer7849,Product9,4,38728,154912,27884.16,182796.16
INV07850,2026-02-11,Customer7850,Product7,2,40022,80044,14407.92,94451.92
INV07851,2026-02-12,Customer7851,Product11,5,30840,154200,27756.0,181956.0
INV07852,2026-02-13,Customer7852,Product6,3,22468,67404,12132.72,79536.72
INV07853,2026-02-14,Customer7853,Product13,4,11488,45952,8271.36,54223.36
INV07854,2026-02-15,Customer7854,Product18,2,11354,22708,4087.44,26795.44
INV07855,2026-02-16,Customer7855,Product4,2,16391,32782,5900.76,38682.76
INV07856,2026-02-17,Customer7856,Product6,2,46144,92288,16611.84,108899.84
INV07857,2026-02-18,Customer7857,Product11,5,32071,160355,28863.9,189218.9
INV07858,2026-02-19,Customer7858,Product8,1,42724,42724,7690.32,50414.32
INV07859,2026-02-20,Customer7859,Product3,5,30664,153320,27597.6,180917.6
INV07860,2026-02-21,Customer7860,Product4,1,9540,9540,1717.2,11257.2
INV07861,2026-02-22,Customer7861,Product13,3,45179,135537,24396.66,159933.66
INV07862,2026-02-23,Customer7862,Product15,1,24529,24529,4415.22,28944.22
INV07863,2026-02-24,Customer7863,Product12,3,38400,115200,20736.0,135936.0
INV07864,2026-02-25,Customer7864,Product14,3,19995,59985,10797.3,70782.3
INV07865,2026-02-26,Customer7865,Product8,4,29469,117876,21217.68,139093.68
INV07866,2026-02-27,Customer7866,Product7,2,24719,49438,8898.84,58336.84
INV07867,2026-02-28,Customer7867,Product10,1,27378,27378,4928.04,32306.04
INV07868,2026-02-01,Customer7868,Product12,5,36760,183800,33084.0,216884.0
INV07869,2026-02-02,Customer7869,Product1,2,14063,28126,5062.68,33188.68
INV07870,2026-02-03,Customer7870,Product13,4,33584,134336,24180.48,158516.48
INV07871,2026-02-04,Customer7871,Product8,1,46639,46639,8395.02,55034.020000000004
INV07872,2026-02-05,Customer7872,Product5,5,45450,227250,40905.0,268155.0
INV07873,2026-02-06,Customer7873,Product20,1,5771,5771,1038.78,6809.78
INV07874,2026-02-07,Customer7874,Product9,2,20070,40140,7225.2,47365.2
INV07875,2026-02-08,Customer7875,Product16,3,7522,22566,4061.88,26627.88
INV07876,2026-02-09,Customer7876,Product3,5,8368,41840,7531.2,49371.2
INV07877,2026-02-10,Customer7877,Product20,1,34257,34257,6166.26,40423.26
INV07878,2026-02-11,Customer7878,Product9,4,29528,118112,21260.16,139372.16
INV07879,2026-02-12,Customer7879,Product12,4,2657,10628,1913.04,12541.04
INV07880,2026-02-13,Customer7880,Product19,4,47552,190208,34237.44,224445.44
INV07881,2026-02-14,Customer7881,Product20,1,6398,6398,1151.64,7549.64
INV07882,2026-02-15,Customer7882,Product7,3,43391,130173,23431.14,153604.14
INV07883,2026-02-16,Customer7883,Product8,5,40527,202635,36474.3,239109.3
INV07884,2026-02-17,Customer7884,Product6,4,44012,176048,31688.64,207736.64
INV07885,2026-02-18,Customer7885,Product12,2,3268,6536,1176.48,7712.48
INV07886,2026-02-19,Customer7886,Product4,2,28685,57370,10326.6,67696.6
INV07887,2026-02-20,Customer7887,Product15,1,3989,3989,718.02,4707.02
INV07888,2026-02-21,Customer7888,Product14,4,23143,92572,16662.96,109234.95999999999
INV07889,2026-02-22,Customer7889,Product8,2,18929,37858,6814.44,44672.44
INV07890,2026-02-23,Customer7890,Product7,4,37298,149192,26854.56,176046.56
INV07891,2026-02-24,Customer7891,Product19,2,16893,33786,6081.48,39867.479999999996
INV07892,2026-02-25,Customer7892,Product15,5,42620,213100,38358.0,251458.0
INV07893,2026-02-26,Customer7893,Product14,1,22738,22738,4092.84,26830.84
INV07894,2026-02-27,Customer7894,Product13,3,19770,59310,10675.8,69985.8
INV07895,2026-02-28,Customer7895,Product4,2,6688,13376,2407.68,15783.68
INV07896,2026-02-01,Customer7896,Product19,2,6598,13196,2375.28,15571.28
INV07897,2026-02-02,Customer7897,Product1,4,14748,58992,10618.56,69610.56
INV07898,2026-02-03,Customer7898,Product9,2,21417,42834,7710.12,50544.12
INV07899,2026-02-04,Customer7899,Product15,3,38752,116256,20926.08,137182.08000000002
INV07900,2026-02-05,Customer7900,Product18,4,13256,53024,9544.32,62568.32
INV07901,2026-02-06,Customer7901,Product6,3,36791,110373,19867.14,130240.14
INV07902,2026-02-07,Customer7902,Product3,4,49106,196424,35356.32,231780.32
INV07903,2026-02-08,Customer7903,Product9,1,24737,24737,4452.66,29189.66
INV07904,2026-02-09,Customer7904,Product14,5,13294,66470,11964.6,78434.6
INV07905,2026-02-10,Customer7905,Product6,5,30176,150880,27158.4,178038.4
INV07906,2026-02-11,Customer7906,Product16,1,49738,49738,8952.84,58690.84
INV07907,2026-02-12,Customer7907,Product4,4,37757,151028,27185.04,178213.04
INV07908,2026-02-13,Customer7908,Product16,5,30052,150260,27046.8,177306.8
INV07909,2026-02-14,Customer7909,Product1,3,47235,141705,25506.9,167211.9
INV07910,2026-02-15,Customer7910,Product17,3,1166,3498,629.64,4127.64
INV07911,2026-02-16,Customer7911,Product2,4,43108,172432,31037.76,203469.76
INV07912,2026-02-17,Customer7912,Product15,3,25676,77028,13865.04,90893.04000000001
INV07913,2026-02-18,Customer7913,Product19,1,30729,30729,5531.22,36260.22
INV07914,2026-02-19,Customer7914,Product10,4,26545,106180,19112.4,125292.4
INV07915,2026-02-20,Customer7915,Product19,1,5664,5664,1019.52,6683.52
INV07916,2026-02-21,Customer7916,Product9,5,49992,249960,44992.8,294952.8
INV07917,2026-02-22,Customer7917,Product15,5,33984,169920,30585.6,200505.6
INV07918,2026-02-23,Customer7918,Product10,3,27712,83136,14964.48,98100.48
INV07919,2026-02-24,Customer7919,Product9,1,40303,40303,7254.54,47557.54
INV07920,2026-02-25,Customer7920,Product14,2,6950,13900,2502.0,16402.0
INV07921,2026-02-26,Customer7921,Product7,5,45656,228280,41090.4,269370.4
INV07922,2026-02-27,Customer7922,Product4,5,15135,75675,13621.5,89296.5
INV07923,2026-02-28,Customer7923,Product11,3,48248,144744,26053.92,170797.91999999998
INV07924,2026-02-01,Customer7924,Product18,2,44045,88090,15856.2,103946.2
INV07925,2026-02-02,Customer7925,Product17,3,5779,17337,3120.66,20457.66
INV07926,2026-02-03,Customer7926,Product14,4,39297,157188,28293.84,185481.84
INV07927,2026-02-04,Customer7927,Product8,5,13540,67700,12186.0,79886.0
INV07928,2026-02-05,Customer7928,Product5,3,49449,148347,26702.46,175049.46
INV07929,2026-02-06,Customer7929,Product17,1,17058,17058,3070.44,20128.44
INV07930,2026-02-07,Customer7930,Product10,5,18309,91545,16478.1,108023.1
INV07931,2026-02-08,Customer7931,Product3,1,38210,38210,6877.8,45087.8
INV07932,2026-02-09,Customer7932,Product7,4,15292,61168,11010.24,72178.24
INV07933,2026-02-10,Customer7933,Product16,3,35606,106818,19227.24,126045.24
INV07934,2026-02-11,Customer7934,Product18,4,30487,121948,21950.64,143898.64
INV07935,2026-02-12,Customer7935,Product13,2,49876,99752,17955.36,117707.36
INV07936,2026-02-13,Customer7936,Product16,1,3756,3756,676.08,4432.08
INV07937,2026-02-14,Customer7937,Product4,4,35409,141636,25494.48,167130.48
INV07938,2026-02-15,Customer7938,Product19,5,29400,147000,26460.0,173460.0
INV07939,2026-02-16,Customer7939,Product18,5,14993,74965,13493.7,88458.7
INV07940,2026-02-17,Customer7940,Product5,2,19694,39388,7089.84,46477.84
INV07941,2026-02-18,Customer7941,Product4,3,47865,143595,25847.1,169442.1
INV07942,2026-02-19,Customer7942,Product7,4,26266,105064,18911.52,123975.52
INV07943,2026-02-20,Customer7943,Product12,3,5693,17079,3074.22,20153.22
INV07944,2026-02-21,Customer7944,Product6,3,29701,89103,16038.54,105141.54000000001
INV07945,2026-02-22,Customer7945,Product16,1,43955,43955,7911.9,51866.9
INV07946,2026-02-23,Customer7946,Product15,2,44401,88802,15984.36,104786.36
INV07947,2026-02-24,Customer7947,Product5,1,29132,29132,5243.76,34375.76
INV07948,2026-02-25,Customer7948,Product9,2,44952,89904,16182.72,106086.72
INV07949,2026-02-26,Customer7949,Product3,4,25981,103924,18706.32,122630.32
INV07950,2026-02-27,Customer7950,Product15,5,21508,107540,19357.2,126897.2
INV07951,2026-02-28,Customer7951,Product18,5,37496,187480,33746.4,221226.4
INV07952,2026-02-01,Customer7952,Product20,2,20913,41826,7528.68,49354.68
INV07953,2026-02-02,Customer7953,Product3,4,42713,170852,30753.36,201605.36
INV07954,2026-02-03,Customer7954,Product11,4,26502,106008,19081.44,125089.44
INV07955,2026-02-04,Customer7955,Product9,4,13262,53048,9548.64,62596.64
INV07956,2026-02-05,Customer7956,Product12,4,40814,163256,29386.08,192642.08000000002
INV07957,2026-02-06,Customer7957,Product4,2,39661,79322,14277.96,93599.95999999999
INV07958,2026-02-07,Customer7958,Product9,2,43019,86038,15486.84,101524.84
INV07959,2026-02-08,Customer7959,Product8,4,15550,62200,11196.0,73396.0
INV07960,2026-02-09,Customer7960,Product20,2,36833,73666,13259.88,86925.88
INV07961,2026-02-10,Customer7961,Product15,3,5320,15960,2872.8,18832.8
INV07962,2026-02-11,Customer7962,Product6,5,14095,70475,12685.5,83160.5
INV07963,2026-02-12,Customer7963,Product5,4,14778,59112,10640.16,69752.16
INV07964,2026-02-13,Customer7964,Product6,3,36992,110976,19975.68,130951.68
INV07965,2026-02-14,Customer7965,Product6,4,2686,10744,1933.92,12677.92
INV07966,2026-02-15,Customer7966,Product20,3,1853,5559,1000.62,6559.62
INV07967,2026-02-16,Customer7967,Product2,3,40629,121887,21939.66,143826.66
INV07968,2026-02-17,Customer7968,Product13,5,8378,41890,7540.2,49430.2
INV07969,2026-02-18,Customer7969,Product17,5,4676,23380,4208.4,27588.4
INV07970,2026-02-19,Customer7970,Product8,5,44856,224280,40370.4,264650.4
INV07971,2026-02-20,Customer7971,Product17,5,1005,5025,904.5,5929.5
INV07972,2026-02-21,Customer7972,Product20,4,11270,45080,8114.4,53194.4
INV07973,2026-02-22,Customer7973,Product10,4,47855,191420,34455.6,225875.6
INV07974,2026-02-23,Customer7974,Product18,5,20617,103085,18555.3,121640.3
INV07975,2026-02-24,Customer7975,Product15,4,2992,11968,2154.24,14122.24
INV07976,2026-02-25,Customer7976,Product17,3,24289,72867,13116.06,85983.06
INV07977,2026-02-26,Customer7977,Product16,4,47203,188812,33986.16,222798.16
INV07978,2026-02-27,Customer7978,Product16,4,3365,13460,2422.8,15882.8
INV07979,2026-02-28,Customer7979,Product19,1,44436,44436,7998.48,52434.479999999996
INV07980,2026-02-01,Customer7980,Product20,5,41595,207975,37435.5,245410.5
INV07981,2026-02-02,Customer7981,Product7,3,22790,68370,12306.6,80676.6
INV07982,2026-02-03,Customer7982,Product6,1,38008,38008,6841.44,44849.44
INV07983,2026-02-04,Customer7983,Product3,4,49982,199928,35987.04,235915.04
INV07984,2026-02-05,Customer7984,Product11,3,16797,50391,9070.38,59461.38
INV07985,2026-02-06,Customer7985,Product15,4,9972,39888,7179.84,47067.84
INV07986,2026-02-07,Customer7986,Product6,2,20797,41594,7486.92,49080.92
INV07987,2026-02-08,Customer7987,Product19,5,46074,230370,41466.6,271836.6
INV07988,2026-02-09,Customer7988,Product7,2,40647,81294,14632.92,95926.92
INV07989,2026-02-10,Customer7989,Product10,4,22850,91400,16452.0,107852.0
INV07990,2026-02-11,Customer7990,Product3,4,5091,20364,3665.52,24029.52
INV07991,2026-02-12,Customer7991,Product5,2,40519,81038,14586.84,95624.84
INV07992,2026-02-13,Customer7992,Product9,5,47454,237270,42708.6,279978.6
INV07993,2026-02-14,Customer7993,Product20,3,18698,56094,10096.92,66190.92
INV07994,2026-02-15,Customer7994,Product3,3,16415,49245,8864.1,58109.1
INV07995,2026-02-16,Customer7995,Product20,3,30818,92454,16641.72,109095.72
INV07996,2026-02-17,Customer7996,Product7,5,43199,215995,38879.1,254874.1
INV07997,2026-02-18,Customer7997,Product17,2,31117,62234,11202.12,73436.12
INV07998,2026-02-19,Customer7998,Product2,4,24093,96372,17346.96,113718.95999999999
INV07999,2026-02-20,Customer7999,Product18,4,28863,115452,20781.36,136233.36
INV08000,2026-02-21,Customer8000,Product6,3,28802,86406,15553.08,101959.08
INV08001,2026-02-22,Customer8001,Product16,2,15050,30100,5418.0,35518.0
INV08002,2026-02-23,Customer8002,Product10,1,27879,27879,5018.22,32897.22
INV08003,2026-02-24,Customer8003,Product9,5,31164,155820,28047.6,183867.6
INV08004,2026-02-25,Customer8004,Product13,4,29317,117268,21108.24,138376.24
INV08005,2026-02-26,Customer8005,Product3,4,23570,94280,16970.4,111250.4
INV08006,2026-02-27,Customer8006,Product1,3,15706,47118,8481.24,55599.24
INV08007,2026-02-28,Customer8007,Product14,4,9705,38820,6987.6,45807.6
INV08008,2026-02-01,Customer8008,Product9,3,6292,18876,3397.68,22273.68
INV08009,2026-02-02,Customer8009,Product19,3,46395,139185,25053.3,164238.3
INV08010,2026-02-03,Customer8010,Product2,3,40353,121059,21790.62,142849.62
INV08011,2026-02-04,Customer8011,Product2,1,39158,39158,7048.44,46206.44
INV08012,2026-02-05,Customer8012,Product1,4,35509,142036,25566.48,167602.48
INV08013,2026-02-06,Customer8013,Product16,2,27683,55366,9965.88,65331.88
INV08014,2026-02-07,Customer8014,Product10,1,42339,42339,7621.02,49960.020000000004
INV08015,2026-02-08,Customer8015,Product15,3,8419,25257,4546.26,29803.260000000002
INV08016,2026-02-09,Customer8016,Product4,3,30668,92004,16560.72,108564.72
INV08017,2026-02-10,Customer8017,Product10,4,7349,29396,5291.28,34687.28
INV08018,2026-02-11,Customer8018,Product12,3,17712,53136,9564.48,62700.479999999996
INV08019,2026-02-12,Customer8019,Product11,4,41319,165276,29749.68,195025.68
INV08020,2026-02-13,Customer8020,Product6,4,18889,75556,13600.08,89156.08
INV08021,2026-02-14,Customer8021,Product6,5,44511,222555,40059.9,262614.9
INV08022,2026-02-15,Customer8022,Product2,1,47333,47333,8519.94,55852.94
INV08023,2026-02-16,Customer8023,Product13,4,35587,142348,25622.64,167970.64
INV08024,2026-02-17,Customer8024,Product13,3,19687,59061,10630.98,69691.98
INV08025,2026-02-18,Customer8025,Product14,5,23446,117230,21101.4,138331.4
INV08026,2026-02-19,Customer8026,Product9,1,19380,19380,3488.4,22868.4
INV08027,2026-02-20,Customer8027,Product6,2,17771,35542,6397.56,41939.56
INV08028,2026-02-21,Customer8028,Product18,4,4936,19744,3553.92,23297.92
INV08029,2026-02-22,Customer8029,Product5,5,25743,128715,23168.7,151883.7
INV08030,2026-02-23,Customer8030,Product6,5,19103,95515,17192.7,112707.7
INV08031,2026-02-24,Customer8031,Product1,1,25561,25561,4600.98,30161.98
INV08032,2026-02-25,Customer8032,Product11,5,30244,151220,27219.6,178439.6
INV08033,2026-02-26,Customer8033,Product19,5,47885,239425,43096.5,282521.5
INV08034,2026-02-27,Customer8034,Product13,4,42910,171640,30895.2,202535.2
INV08035,2026-02-28,Customer8035,Product6,2,12335,24670,4440.6,29110.6
INV08036,2026-02-01,Customer8036,Product18,2,1009,2018,363.24,2381.24
INV08037,2026-02-02,Customer8037,Product15,3,25291,75873,13657.14,89530.14
INV08038,2026-02-03,Customer8038,Product13,3,46402,139206,25057.08,164263.08000000002
INV08039,2026-02-04,Customer8039,Product11,2,37157,74314,13376.52,87690.52
INV08040,2026-02-05,Customer8040,Product13,1,47404,47404,8532.72,55936.72
INV08041,2026-02-06,Customer8041,Product3,3,23091,69273,12469.14,81742.14
INV08042,2026-02-07,Customer8042,Product4,3,49693,149079,26834.22,175913.22
INV08043,2026-02-08,Customer8043,Product13,5,20782,103910,18703.8,122613.8
INV08044,2026-02-09,Customer8044,Product9,4,40192,160768,28938.24,189706.24
INV08045,2026-02-10,Customer8045,Product17,3,7175,21525,3874.5,25399.5
INV08046,2026-02-11,Customer8046,Product18,4,24012,96048,17288.64,113336.64
INV08047,2026-02-12,Customer8047,Product5,1,27012,27012,4862.16,31874.16
INV08048,2026-02-13,Customer8048,Product5,3,22009,66027,11884.86,77911.86
INV08049,2026-02-14,Customer8049,Product12,3,42811,128433,23117.94,151550.94
INV08050,2026-02-15,Customer8050,Product2,3,10649,31947,5750.46,37697.46
INV08051,2026-02-16,Customer8051,Product6,1,32227,32227,5800.86,38027.86
INV08052,2026-02-17,Customer8052,Product5,2,7876,15752,2835.36,18587.36
INV08053,2026-02-18,Customer8053,Product19,2,2190,4380,788.4,5168.4
INV08054,2026-02-19,Customer8054,Product19,3,28557,85671,15420.78,101091.78
INV08055,2026-02-20,Customer8055,Product16,5,5077,25385,4569.3,29954.3
INV08056,2026-02-21,Customer8056,Product3,5,27570,137850,24813.0,162663.0
INV08057,2026-02-22,Customer8057,Product13,2,38128,76256,13726.08,89982.08
INV08058,2026-02-23,Customer8058,Product7,4,34956,139824,25168.32,164992.32
INV08059,2026-02-24,Customer8059,Product17,1,22917,22917,4125.06,27042.06
INV08060,2026-02-25,Customer8060,Product8,4,32350,129400,23292.0,152692.0
INV08061,2026-02-26,Customer8061,Product5,5,40025,200125,36022.5,236147.5
INV08062,2026-02-27,Customer8062,Product2,1,8914,8914,1604.52,10518.52
INV08063,2026-02-28,Customer8063,Product13,5,22920,114600,20628.0,135228.0
INV08064,2026-02-01,Customer8064,Product8,1,33462,33462,6023.16,39485.16
INV08065,2026-02-02,Customer8065,Product2,3,10984,32952,5931.36,38883.36
INV08066,2026-02-03,Customer8066,Product15,5,16791,83955,15111.9,99066.9
INV08067,2026-02-04,Customer8067,Product1,3,20088,60264,10847.52,71111.52
INV08068,2026-02-05,Customer8068,Product16,2,6231,12462,2243.16,14705.16
INV08069,2026-02-06,Customer8069,Product9,5,16946,84730,15251.4,99981.4
INV08070,2026-02-07,Customer8070,Product2,2,35945,71890,12940.2,84830.2
INV08071,2026-02-08,Customer8071,Product13,2,12795,25590,4606.2,30196.2
INV08072,2026-02-09,Customer8072,Product12,2,1271,2542,457.56,2999.56
INV08073,2026-02-10,Customer8073,Product10,1,34318,34318,6177.24,40495.24
INV08074,2026-02-11,Customer8074,Product7,2,41851,83702,15066.36,98768.36
INV08075,2026-02-12,Customer8075,Product6,4,26791,107164,19289.52,126453.52
INV08076,2026-02-13,Customer8076,Product19,2,17709,35418,6375.24,41793.24
INV08077,2026-02-14,Customer8077,Product2,3,44478,133434,24018.12,157452.12
INV08078,2026-02-15,Customer8078,Product16,1,17493,17493,3148.74,20641.739999999998
INV08079,2026-02-16,Customer8079,Product19,1,37029,37029,6665.22,43694.22
INV08080,2026-02-17,Customer8080,Product2,2,4510,9020,1623.6,10643.6
INV08081,2026-02-18,Customer8081,Product15,2,5884,11768,2118.24,13886.24
INV08082,2026-02-19,Customer8082,Product17,1,30699,30699,5525.82,36224.82
INV08083,2026-02-20,Customer8083,Product20,2,33348,66696,12005.28,78701.28
INV08084,2026-02-21,Customer8084,Product13,2,18216,36432,6557.76,42989.76
INV08085,2026-02-22,Customer8085,Product8,2,23111,46222,8319.96,54541.96
INV08086,2026-02-23,Customer8086,Product16,3,21605,64815,11666.7,76481.7
INV08087,2026-02-24,Customer8087,Product1,4,22041,88164,15869.52,104033.52
INV08088,2026-02-25,Customer8088,Product7,5,20249,101245,18224.1,119469.1
INV08089,2026-02-26,Customer8089,Product1,5,5317,26585,4785.3,31370.3
INV08090,2026-02-27,Customer8090,Product19,5,14465,72325,13018.5,85343.5
INV08091,2026-02-28,Customer8091,Product3,4,29177,116708,21007.44,137715.44
INV08092,2026-02-01,Customer8092,Product9,2,1042,2084,375.12,2459.12
INV08093,2026-02-02,Customer8093,Product5,2,11378,22756,4096.08,26852.08
INV08094,2026-02-03,Customer8094,Product14,4,39330,157320,28317.6,185637.6
INV08095,2026-02-04,Customer8095,Product9,1,33773,33773,6079.14,39852.14
INV08096,2026-02-05,Customer8096,Product3,3,17924,53772,9678.96,63450.96
INV08097,2026-02-06,Customer8097,Product3,2,44111,88222,15879.96,104101.95999999999
INV08098,2026-02-07,Customer8098,Product14,1,33754,33754,6075.72,39829.72
INV08099,2026-02-08,Customer8099,Product8,5,16622,83110,14959.8,98069.8
INV08100,2026-02-09,Customer8100,Product16,2,43736,87472,15744.96,103216.95999999999
INV08101,2026-02-10,Customer8101,Product1,2,16524,33048,5948.64,38996.64
INV08102,2026-02-11,Customer8102,Product18,1,2540,2540,457.2,2997.2
INV08103,2026-02-12,Customer8103,Product8,4,2327,9308,1675.44,10983.44
INV08104,2026-02-13,Customer8104,Product14,4,37075,148300,26694.0,174994.0
INV08105,2026-02-14,Customer8105,Product18,5,18293,91465,16463.7,107928.7
INV08106,2026-02-15,Customer8106,Product2,3,36438,109314,19676.52,128990.52
INV08107,2026-02-16,Customer8107,Product16,3,1317,3951,711.18,4662.18
INV08108,2026-02-17,Customer8108,Product7,3,18351,55053,9909.54,64962.54
INV08109,2026-02-18,Customer8109,Product13,2,38525,77050,13869.0,90919.0
INV08110,2026-02-19,Customer8110,Product6,4,40551,162204,29196.72,191400.72
INV08111,2026-02-20,Customer8111,Product20,1,6485,6485,1167.3,7652.3
INV08112,2026-02-21,Customer8112,Product8,4,8869,35476,6385.68,41861.68
INV08113,2026-02-22,Customer8113,Product13,2,22856,45712,8228.16,53940.16
INV08114,2026-02-23,Customer8114,Product17,2,12132,24264,4367.52,28631.52
INV08115,2026-02-24,Customer8115,Product18,3,40343,121029,21785.22,142814.22
INV08116,2026-02-25,Customer8116,Product15,2,40094,80188,14433.84,94621.84
INV08117,2026-02-26,Customer8117,Product7,4,25077,100308,18055.44,118363.44
INV08118,2026-02-27,Customer8118,Product13,1,16963,16963,3053.34,20016.34
INV08119,2026-02-28,Customer8119,Product2,3,16583,49749,8954.82,58703.82
INV08120,2026-02-01,Customer8120,Product10,4,40710,162840,29311.2,192151.2
INV08121,2026-02-02,Customer8121,Product13,4,21267,85068,15312.24,100380.24
INV08122,2026-02-03,Customer8122,Product15,4,23566,94264,16967.52,111231.52
INV08123,2026-02-04,Customer8123,Product4,3,35518,106554,19179.72,125733.72
INV08124,2026-02-05,Customer8124,Product2,4,28641,114564,20621.52,135185.52
INV08125,2026-02-06,Customer8125,Product2,1,45367,45367,8166.06,53533.06
INV08126,2026-02-07,Customer8126,Product1,4,43514,174056,31330.08,205386.08000000002
INV08127,2026-02-08,Customer8127,Product19,2,28463,56926,10246.68,67172.68
INV08128,2026-02-09,Customer8128,Product3,2,8069,16138,2904.84,19042.84
INV08129,2026-02-10,Customer8129,Product3,5,47472,237360,42724.8,280084.8
INV08130,2026-02-11,Customer8130,Product5,5,32027,160135,28824.3,188959.3
INV08131,2026-02-12,Customer8131,Product16,5,37696,188480,33926.4,222406.4
INV08132,2026-02-13,Customer8132,Product6,5,17218,86090,15496.2,101586.2
INV08133,2026-02-14,Customer8133,Product6,5,26491,132455,23841.9,156296.9
INV08134,2026-02-15,Customer8134,Product18,1,11399,11399,2051.82,13450.82
INV08135,2026-02-16,Customer8135,Product14,5,16542,82710,14887.8,97597.8
INV08136,2026-02-17,Customer8136,Product15,4,42305,169220,30459.6,199679.6
INV08137,2026-02-18,Customer8137,Product20,5,29540,147700,26586.0,174286.0
INV08138,2026-02-19,Customer8138,Product2,5,25493,127465,22943.7,150408.7
INV08139,2026-02-20,Customer8139,Product20,1,49452,49452,8901.36,58353.36
INV08140,2026-02-21,Customer8140,Product16,2,27278,54556,9820.08,64376.08
INV08141,2026-02-22,Customer8141,Product20,5,14957,74785,13461.3,88246.3
INV08142,2026-02-23,Customer8142,Product15,3,44097,132291,23812.38,156103.38
INV08143,2026-02-24,Customer8143,Product19,3,35686,107058,19270.44,126328.44
INV08144,2026-02-25,Customer8144,Product19,4,25666,102664,18479.52,121143.52
INV08145,2026-02-26,Customer8145,Product8,2,26151,52302,9414.36,61716.36
INV08146,2026-02-27,Customer8146,Product18,3,13425,40275,7249.5,47524.5
INV08147,2026-02-28,Customer8147,Product3,5,5366,26830,4829.4,31659.4
INV08148,2026-02-01,Customer8148,Product18,4,32959,131836,23730.48,155566.48
INV08149,2026-02-02,Customer8149,Product20,4,6710,26840,4831.2,31671.2
INV08150,2026-02-03,Customer8150,Product14,5,10903,54515,9812.7,64327.7
INV08151,2026-02-04,Customer8151,Product8,5,36857,184285,33171.3,217456.3
INV08152,2026-02-05,Customer8152,Product2,2,5032,10064,1811.52,11875.52
INV08153,2026-02-06,Customer8153,Product8,5,41125,205625,37012.5,242637.5
INV08154,2026-02-07,Customer8154,Product17,5,38750,193750,34875.0,228625.0
INV08155,2026-02-08,Customer8155,Product11,1,40788,40788,7341.84,48129.84
INV08156,2026-02-09,Customer8156,Product2,1,24778,24778,4460.04,29238.04
INV08157,2026-02-10,Customer8157,Product2,2,44800,89600,16128.0,105728.0
INV08158,2026-02-11,Customer8158,Product17,1,23751,23751,4275.18,28026.18
INV08159,2026-02-12,Customer8159,Product12,4,41794,167176,30091.68,197267.68
INV08160,2026-02-13,Customer8160,Product2,1,38387,38387,6909.66,45296.66
INV08161,2026-02-14,Customer8161,Product16,2,13166,26332,4739.76,31071.760000000002
INV08162,2026-02-15,Customer8162,Product2,3,26718,80154,14427.72,94581.72
INV08163,2026-02-16,Customer8163,Product8,2,38595,77190,13894.2,91084.2
INV08164,2026-02-17,Customer8164,Product13,1,8663,8663,1559.34,10222.34
INV08165,2026-02-18,Customer8165,Product10,3,41167,123501,22230.18,145731.18
INV08166,2026-02-19,Customer8166,Product1,5,29724,148620,26751.6,175371.6
INV08167,2026-02-20,Customer8167,Product13,4,8424,33696,6065.28,39761.28
INV08168,2026-02-21,Customer8168,Product8,2,32548,65096,11717.28,76813.28
INV08169,2026-02-22,Customer8169,Product16,4,47162,188648,33956.64,222604.64
INV08170,2026-02-23,Customer8170,Product15,5,4003,20015,3602.7,23617.7
INV08171,2026-02-24,Customer8171,Product7,1,49278,49278,8870.04,58148.04
INV08172,2026-02-25,Customer8172,Product20,4,31667,126668,22800.24,149468.24
INV08173,2026-02-26,Customer8173,Product7,2,39568,79136,14244.48,93380.48
INV08174,2026-02-27,Customer8174,Product4,3,35344,106032,19085.76,125117.76
INV08175,2026-02-28,Customer8175,Product16,2,31407,62814,11306.52,74120.52
INV08176,2026-02-01,Customer8176,Product18,3,23587,70761,12736.98,83497.98
INV08177,2026-02-02,Customer8177,Product15,5,22773,113865,20495.7,134360.7
INV08178,2026-02-03,Customer8178,Product3,2,39871,79742,14353.56,94095.56
INV08179,2026-02-04,Customer8179,Product16,5,39414,197070,35472.6,232542.6
INV08180,2026-02-05,Customer8180,Product1,2,49611,99222,17859.96,117081.95999999999
INV08181,2026-02-06,Customer8181,Product15,2,17933,35866,6455.88,42321.88
INV08182,2026-02-07,Customer8182,Product13,5,44487,222435,40038.3,262473.3
INV08183,2026-02-08,Customer8183,Product14,3,28313,84939,15289.02,100228.02
INV08184,2026-02-09,Customer8184,Product19,3,8857,26571,4782.78,31353.78
INV08185,2026-02-10,Customer8185,Product2,2,38515,77030,13865.4,90895.4
INV08186,2026-02-11,Customer8186,Product14,5,5303,26515,4772.7,31287.7
INV08187,2026-02-12,Customer8187,Product19,4,41577,166308,29935.44,196243.44
INV08188,2026-02-13,Customer8188,Product8,3,34815,104445,18800.1,123245.1
INV08189,2026-02-14,Customer8189,Product2,2,12500,25000,4500.0,29500.0
INV08190,2026-02-15,Customer8190,Product13,4,9018,36072,6492.96,42564.96
INV08191,2026-02-16,Customer8191,Product16,3,29528,88584,15945.12,104529.12
INV08192,2026-02-17,Customer8192,Product17,5,1694,8470,1524.6,9994.6
INV08193,2026-02-18,Customer8193,Product4,3,44438,133314,23996.52,157310.52
INV08194,2026-02-19,Customer8194,Product4,1,30868,30868,5556.24,36424.24
INV08195,2026-02-20,Customer8195,Product11,5,42077,210385,37869.3,248254.3
INV08196,2026-02-21,Customer8196,Product8,3,45213,135639,24415.02,160054.02
INV08197,2026-02-22,Customer8197,Product16,1,2923,2923,526.14,3449.14
INV08198,2026-02-23,Customer8198,Product10,4,43926,175704,31626.72,207330.72
INV08199,2026-02-24,Customer8199,Product13,1,10514,10514,1892.52,12406.52
INV08200,2026-02-25,Customer8200,Product16,4,18510,74040,13327.2,87367.2
INV08201,2026-02-26,Customer8201,Product12,3,12056,36168,6510.24,42678.24
INV08202,2026-02-27,Customer8202,Product4,5,28555,142775,25699.5,168474.5
INV08203,2026-02-28,Customer8203,Product14,1,47770,47770,8598.6,56368.6
INV08204,2026-02-01,Customer8204,Product3,2,12672,25344,4561.92,29905.92
INV08205,2026-02-02,Customer8205,Product5,1,37495,37495,6749.1,44244.1
INV08206,2026-02-03,Customer8206,Product5,3,20292,60876,10957.68,71833.68
INV08207,2026-02-04,Customer8207,Product16,1,16577,16577,2983.86,19560.86
INV08208,2026-02-05,Customer8208,Product3,5,15083,75415,13574.7,88989.7
INV08209,2026-02-06,Customer8209,Product4,4,33383,133532,24035.76,157567.76
INV08210,2026-02-07,Customer8210,Product11,4,15587,62348,11222.64,73570.64
INV08211,2026-02-08,Customer8211,Product14,5,10054,50270,9048.6,59318.6
INV08212,2026-02-09,Customer8212,Product18,5,3294,16470,2964.6,19434.6
INV08213,2026-02-10,Customer8213,Product1,2,13065,26130,4703.4,30833.4
INV08214,2026-02-11,Customer8214,Product20,2,11959,23918,4305.24,28223.239999999998
INV08215,2026-02-12,Customer8215,Product9,1,9244,9244,1663.92,10907.92
INV08216,2026-02-13,Customer8216,Product7,5,46966,234830,42269.4,277099.4
INV08217,2026-02-14,Customer8217,Product9,4,11375,45500,8190.0,53690.0
INV08218,2026-02-15,Customer8218,Product19,4,25844,103376,18607.68,121983.68
INV08219,2026-02-16,Customer8219,Product19,1,28569,28569,5142.42,33711.42
INV08220,2026-02-17,Customer8220,Product11,1,25505,25505,4590.9,30095.9
INV08221,2026-02-18,Customer8221,Product15,1,9342,9342,1681.56,11023.56
INV08222,2026-02-19,Customer8222,Product5,4,8336,33344,6001.92,39345.92
INV08223,2026-02-20,Customer8223,Product12,2,45825,91650,16497.0,108147.0
INV08224,2026-02-21,Customer8224,Product12,1,5438,5438,978.84,6416.84
INV08225,2026-02-22,Customer8225,Product7,1,23534,23534,4236.12,27770.12
INV08226,2026-02-23,Customer8226,Product18,2,16585,33170,5970.6,39140.6
INV08227,2026-02-24,Customer8227,Product14,5,25500,127500,22950.0,150450.0
INV08228,2026-02-25,Customer8228,Product18,3,24951,74853,13473.54,88326.54000000001
INV08229,2026-02-26,Customer8229,Product15,3,9391,28173,5071.14,33244.14
INV08230,2026-02-27,Customer8230,Product4,5,27623,138115,24860.7,162975.7
INV08231,2026-02-28,Customer8231,Product18,1,48425,48425,8716.5,57141.5
INV08232,2026-02-01,Customer8232,Product13,2,42685,85370,15366.6,100736.6
INV08233,2026-02-02,Customer8233,Product12,3,11671,35013,6302.34,41315.34
INV08234,2026-02-03,Customer8234,Product19,2,5323,10646,1916.28,12562.28
INV08235,2026-02-04,Customer8235,Product19,3,45566,136698,24605.64,161303.64
INV08236,2026-02-05,Customer8236,Product13,5,7757,38785,6981.3,45766.3
INV08237,2026-02-06,Customer8237,Product7,3,7167,21501,3870.18,25371.18
INV08238,2026-02-07,Customer8238,Product5,5,15998,79990,14398.2,94388.2
INV08239,2026-02-08,Customer8239,Product13,1,34521,34521,6213.78,40734.78
INV08240,2026-02-09,Customer8240,Product3,1,18175,18175,3271.5,21446.5
INV08241,2026-02-10,Customer8241,Product14,5,37175,185875,33457.5,219332.5
INV08242,2026-02-11,Customer8242,Product11,2,6847,13694,2464.92,16158.92
INV08243,2026-02-12,Customer8243,Product6,1,11793,11793,2122.74,13915.74
INV08244,2026-02-13,Customer8244,Product18,4,45124,180496,32489.28,212985.28
INV08245,2026-02-14,Customer8245,Product17,1,28414,28414,5114.52,33528.520000000004
INV08246,2026-02-15,Customer8246,Product20,3,7819,23457,4222.26,27679.260000000002
INV08247,2026-02-16,Customer8247,Product15,3,32548,97644,17575.92,115219.92
INV08248,2026-02-17,Customer8248,Product11,2,24386,48772,8778.96,57550.96
INV08249,2026-02-18,Customer8249,Product12,4,39548,158192,28474.56,186666.56
INV08250,2026-02-19,Customer8250,Product1,5,26644,133220,23979.6,157199.6
INV08251,2026-02-20,Customer8251,Product13,1,42580,42580,7664.4,50244.4
INV08252,2026-02-21,Customer8252,Product12,4,26611,106444,19159.92,125603.92
INV08253,2026-02-22,Customer8253,Product3,2,1026,2052,369.36,2421.36
INV08254,2026-02-23,Customer8254,Product15,2,38555,77110,13879.8,90989.8
INV08255,2026-02-24,Customer8255,Product13,1,11624,11624,2092.32,13716.32
INV08256,2026-02-25,Customer8256,Product12,2,49516,99032,17825.76,116857.76
INV08257,2026-02-26,Customer8257,Product6,5,28835,144175,25951.5,170126.5
INV08258,2026-02-27,Customer8258,Product7,5,22671,113355,20403.9,133758.9
INV08259,2026-02-28,Customer8259,Product11,2,23247,46494,8368.92,54862.92
INV08260,2026-02-01,Customer8260,Product9,5,48351,241755,43515.9,285270.9
INV08261,2026-02-02,Customer8261,Product7,5,18942,94710,17047.8,111757.8
INV08262,2026-02-03,Customer8262,Product8,5,8564,42820,7707.6,50527.6
INV08263,2026-02-04,Customer8263,Product5,5,7180,35900,6462.0,42362.0
INV08264,2026-02-05,Customer8264,Product20,2,7689,15378,2768.04,18146.04
INV08265,2026-02-06,Customer8265,Product8,5,47443,237215,42698.7,279913.7
INV08266,2026-02-07,Customer8266,Product3,3,31753,95259,17146.62,112405.62
INV08267,2026-02-08,Customer8267,Product9,3,32293,96879,17438.22,114317.22
INV08268,2026-02-09,Customer8268,Product1,1,47105,47105,8478.9,55583.9
INV08269,2026-02-10,Customer8269,Product5,2,43827,87654,15777.72,103431.72
INV08270,2026-02-11,Customer8270,Product16,2,28078,56156,10108.08,66264.08
INV08271,2026-02-12,Customer8271,Product8,4,19724,78896,14201.28,93097.28
INV08272,2026-02-13,Customer8272,Product15,1,46794,46794,8422.92,55216.92
INV08273,2026-02-14,Customer8273,Product13,5,24205,121025,21784.5,142809.5
INV08274,2026-02-15,Customer8274,Product3,1,5218,5218,939.24,6157.24
INV08275,2026-02-16,Customer8275,Product2,5,40259,201295,36233.1,237528.1
INV08276,2026-02-17,Customer8276,Product17,1,25829,25829,4649.22,30478.22
INV08277,2026-02-18,Customer8277,Product8,2,47166,94332,16979.76,111311.76
INV08278,2026-02-19,Customer8278,Product7,5,15220,76100,13698.0,89798.0
INV08279,2026-02-20,Customer8279,Product11,2,23927,47854,8613.72,56467.72
INV08280,2026-02-21,Customer8280,Product5,4,5637,22548,4058.64,26606.64
INV08281,2026-02-22,Customer8281,Product8,1,38094,38094,6856.92,44950.92
INV08282,2026-02-23,Customer8282,Product4,3,23523,70569,12702.42,83271.42
INV08283,2026-02-24,Customer8283,Product1,3,18588,55764,10037.52,65801.52
INV08284,2026-02-25,Customer8284,Product16,5,16050,80250,14445.0,94695.0
INV08285,2026-02-26,Customer8285,Product17,2,24546,49092,8836.56,57928.56
INV08286,2026-02-27,Customer8286,Product18,5,38838,194190,34954.2,229144.2
INV08287,2026-02-28,Customer8287,Product19,2,46272,92544,16657.92,109201.92
INV08288,2026-02-01,Customer8288,Product4,4,2138,8552,1539.36,10091.36
INV08289,2026-02-02,Customer8289,Product5,2,6949,13898,2501.64,16399.64
INV08290,2026-02-03,Customer8290,Product7,4,13016,52064,9371.52,61435.520000000004
INV08291,2026-02-04,Customer8291,Product8,4,18179,72716,13088.88,85804.88
INV08292,2026-02-05,Customer8292,Product4,4,14934,59736,10752.48,70488.48
INV08293,2026-02-06,Customer8293,Product16,4,43570,174280,31370.4,205650.4
INV08294,2026-02-07,Customer8294,Product17,1,27615,27615,4970.7,32585.7
INV08295,2026-02-08,Customer8295,Product5,4,4947,19788,3561.84,23349.84
INV08296,2026-02-09,Customer8296,Product14,2,6195,12390,2230.2,14620.2
INV08297,2026-02-10,Customer8297,Product3,5,16659,83295,14993.1,98288.1
INV08298,2026-02-11,Customer8298,Product19,3,45956,137868,24816.24,162684.24
INV08299,2026-02-12,Customer8299,Product12,1,10216,10216,1838.88,12054.880000000001
INV08300,2026-02-13,Customer8300,Product5,2,38361,76722,13809.96,90531.95999999999
INV08301,2026-02-14,Customer8301,Product15,1,21955,21955,3951.9,25906.9
INV08302,2026-02-15,Customer8302,Product1,2,31247,62494,11248.92,73742.92
INV08303,2026-02-16,Customer8303,Product14,4,47547,190188,34233.84,224421.84
INV08304,2026-02-17,Customer8304,Product19,2,37486,74972,13494.96,88466.95999999999
INV08305,2026-02-18,Customer8305,Product2,1,39445,39445,7100.1,46545.1
INV08306,2026-02-19,Customer8306,Product11,4,1817,7268,1308.24,8576.24
INV08307,2026-02-20,Customer8307,Product13,2,6437,12874,2317.32,15191.32
INV08308,2026-02-21,Customer8308,Product5,3,15072,45216,8138.88,53354.88
INV08309,2026-02-22,Customer8309,Product10,5,9754,48770,8778.6,57548.6
INV08310,2026-02-23,Customer8310,Product17,2,44741,89482,16106.76,105588.76
INV08311,2026-02-24,Customer8311,Product7,1,24101,24101,4338.18,28439.18
INV08312,2026-02-25,Customer8312,Product10,4,33105,132420,23835.6,156255.6
INV08313,2026-02-26,Customer8313,Product5,1,19863,19863,3575.34,23438.34
INV08314,2026-02-27,Customer8314,Product9,4,34291,137164,24689.52,161853.52
INV08315,2026-02-28,Customer8315,Product17,5,19719,98595,17747.1,116342.1
INV08316,2026-02-01,Customer8316,Product10,1,9760,9760,1756.8,11516.8
INV08317,2026-02-02,Customer8317,Product7,4,1781,7124,1282.32,8406.32
INV08318,2026-02-03,Customer8318,Product6,1,9512,9512,1712.16,11224.16
INV08319,2026-02-04,Customer8319,Product3,1,8540,8540,1537.2,10077.2
INV08320,2026-02-05,Customer8320,Product10,3,13174,39522,7113.96,46635.96
INV08321,2026-02-06,Customer8321,Product2,3,36575,109725,19750.5,129475.5
INV08322,2026-02-07,Customer8322,Product19,4,13240,52960,9532.8,62492.8
INV08323,2026-02-08,Customer8323,Product10,3,40474,121422,21855.96,143277.96
INV08324,2026-02-09,Customer8324,Product15,2,36200,72400,13032.0,85432.0
INV08325,2026-02-10,Customer8325,Product15,5,9561,47805,8604.9,56409.9
INV08326,2026-02-11,Customer8326,Product10,2,10279,20558,3700.44,24258.44
INV08327,2026-02-12,Customer8327,Product9,2,24294,48588,8745.84,57333.84
INV08328,2026-02-13,Customer8328,Product2,3,45136,135408,24373.44,159781.44
INV08329,2026-02-14,Customer8329,Product17,3,18737,56211,10117.98,66328.98
INV08330,2026-02-15,Customer8330,Product16,1,25261,25261,4546.98,29807.98
INV08331,2026-02-16,Customer8331,Product7,1,29456,29456,5302.08,34758.08
INV08332,2026-02-17,Customer8332,Product1,2,22401,44802,8064.36,52866.36
INV08333,2026-02-18,Customer8333,Product6,3,25216,75648,13616.64,89264.64
INV08334,2026-02-19,Customer8334,Product18,1,47509,47509,8551.62,56060.62
INV08335,2026-02-20,Customer8335,Product1,3,23099,69297,12473.46,81770.45999999999
INV08336,2026-02-21,Customer8336,Product16,4,3253,13012,2342.16,15354.16
INV08337,2026-02-22,Customer8337,Product11,2,22570,45140,8125.2,53265.2
INV08338,2026-02-23,Customer8338,Product18,5,43515,217575,39163.5,256738.5
INV08339,2026-02-24,Customer8339,Product9,2,40864,81728,14711.04,96439.04000000001
INV08340,2026-02-25,Customer8340,Product7,2,49848,99696,17945.28,117641.28
INV08341,2026-02-26,Customer8341,Product10,4,44903,179612,32330.16,211942.16
INV08342,2026-02-27,Customer8342,Product14,5,36309,181545,32678.1,214223.1
INV08343,2026-02-28,Customer8343,Product15,3,41299,123897,22301.46,146198.46
INV08344,2026-02-01,Customer8344,Product15,1,45617,45617,8211.06,53828.06
INV08345,2026-02-02,Customer8345,Product11,2,31742,63484,11427.12,74911.12
INV08346,2026-02-03,Customer8346,Product11,3,5336,16008,2881.44,18889.44
INV08347,2026-02-04,Customer8347,Product20,2,6099,12198,2195.64,14393.64
INV08348,2026-02-05,Customer8348,Product17,1,36065,36065,6491.7,42556.7
INV08349,2026-02-06,Customer8349,Product13,5,11301,56505,10170.9,66675.9
INV08350,2026-02-07,Customer8350,Product17,5,5301,26505,4770.9,31275.9
INV08351,2026-02-08,Customer8351,Product13,2,38131,76262,13727.16,89989.16
INV08352,2026-02-09,Customer8352,Product11,3,32131,96393,17350.74,113743.74
INV08353,2026-02-10,Customer8353,Product18,5,42639,213195,38375.1,251570.1
INV08354,2026-02-11,Customer8354,Product11,2,4817,9634,1734.12,11368.119999999999
INV08355,2026-02-12,Customer8355,Product6,4,7215,28860,5194.8,34054.8
INV08356,2026-02-13,Customer8356,Product6,5,38095,190475,34285.5,224760.5
INV08357,2026-02-14,Customer8357,Product3,4,26244,104976,18895.68,123871.68
INV08358,2026-02-15,Customer8358,Product8,1,4171,4171,750.78,4921.78
INV08359,2026-02-16,Customer8359,Product14,3,10212,30636,5514.48,36150.479999999996
INV08360,2026-02-17,Customer8360,Product16,3,26505,79515,14312.7,93827.7
INV08361,2026-02-18,Customer8361,Product8,4,30489,121956,21952.08,143908.08000000002
INV08362,2026-02-19,Customer8362,Product16,3,49878,149634,26934.12,176568.12
INV08363,2026-02-20,Customer8363,Product12,2,28658,57316,10316.88,67632.88
INV08364,2026-02-21,Customer8364,Product16,2,18051,36102,6498.36,42600.36
INV08365,2026-02-22,Customer8365,Product19,1,48490,48490,8728.2,57218.2
INV08366,2026-02-23,Customer8366,Product19,4,4531,18124,3262.32,21386.32
INV08367,2026-02-24,Customer8367,Product13,5,21876,109380,19688.4,129068.4
INV08368,2026-02-25,Customer8368,Product18,2,35896,71792,12922.56,84714.56
INV08369,2026-02-26,Customer8369,Product15,4,35796,143184,25773.12,168957.12
INV08370,2026-02-27,Customer8370,Product14,2,12033,24066,4331.88,28397.88
INV08371,2026-02-28,Customer8371,Product6,3,7813,23439,4219.02,27658.02
INV08372,2026-02-01,Customer8372,Product4,4,9103,36412,6554.16,42966.16
INV08373,2026-02-02,Customer8373,Product10,1,697,697,125.46,822.46
INV08374,2026-02-03,Customer8374,Product8,4,41455,165820,29847.6,195667.6
INV08375,2026-02-04,Customer8375,Product7,2,46706,93412,16814.16,110226.16
INV08376,2026-02-05,Customer8376,Product6,1,4187,4187,753.66,4940.66
INV08377,2026-02-06,Customer8377,Product5,4,18292,73168,13170.24,86338.24
INV08378,2026-02-07,Customer8378,Product16,1,41024,41024,7384.32,48408.32
INV08379,2026-02-08,Customer8379,Product13,1,35086,35086,6315.48,41401.479999999996
INV08380,2026-02-09,Customer8380,Product2,5,45245,226225,40720.5,266945.5
INV08381,2026-02-10,Customer8381,Product12,3,34819,104457,18802.26,123259.26
INV08382,2026-02-11,Customer8382,Product20,4,20352,81408,14653.44,96061.44
INV08383,2026-02-12,Customer8383,Product20,2,28934,57868,10416.24,68284.24
INV08384,2026-02-13,Customer8384,Product13,5,27200,136000,24480.0,160480.0
INV08385,2026-02-14,Customer8385,Product9,4,38129,152516,27452.88,179968.88
INV08386,2026-02-15,Customer8386,Product17,4,10703,42812,7706.16,50518.16
INV08387,2026-02-16,Customer8387,Product4,1,40738,40738,7332.84,48070.84
INV08388,2026-02-17,Customer8388,Product14,1,10377,10377,1867.86,12244.86
INV08389,2026-02-18,Customer8389,Product6,1,48097,48097,8657.46,56754.46
INV08390,2026-02-19,Customer8390,Product3,3,25179,75537,13596.66,89133.66
INV08391,2026-02-20,Customer8391,Product8,5,33363,166815,30026.7,196841.7
INV08392,2026-02-21,Customer8392,Product8,2,19483,38966,7013.88,45979.88
INV08393,2026-02-22,Customer8393,Product20,5,49489,247445,44540.1,291985.1
INV08394,2026-02-23,Customer8394,Product19,1,20941,20941,3769.38,24710.38
INV08395,2026-02-24,Customer8395,Product11,5,15120,75600,13608.0,89208.0
INV08396,2026-02-25,Customer8396,Product16,5,44416,222080,39974.4,262054.4
INV08397,2026-02-26,Customer8397,Product18,2,14866,29732,5351.76,35083.76
INV08398,2026-02-27,Customer8398,Product20,2,8634,17268,3108.24,20376.239999999998
INV08399,2026-02-28,Customer8399,Product13,5,1001,5005,900.9,5905.9
INV08400,2026-02-01,Customer8400,Product17,1,11569,11569,2082.42,13651.42
INV08401,2026-02-02,Customer8401,Product13,2,23335,46670,8400.6,55070.6
INV08402,2026-02-03,Customer8402,Product10,3,17839,53517,9633.06,63150.06
INV08403,2026-02-04,Customer8403,Product8,4,39196,156784,28221.12,185005.12
INV08404,2026-02-05,Customer8404,Product15,3,17477,52431,9437.58,61868.58
INV08405,2026-02-06,Customer8405,Product13,2,2375,4750,855.0,5605.0
INV08406,2026-02-07,Customer8406,Product10,5,7288,36440,6559.2,42999.2
INV08407,2026-02-08,Customer8407,Product1,4,36342,145368,26166.24,171534.24
INV08408,2026-02-09,Customer8408,Product4,3,24662,73986,13317.48,87303.48
INV08409,2026-02-10,Customer8409,Product4,3,8368,25104,4518.72,29622.72
INV08410,2026-02-11,Customer8410,Product3,1,38357,38357,6904.26,45261.26
INV08411,2026-02-12,Customer8411,Product17,5,48922,244610,44029.8,288639.8
INV08412,2026-02-13,Customer8412,Product11,4,25249,100996,18179.28,119175.28
INV08413,2026-02-14,Customer8413,Product20,4,18720,74880,13478.4,88358.4
INV08414,2026-02-15,Customer8414,Product7,4,15895,63580,11444.4,75024.4
INV08415,2026-02-16,Customer8415,Product3,4,45233,180932,32567.76,213499.76
INV08416,2026-02-17,Customer8416,Product19,3,8086,24258,4366.44,28624.44
INV08417,2026-02-18,Customer8417,Product10,5,46223,231115,41600.7,272715.7
INV08418,2026-02-19,Customer8418,Product4,3,33839,101517,18273.06,119790.06
INV08419,2026-02-20,Customer8419,Product15,1,24684,24684,4443.12,29127.12
INV08420,2026-02-21,Customer8420,Product5,3,48572,145716,26228.88,171944.88
INV08421,2026-02-22,Customer8421,Product3,2,33124,66248,11924.64,78172.64
INV08422,2026-02-23,Customer8422,Product10,2,15328,30656,5518.08,36174.08
INV08423,2026-02-24,Customer8423,Product4,1,26674,26674,4801.32,31475.32
INV08424,2026-02-25,Customer8424,Product13,1,48953,48953,8811.54,57764.54
INV08425,2026-02-26,Customer8425,Product1,4,32389,129556,23320.08,152876.08000000002
INV08426,2026-02-27,Customer8426,Product2,3,40563,121689,21904.02,143593.02
INV08427,2026-02-28,Customer8427,Product19,2,13787,27574,4963.32,32537.32
INV08428,2026-02-01,Customer8428,Product8,3,15895,47685,8583.3,56268.3
INV08429,2026-02-02,Customer8429,Product15,1,31824,31824,5728.32,37552.32
INV08430,2026-02-03,Customer8430,Product3,5,18806,94030,16925.4,110955.4
INV08431,2026-02-04,Customer8431,Product14,5,34788,173940,31309.2,205249.2
INV08432,2026-02-05,Customer8432,Product17,3,19155,57465,10343.7,67808.7
INV08433,2026-02-06,Customer8433,Product2,2,26162,52324,9418.32,61742.32
INV08434,2026-02-07,Customer8434,Product13,3,9624,28872,5196.96,34068.96
INV08435,2026-02-08,Customer8435,Product13,5,10532,52660,9478.8,62138.8
INV08436,2026-02-09,Customer8436,Product10,2,24334,48668,8760.24,57428.24
INV08437,2026-02-10,Customer8437,Product7,4,28985,115940,20869.2,136809.2
INV08438,2026-02-11,Customer8438,Product4,4,28263,113052,20349.36,133401.36
INV08439,2026-02-12,Customer8439,Product5,2,44266,88532,15935.76,104467.76
INV08440,2026-02-13,Customer8440,Product12,3,32275,96825,17428.5,114253.5
INV08441,2026-02-14,Customer8441,Product5,4,37478,149912,26984.16,176896.16
INV08442,2026-02-15,Customer8442,Product2,3,4189,12567,2262.06,14829.06
INV08443,2026-02-16,Customer8443,Product20,1,44324,44324,7978.32,52302.32
INV08444,2026-02-17,Customer8444,Product7,5,28838,144190,25954.2,170144.2
INV08445,2026-02-18,Customer8445,Product15,4,38488,153952,27711.36,181663.36
INV08446,2026-02-19,Customer8446,Product13,4,8650,34600,6228.0,40828.0
INV08447,2026-02-20,Customer8447,Product1,3,38331,114993,20698.74,135691.74
INV08448,2026-02-21,Customer8448,Product14,5,41013,205065,36911.7,241976.7
INV08449,2026-02-22,Customer8449,Product15,5,37845,189225,34060.5,223285.5
INV08450,2026-02-23,Customer8450,Product15,3,23161,69483,12506.94,81989.94
INV08451,2026-02-24,Customer8451,Product19,3,38224,114672,20640.96,135312.96
INV08452,2026-02-25,Customer8452,Product11,1,2213,2213,398.34,2611.34
INV08453,2026-02-26,Customer8453,Product15,4,49180,196720,35409.6,232129.6
INV08454,2026-02-27,Customer8454,Product14,4,4228,16912,3044.16,19956.16
INV08455,2026-02-28,Customer8455,Product7,5,13707,68535,12336.3,80871.3
INV08456,2026-02-01,Customer8456,Product20,2,18026,36052,6489.36,42541.36
INV08457,2026-02-02,Customer8457,Product19,1,15027,15027,2704.86,17731.86
INV08458,2026-02-03,Customer8458,Product6,1,18344,18344,3301.92,21645.92
INV08459,2026-02-04,Customer8459,Product11,3,6404,19212,3458.16,22670.16
INV08460,2026-02-05,Customer8460,Product8,3,9905,29715,5348.7,35063.7
INV08461,2026-02-06,Customer8461,Product1,1,10099,10099,1817.82,11916.82
INV08462,2026-02-07,Customer8462,Product20,1,10161,10161,1828.98,11989.98
INV08463,2026-02-08,Customer8463,Product5,4,9912,39648,7136.64,46784.64
INV08464,2026-02-09,Customer8464,Product7,5,13517,67585,12165.3,79750.3
INV08465,2026-02-10,Customer8465,Product4,5,1515,7575,1363.5,8938.5
INV08466,2026-02-11,Customer8466,Product19,5,5481,27405,4932.9,32337.9
INV08467,2026-02-12,Customer8467,Product20,3,27921,83763,15077.34,98840.34
INV08468,2026-02-13,Customer8468,Product1,3,21254,63762,11477.16,75239.16
INV08469,2026-02-14,Customer8469,Product18,1,34001,34001,6120.18,40121.18
INV08470,2026-02-15,Customer8470,Product9,5,12928,64640,11635.2,76275.2
INV08471,2026-02-16,Customer8471,Product12,2,43824,87648,15776.64,103424.64
INV08472,2026-02-17,Customer8472,Product5,3,32635,97905,17622.9,115527.9
INV08473,2026-02-18,Customer8473,Product7,5,27845,139225,25060.5,164285.5
INV08474,2026-02-19,Customer8474,Product18,1,1291,1291,232.38,1523.38
INV08475,2026-02-20,Customer8475,Product16,1,29523,29523,5314.14,34837.14
INV08476,2026-02-21,Customer8476,Product9,2,19090,38180,6872.4,45052.4
INV08477,2026-02-22,Customer8477,Product5,4,15044,60176,10831.68,71007.68
INV08478,2026-02-23,Customer8478,Product11,4,48588,194352,34983.36,229335.36
INV08479,2026-02-24,Customer8479,Product19,4,3745,14980,2696.4,17676.4
INV08480,2026-02-25,Customer8480,Product5,2,42957,85914,15464.52,101378.52
INV08481,2026-02-26,Customer8481,Product4,2,47506,95012,17102.16,112114.16
INV08482,2026-02-27,Customer8482,Product6,3,12213,36639,6595.02,43234.020000000004
INV08483,2026-02-28,Customer8483,Product20,5,21232,106160,19108.8,125268.8
INV08484,2026-02-01,Customer8484,Product6,2,24599,49198,8855.64,58053.64
INV08485,2026-02-02,Customer8485,Product9,4,5296,21184,3813.12,24997.12
INV08486,2026-02-03,Customer8486,Product9,4,33462,133848,24092.64,157940.64
INV08487,2026-02-04,Customer8487,Product11,3,4882,14646,2636.28,17282.28
INV08488,2026-02-05,Customer8488,Product2,3,39227,117681,21182.58,138863.58000000002
INV08489,2026-02-06,Customer8489,Product10,3,38891,116673,21001.14,137674.14
INV08490,2026-02-07,Customer8490,Product8,3,19683,59049,10628.82,69677.82
INV08491,2026-02-08,Customer8491,Product7,5,22478,112390,20230.2,132620.2
INV08492,2026-02-09,Customer8492,Product1,2,36946,73892,13300.56,87192.56
INV08493,2026-02-10,Customer8493,Product12,2,46177,92354,16623.72,108977.72
INV08494,2026-02-11,Customer8494,Product4,1,1241,1241,223.38,1464.38
INV08495,2026-02-12,Customer8495,Product19,4,33788,135152,24327.36,159479.36
INV08496,2026-02-13,Customer8496,Product11,2,36282,72564,13061.52,85625.52
INV08497,2026-02-14,Customer8497,Product2,1,27104,27104,4878.72,31982.72
INV08498,2026-02-15,Customer8498,Product11,4,20308,81232,14621.76,95853.76
INV08499,2026-02-16,Customer8499,Product4,4,49713,198852,35793.36,234645.36
INV08500,2026-02-17,Customer8500,Product20,2,31387,62774,11299.32,74073.32
INV08501,2026-02-18,Customer8501,Product1,2,2186,4372,786.96,5158.96
INV08502,2026-02-19,Customer8502,Product11,2,20409,40818,7347.24,48165.24
INV08503,2026-02-20,Customer8503,Product15,5,33408,167040,30067.2,197107.2
INV08504,2026-02-21,Customer8504,Product14,1,1034,1034,186.12,1220.12
INV08505,2026-02-22,Customer8505,Product4,2,33496,66992,12058.56,79050.56
INV08506,2026-02-23,Customer8506,Product8,3,28818,86454,15561.72,102015.72
INV08507,2026-02-24,Customer8507,Product8,2,9197,18394,3310.92,21704.92
INV08508,2026-02-25,Customer8508,Product16,4,42102,168408,30313.44,198721.44
INV08509,2026-02-26,Customer8509,Product18,4,32217,128868,23196.24,152064.24
INV08510,2026-02-27,Customer8510,Product19,1,39439,39439,7099.02,46538.020000000004
INV08511,2026-02-28,Customer8511,Product11,5,46663,233315,41996.7,275311.7
INV08512,2026-02-01,Customer8512,Product16,2,46045,92090,16576.2,108666.2
INV08513,2026-02-02,Customer8513,Product2,3,23868,71604,12888.72,84492.72
INV08514,2026-02-03,Customer8514,Product13,3,44388,133164,23969.52,157133.52
INV08515,2026-02-04,Customer8515,Product13,2,2627,5254,945.72,6199.72
INV08516,2026-02-05,Customer8516,Product5,3,44479,133437,24018.66,157455.66
INV08517,2026-02-06,Customer8517,Product1,3,42670,128010,23041.8,151051.8
INV08518,2026-02-07,Customer8518,Product3,3,39844,119532,21515.76,141047.76
INV08519,2026-02-08,Customer8519,Product15,3,2346,7038,1266.84,8304.84
INV08520,2026-02-09,Customer8520,Product20,5,47510,237550,42759.0,280309.0
INV08521,2026-02-10,Customer8521,Product10,3,42039,126117,22701.06,148818.06
INV08522,2026-02-11,Customer8522,Product9,5,2500,12500,2250.0,14750.0
INV08523,2026-02-12,Customer8523,Product19,4,30381,121524,21874.32,143398.32
INV08524,2026-02-13,Customer8524,Product6,2,22949,45898,8261.64,54159.64
INV08525,2026-02-14,Customer8525,Product3,1,46949,46949,8450.82,55399.82
INV08526,2026-02-15,Customer8526,Product11,5,7814,39070,7032.6,46102.6
INV08527,2026-02-16,Customer8527,Product17,2,29947,59894,10780.92,70674.92
INV08528,2026-02-17,Customer8528,Product4,5,12635,63175,11371.5,74546.5
INV08529,2026-02-18,Customer8529,Product6,1,47347,47347,8522.46,55869.46
INV08530,2026-02-19,Customer8530,Product14,4,3656,14624,2632.32,17256.32
INV08531,2026-02-20,Customer8531,Product12,4,46762,187048,33668.64,220716.64
INV08532,2026-02-21,Customer8532,Product2,3,35051,105153,18927.54,124080.54000000001
INV08533,2026-02-22,Customer8533,Product3,1,17344,17344,3121.92,20465.92
INV08534,2026-02-23,Customer8534,Product10,4,36706,146824,26428.32,173252.32
INV08535,2026-02-24,Customer8535,Product5,2,33974,67948,12230.64,80178.64
INV08536,2026-02-25,Customer8536,Product2,3,686,2058,370.44,2428.44
INV08537,2026-02-26,Customer8537,Product14,1,45636,45636,8214.48,53850.479999999996
INV08538,2026-02-27,Customer8538,Product1,1,10030,10030,1805.4,11835.4
INV08539,2026-02-28,Customer8539,Product4,5,17791,88955,16011.9,104966.9
INV08540,2026-02-01,Customer8540,Product20,1,29419,29419,5295.42,34714.42
INV08541,2026-02-02,Customer8541,Product1,3,7649,22947,4130.46,27077.46
INV08542,2026-02-03,Customer8542,Product16,4,27423,109692,19744.56,129436.56
INV08543,2026-02-04,Customer8543,Product12,3,7037,21111,3799.98,24910.98
INV08544,2026-02-05,Customer8544,Product7,4,27264,109056,19630.08,128686.08
INV08545,2026-02-06,Customer8545,Product7,4,1154,4616,830.88,5446.88
INV08546,2026-02-07,Customer8546,Product3,2,21638,43276,7789.68,51065.68
INV08547,2026-02-08,Customer8547,Product5,4,19460,77840,14011.2,91851.2
INV08548,2026-02-09,Customer8548,Product12,4,9189,36756,6616.08,43372.08
INV08549,2026-02-10,Customer8549,Product14,2,36142,72284,13011.12,85295.12
INV08550,2026-02-11,Customer8550,Product14,5,13097,65485,11787.3,77272.3
INV08551,2026-02-12,Customer8551,Product2,5,3354,16770,3018.6,19788.6
INV08552,2026-02-13,Customer8552,Product19,2,41951,83902,15102.36,99004.36
INV08553,2026-02-14,Customer8553,Product16,3,24305,72915,13124.7,86039.7
INV08554,2026-02-15,Customer8554,Product8,5,11768,58840,10591.2,69431.2
INV08555,2026-02-16,Customer8555,Product15,3,23573,70719,12729.42,83448.42
INV08556,2026-02-17,Customer8556,Product18,2,49095,98190,17674.2,115864.2
INV08557,2026-02-18,Customer8557,Product4,5,11754,58770,10578.6,69348.6
INV08558,2026-02-19,Customer8558,Product2,4,23779,95116,17120.88,112236.88
INV08559,2026-02-20,Customer8559,Product2,5,5851,29255,5265.9,34520.9
INV08560,2026-02-21,Customer8560,Product17,4,35756,143024,25744.32,168768.32
INV08561,2026-02-22,Customer8561,Product13,2,40420,80840,14551.2,95391.2
INV08562,2026-02-23,Customer8562,Product2,5,22144,110720,19929.6,130649.6
INV08563,2026-02-24,Customer8563,Product11,5,37280,186400,33552.0,219952.0
INV08564,2026-02-25,Customer8564,Product9,3,33152,99456,17902.08,117358.08
INV08565,2026-02-26,Customer8565,Product5,1,30348,30348,5462.64,35810.64
INV08566,2026-02-27,Customer8566,Product13,4,46780,187120,33681.6,220801.6
INV08567,2026-02-28,Customer8567,Product6,4,18958,75832,13649.76,89481.76
INV08568,2026-02-01,Customer8568,Product2,3,6043,18129,3263.22,21392.22
INV08569,2026-02-02,Customer8569,Product15,5,13092,65460,11782.8,77242.8
INV08570,2026-02-03,Customer8570,Product12,2,26653,53306,9595.08,62901.08
INV08571,2026-02-04,Customer8571,Product9,3,24165,72495,13049.1,85544.1
INV08572,2026-02-05,Customer8572,Product9,3,28083,84249,15164.82,99413.82
INV08573,2026-02-06,Customer8573,Product7,5,47231,236155,42507.9,278662.9
INV08574,2026-02-07,Customer8574,Product2,1,45662,45662,8219.16,53881.16
INV08575,2026-02-08,Customer8575,Product19,1,4830,4830,869.4,5699.4
INV08576,2026-02-09,Customer8576,Product19,2,1136,2272,408.96,2680.96
INV08577,2026-02-10,Customer8577,Product17,2,23129,46258,8326.44,54584.44
INV08578,2026-02-11,Customer8578,Product12,5,10252,51260,9226.8,60486.8
INV08579,2026-02-12,Customer8579,Product5,5,45780,228900,41202.0,270102.0
INV08580,2026-02-13,Customer8580,Product7,4,20629,82516,14852.88,97368.88
INV08581,2026-02-14,Customer8581,Product9,4,21390,85560,15400.8,100960.8
INV08582,2026-02-15,Customer8582,Product6,3,40395,121185,21813.3,142998.3
INV08583,2026-02-16,Customer8583,Product6,5,46271,231355,41643.9,272998.9
INV08584,2026-02-17,Customer8584,Product2,2,42089,84178,15152.04,99330.04000000001
INV08585,2026-02-18,Customer8585,Product3,2,19383,38766,6977.88,45743.88
INV08586,2026-02-19,Customer8586,Product11,4,37623,150492,27088.56,177580.56
INV08587,2026-02-20,Customer8587,Product11,2,31024,62048,11168.64,73216.64
INV08588,2026-02-21,Customer8588,Product17,5,29788,148940,26809.2,175749.2
INV08589,2026-02-22,Customer8589,Product1,3,23802,71406,12853.08,84259.08
INV08590,2026-02-23,Customer8590,Product3,5,23233,116165,20909.7,137074.7
INV08591,2026-02-24,Customer8591,Product20,5,17194,85970,15474.6,101444.6
INV08592,2026-02-25,Customer8592,Product8,1,3350,3350,603.0,3953.0
INV08593,2026-02-26,Customer8593,Product2,1,2697,2697,485.46,3182.46
INV08594,2026-02-27,Customer8594,Product9,4,30425,121700,21906.0,143606.0
INV08595,2026-02-28,Customer8595,Product13,3,15874,47622,8571.96,56193.96
INV08596,2026-02-01,Customer8596,Product4,4,43579,174316,31376.88,205692.88
INV08597,2026-02-02,Customer8597,Product18,5,34018,170090,30616.2,200706.2
INV08598,2026-02-03,Customer8598,Product8,3,41515,124545,22418.1,146963.1
INV08599,2026-02-04,Customer8599,Product13,3,17966,53898,9701.64,63599.64
INV08600,2026-02-05,Customer8600,Product11,4,37401,149604,26928.72,176532.72
INV08601,2026-02-06,Customer8601,Product11,2,46212,92424,16636.32,109060.32
INV08602,2026-02-07,Customer8602,Product19,3,28049,84147,15146.46,99293.45999999999
INV08603,2026-02-08,Customer8603,Product6,1,45228,45228,8141.04,53369.04
INV08604,2026-02-09,Customer8604,Product3,5,42244,211220,38019.6,249239.6
INV08605,2026-02-10,Customer8605,Product8,5,1344,6720,1209.6,7929.6
INV08606,2026-02-11,Customer8606,Product7,4,24136,96544,17377.92,113921.92
INV08607,2026-02-12,Customer8607,Product3,4,19457,77828,14009.04,91837.04000000001
INV08608,2026-02-13,Customer8608,Product16,4,11104,44416,7994.88,52410.88
INV08609,2026-02-14,Customer8609,Product1,1,11036,11036,1986.48,13022.48
INV08610,2026-02-15,Customer8610,Product19,5,14192,70960,12772.8,83732.8
INV08611,2026-02-16,Customer8611,Product7,4,2607,10428,1877.04,12305.04
INV08612,2026-02-17,Customer8612,Product18,2,26837,53674,9661.32,63335.32
INV08613,2026-02-18,Customer8613,Product10,2,10351,20702,3726.36,24428.36
INV08614,2026-02-19,Customer8614,Product2,5,1088,5440,979.2,6419.2
INV08615,2026-02-20,Customer8615,Product12,4,14993,59972,10794.96,70766.95999999999
INV08616,2026-02-21,Customer8616,Product4,1,36595,36595,6587.1,43182.1
INV08617,2026-02-22,Customer8617,Product14,4,10871,43484,7827.12,51311.12
INV08618,2026-02-23,Customer8618,Product17,5,4595,22975,4135.5,27110.5
INV08619,2026-02-24,Customer8619,Product18,2,39240,78480,14126.4,92606.4
INV08620,2026-02-25,Customer8620,Product18,1,12607,12607,2269.26,14876.26
INV08621,2026-02-26,Customer8621,Product18,3,7443,22329,4019.22,26348.22
INV08622,2026-02-27,Customer8622,Product3,4,29265,117060,21070.8,138130.8
INV08623,2026-02-28,Customer8623,Product14,2,47771,95542,17197.56,112739.56
INV08624,2026-02-01,Customer8624,Product17,5,45639,228195,41075.1,269270.1
INV08625,2026-02-02,Customer8625,Product2,4,42001,168004,30240.72,198244.72
INV08626,2026-02-03,Customer8626,Product13,4,14038,56152,10107.36,66259.36
INV08627,2026-02-04,Customer8627,Product13,2,33968,67936,12228.48,80164.48
INV08628,2026-02-05,Customer8628,Product8,1,29981,29981,5396.58,35377.58
INV08629,2026-02-06,Customer8629,Product13,5,10183,50915,9164.7,60079.7
INV08630,2026-02-07,Customer8630,Product15,4,41881,167524,30154.32,197678.32
INV08631,2026-02-08,Customer8631,Product20,2,11355,22710,4087.8,26797.8
INV08632,2026-02-09,Customer8632,Product20,2,18823,37646,6776.28,44422.28
INV08633,2026-02-10,Customer8633,Product11,3,15187,45561,8200.98,53761.979999999996
INV08634,2026-02-11,Customer8634,Product19,1,22509,22509,4051.62,26560.62
INV08635,2026-02-12,Customer8635,Product4,3,47680,143040,25747.2,168787.2
INV08636,2026-02-13,Customer8636,Product16,4,679,2716,488.88,3204.88
INV08637,2026-02-14,Customer8637,Product11,5,8121,40605,7308.9,47913.9
INV08638,2026-02-15,Customer8638,Product5,2,31456,62912,11324.16,74236.16
INV08639,2026-02-16,Customer8639,Product9,5,46041,230205,41436.9,271641.9
INV08640,2026-02-17,Customer8640,Product2,2,26695,53390,9610.2,63000.2
INV08641,2026-02-18,Customer8641,Product11,2,48898,97796,17603.28,115399.28
INV08642,2026-02-19,Customer8642,Product6,4,32805,131220,23619.6,154839.6
INV08643,2026-02-20,Customer8643,Product13,1,18194,18194,3274.92,21468.92
INV08644,2026-02-21,Customer8644,Product5,2,25817,51634,9294.12,60928.12
INV08645,2026-02-22,Customer8645,Product16,3,4274,12822,2307.96,15129.96
INV08646,2026-02-23,Customer8646,Product5,3,5351,16053,2889.54,18942.54
INV08647,2026-02-24,Customer8647,Product5,2,7360,14720,2649.6,17369.6
INV08648,2026-02-25,Customer8648,Product20,2,38601,77202,13896.36,91098.36
INV08649,2026-02-26,Customer8649,Product4,5,48405,242025,43564.5,285589.5
INV08650,2026-02-27,Customer8650,Product7,1,10775,10775,1939.5,12714.5
INV08651,2026-02-28,Customer8651,Product2,1,47581,47581,8564.58,56145.58
INV08652,2026-02-01,Customer8652,Product20,1,928,928,167.04,1095.04
INV08653,2026-02-02,Customer8653,Product10,5,1418,7090,1276.2,8366.2
INV08654,2026-02-03,Customer8654,Product15,5,26927,134635,24234.3,158869.3
INV08655,2026-02-04,Customer8655,Product7,3,24352,73056,13150.08,86206.08
INV08656,2026-02-05,Customer8656,Product1,3,13174,39522,7113.96,46635.96
INV08657,2026-02-06,Customer8657,Product4,3,27578,82734,14892.12,97626.12
INV08658,2026-02-07,Customer8658,Product12,2,14703,29406,5293.08,34699.08
INV08659,2026-02-08,Customer8659,Product16,4,44311,177244,31903.92,209147.91999999998
INV08660,2026-02-09,Customer8660,Product6,4,667,2668,480.24,3148.24
INV08661,2026-02-10,Customer8661,Product11,5,15743,78715,14168.7,92883.7
INV08662,2026-02-11,Customer8662,Product1,5,1727,8635,1554.3,10189.3
INV08663,2026-02-12,Customer8663,Product17,4,28652,114608,20629.44,135237.44
INV08664,2026-02-13,Customer8664,Product10,5,36375,181875,32737.5,214612.5
INV08665,2026-02-14,Customer8665,Product10,3,41066,123198,22175.64,145373.64
INV08666,2026-02-15,Customer8666,Product3,2,41223,82446,14840.28,97286.28
INV08667,2026-02-16,Customer8667,Product9,1,26488,26488,4767.84,31255.84
INV08668,2026-02-17,Customer8668,Product18,2,25231,50462,9083.16,59545.16
INV08669,2026-02-18,Customer8669,Product7,2,7467,14934,2688.12,17622.12
INV08670,2026-02-19,Customer8670,Product14,3,47943,143829,25889.22,169718.22
INV08671,2026-02-20,Customer8671,Product19,3,15346,46038,8286.84,54324.84
INV08672,2026-02-21,Customer8672,Product4,1,7601,7601,1368.18,8969.18
INV08673,2026-02-22,Customer8673,Product3,4,15387,61548,11078.64,72626.64
INV08674,2026-02-23,Customer8674,Product16,2,2679,5358,964.44,6322.4400000000005
INV08675,2026-02-24,Customer8675,Product11,5,1724,8620,1551.6,10171.6
INV08676,2026-02-25,Customer8676,Product8,2,25592,51184,9213.12,60397.12
INV08677,2026-02-26,Customer8677,Product16,2,14373,28746,5174.28,33920.28
INV08678,2026-02-27,Customer8678,Product19,4,17464,69856,12574.08,82430.08
INV08679,2026-02-28,Customer8679,Product5,1,21095,21095,3797.1,24892.1
INV08680,2026-02-01,Customer8680,Product12,1,29449,29449,5300.82,34749.82
INV08681,2026-02-02,Customer8681,Product20,4,6384,25536,4596.48,30132.48
INV08682,2026-02-03,Customer8682,Product9,3,45727,137181,24692.58,161873.58000000002
INV08683,2026-02-04,Customer8683,Product5,2,1136,2272,408.96,2680.96
INV08684,2026-02-05,Customer8684,Product1,2,43995,87990,15838.2,103828.2
INV08685,2026-02-06,Customer8685,Product8,5,36803,184015,33122.7,217137.7
INV08686,2026-02-07,Customer8686,Product1,2,29123,58246,10484.28,68730.28
INV08687,2026-02-08,Customer8687,Product13,5,4409,22045,3968.1,26013.1
INV08688,2026-02-09,Customer8688,Product18,2,26746,53492,9628.56,63120.56
INV08689,2026-02-10,Customer8689,Product1,1,16968,16968,3054.24,20022.239999999998
INV08690,2026-02-11,Customer8690,Product20,2,8448,16896,3041.28,19937.28
INV08691,2026-02-12,Customer8691,Product2,4,27186,108744,19573.92,128317.92
INV08692,2026-02-13,Customer8692,Product20,1,15675,15675,2821.5,18496.5
INV08693,2026-02-14,Customer8693,Product15,1,49435,49435,8898.3,58333.3
INV08694,2026-02-15,Customer8694,Product4,2,27728,55456,9982.08,65438.08
INV08695,2026-02-16,Customer8695,Product5,5,10520,52600,9468.0,62068.0
INV08696,2026-02-17,Customer8696,Product13,4,27585,110340,19861.2,130201.2
INV08697,2026-02-18,Customer8697,Product7,4,34060,136240,24523.2,160763.2
INV08698,2026-02-19,Customer8698,Product16,3,13769,41307,7435.26,48742.26
INV08699,2026-02-20,Customer8699,Product14,4,13755,55020,9903.6,64923.6
INV08700,2026-02-21,Customer8700,Product11,4,7953,31812,5726.16,37538.16
INV08701,2026-02-22,Customer8701,Product5,3,5268,15804,2844.72,18648.72
INV08702,2026-02-23,Customer8702,Product12,3,20169,60507,10891.26,71398.26
INV08703,2026-02-24,Customer8703,Product1,4,1344,5376,967.68,6343.68
INV08704,2026-02-25,Customer8704,Product10,3,36853,110559,19900.62,130459.62
INV08705,2026-02-26,Customer8705,Product19,5,20747,103735,18672.3,122407.3
INV08706,2026-02-27,Customer8706,Product8,5,12098,60490,10888.2,71378.2
INV08707,2026-02-28,Customer8707,Product15,5,33852,169260,30466.8,199726.8
INV08708,2026-02-01,Customer8708,Product19,1,43307,43307,7795.26,51102.26
INV08709,2026-02-02,Customer8709,Product13,5,28718,143590,25846.2,169436.2
INV08710,2026-02-03,Customer8710,Product7,1,43237,43237,7782.66,51019.66
INV08711,2026-02-04,Customer8711,Product16,1,30705,30705,5526.9,36231.9
INV08712,2026-02-05,Customer8712,Product20,5,35698,178490,32128.2,210618.2
INV08713,2026-02-06,Customer8713,Product11,4,27413,109652,19737.36,129389.36
INV08714,2026-02-07,Customer8714,Product16,1,19846,19846,3572.28,23418.28
INV08715,2026-02-08,Customer8715,Product16,3,31300,93900,16902.0,110802.0
INV08716,2026-02-09,Customer8716,Product14,5,22453,112265,20207.7,132472.7
INV08717,2026-02-10,Customer8717,Product20,5,22481,112405,20232.9,132637.9
INV08718,2026-02-11,Customer8718,Product6,1,39774,39774,7159.32,46933.32
INV08719,2026-02-12,Customer8719,Product11,2,4050,8100,1458.0,9558.0
INV08720,2026-02-13,Customer8720,Product12,3,37842,113526,20434.68,133960.68
INV08721,2026-02-14,Customer8721,Product13,3,8240,24720,4449.6,29169.6
INV08722,2026-02-15,Customer8722,Product5,1,45185,45185,8133.3,53318.3
INV08723,2026-02-16,Customer8723,Product19,5,18295,91475,16465.5,107940.5
INV08724,2026-02-17,Customer8724,Product8,1,19596,19596,3527.28,23123.28
INV08725,2026-02-18,Customer8725,Product4,4,5128,20512,3692.16,24204.16
INV08726,2026-02-19,Customer8726,Product15,4,32710,130840,23551.2,154391.2
INV08727,2026-02-20,Customer8727,Product3,5,49422,247110,44479.8,291589.8
INV08728,2026-02-21,Customer8728,Product5,1,43299,43299,7793.82,51092.82
INV08729,2026-02-22,Customer8729,Product15,5,16913,84565,15221.7,99786.7
INV08730,2026-02-23,Customer8730,Product17,4,24730,98920,17805.6,116725.6
INV08731,2026-02-24,Customer8731,Product11,3,7839,23517,4233.06,27750.06
INV08732,2026-02-25,Customer8732,Product4,3,32443,97329,17519.22,114848.22
INV08733,2026-02-26,Customer8733,Product5,3,7923,23769,4278.42,28047.42
INV08734,2026-02-27,Customer8734,Product17,5,11885,59425,10696.5,70121.5
INV08735,2026-02-28,Customer8735,Product12,4,39748,158992,28618.56,187610.56
INV08736,2026-02-01,Customer8736,Product13,4,4466,17864,3215.52,21079.52
INV08737,2026-02-02,Customer8737,Product3,2,25738,51476,9265.68,60741.68
INV08738,2026-02-03,Customer8738,Product20,1,32176,32176,5791.68,37967.68
INV08739,2026-02-04,Customer8739,Product12,4,44137,176548,31778.64,208326.64
INV08740,2026-02-05,Customer8740,Product5,5,31088,155440,27979.2,183419.2
INV08741,2026-02-06,Customer8741,Product16,5,5752,28760,5176.8,33936.8
INV08742,2026-02-07,Customer8742,Product14,4,13001,52004,9360.72,61364.72
INV08743,2026-02-08,Customer8743,Product17,2,45062,90124,16222.32,106346.32
INV08744,2026-02-09,Customer8744,Product7,5,34210,171050,30789.0,201839.0
INV08745,2026-02-10,Customer8745,Product4,1,47182,47182,8492.76,55674.76
INV08746,2026-02-11,Customer8746,Product15,3,46003,138009,24841.62,162850.62
INV08747,2026-02-12,Customer8747,Product4,3,31026,93078,16754.04,109832.04000000001
INV08748,2026-02-13,Customer8748,Product15,5,35328,176640,31795.2,208435.2
INV08749,2026-02-14,Customer8749,Product8,5,18442,92210,16597.8,108807.8
INV08750,2026-02-15,Customer8750,Product12,1,32106,32106,5779.08,37885.08
INV08751,2026-02-16,Customer8751,Product18,2,37824,75648,13616.64,89264.64
INV08752,2026-02-17,Customer8752,Product15,5,17435,87175,15691.5,102866.5
INV08753,2026-02-18,Customer8753,Product20,5,38313,191565,34481.7,226046.7
INV08754,2026-02-19,Customer8754,Product18,3,42537,127611,22969.98,150580.98
INV08755,2026-02-20,Customer8755,Product15,5,40814,204070,36732.6,240802.6
INV08756,2026-02-21,Customer8756,Product14,4,43482,173928,31307.04,205235.04
INV08757,2026-02-22,Customer8757,Product14,4,16768,67072,12072.96,79144.95999999999
INV08758,2026-02-23,Customer8758,Product4,2,508,1016,182.88,1198.88
INV08759,2026-02-24,Customer8759,Product20,5,5321,26605,4788.9,31393.9
INV08760,2026-02-25,Customer8760,Product13,5,9555,47775,8599.5,56374.5
INV08761,2026-02-26,Customer8761,Product18,3,1203,3609,649.62,4258.62
INV08762,2026-02-27,Customer8762,Product3,3,31506,94518,17013.24,111531.24
INV08763,2026-02-28,Customer8763,Product13,4,20988,83952,15111.36,99063.36
INV08764,2026-02-01,Customer8764,Product5,5,29990,149950,26991.0,176941.0
INV08765,2026-02-02,Customer8765,Product2,2,25266,50532,9095.76,59627.76
INV08766,2026-02-03,Customer8766,Product6,1,29938,29938,5388.84,35326.84
INV08767,2026-02-04,Customer8767,Product13,2,41619,83238,14982.84,98220.84
INV08768,2026-02-05,Customer8768,Product8,1,43014,43014,7742.52,50756.520000000004
INV08769,2026-02-06,Customer8769,Product4,4,44658,178632,32153.76,210785.76
INV08770,2026-02-07,Customer8770,Product3,1,44102,44102,7938.36,52040.36
INV08771,2026-02-08,Customer8771,Product17,5,19370,96850,17433.0,114283.0
INV08772,2026-02-09,Customer8772,Product13,5,41550,207750,37395.0,245145.0
INV08773,2026-02-10,Customer8773,Product12,2,7271,14542,2617.56,17159.56
INV08774,2026-02-11,Customer8774,Product2,5,41419,207095,37277.1,244372.1
INV08775,2026-02-12,Customer8775,Product9,3,10772,32316,5816.88,38132.88
INV08776,2026-02-13,Customer8776,Product16,1,42058,42058,7570.44,49628.44
INV08777,2026-02-14,Customer8777,Product3,4,9612,38448,6920.64,45368.64
INV08778,2026-02-15,Customer8778,Product11,5,24953,124765,22457.7,147222.7
INV08779,2026-02-16,Customer8779,Product8,5,3372,16860,3034.8,19894.8
INV08780,2026-02-17,Customer8780,Product2,4,25895,103580,18644.4,122224.4
INV08781,2026-02-18,Customer8781,Product15,4,31711,126844,22831.92,149675.91999999998
INV08782,2026-02-19,Customer8782,Product8,4,4857,19428,3497.04,22925.04
INV08783,2026-02-20,Customer8783,Product13,5,35856,179280,32270.4,211550.4
INV08784,2026-02-21,Customer8784,Product12,3,45205,135615,24410.7,160025.7
INV08785,2026-02-22,Customer8785,Product17,2,28393,56786,10221.48,67007.48
INV08786,2026-02-23,Customer8786,Product18,2,12156,24312,4376.16,28688.16
INV08787,2026-02-24,Customer8787,Product1,2,42629,85258,15346.44,100604.44
INV08788,2026-02-25,Customer8788,Product2,1,45923,45923,8266.14,54189.14
INV08789,2026-02-26,Customer8789,Product9,3,47435,142305,25614.9,167919.9
INV08790,2026-02-27,Customer8790,Product17,2,23562,47124,8482.32,55606.32
INV08791,2026-02-28,Customer8791,Product9,1,13753,13753,2475.54,16228.54
INV08792,2026-02-01,Customer8792,Product11,2,32020,64040,11527.2,75567.2
INV08793,2026-02-02,Customer8793,Product10,5,15145,75725,13630.5,89355.5
INV08794,2026-02-03,Customer8794,Product10,1,43426,43426,7816.68,51242.68
INV08795,2026-02-04,Customer8795,Product4,1,8084,8084,1455.12,9539.119999999999
INV08796,2026-02-05,Customer8796,Product6,5,15273,76365,13745.7,90110.7
INV08797,2026-02-06,Customer8797,Product10,2,33082,66164,11909.52,78073.52
INV08798,2026-02-07,Customer8798,Product10,3,6961,20883,3758.94,24641.94
INV08799,2026-02-08,Customer8799,Product19,3,40856,122568,22062.24,144630.24
INV08800,2026-02-09,Customer8800,Product6,1,24039,24039,4327.02,28366.02
INV08801,2026-02-10,Customer8801,Product12,5,37112,185560,33400.8,218960.8
INV08802,2026-02-11,Customer8802,Product19,2,49814,99628,17933.04,117561.04000000001
INV08803,2026-02-12,Customer8803,Product7,4,4235,16940,3049.2,19989.2
INV08804,2026-02-13,Customer8804,Product15,5,1011,5055,909.9,5964.9
INV08805,2026-02-14,Customer8805,Product1,2,7226,14452,2601.36,17053.36
INV08806,2026-02-15,Customer8806,Product6,3,1129,3387,609.66,3996.66
INV08807,2026-02-16,Customer8807,Product18,5,46046,230230,41441.4,271671.4
INV08808,2026-02-17,Customer8808,Product15,3,10146,30438,5478.84,35916.84
INV08809,2026-02-18,Customer8809,Product8,3,7269,21807,3925.26,25732.260000000002
INV08810,2026-02-19,Customer8810,Product4,4,13759,55036,9906.48,64942.479999999996
INV08811,2026-02-20,Customer8811,Product18,4,45883,183532,33035.76,216567.76
INV08812,2026-02-21,Customer8812,Product19,1,8465,8465,1523.7,9988.7
INV08813,2026-02-22,Customer8813,Product12,3,23642,70926,12766.68,83692.68
INV08814,2026-02-23,Customer8814,Product4,3,30090,90270,16248.6,106518.6
INV08815,2026-02-24,Customer8815,Product15,4,30791,123164,22169.52,145333.52
INV08816,2026-02-25,Customer8816,Product9,1,30885,30885,5559.3,36444.3
INV08817,2026-02-26,Customer8817,Product15,4,34587,138348,24902.64,163250.64
INV08818,2026-02-27,Customer8818,Product20,5,44414,222070,39972.6,262042.6
INV08819,2026-02-28,Customer8819,Product16,1,48754,48754,8775.72,57529.72
INV08820,2026-02-01,Customer8820,Product10,1,3528,3528,635.04,4163.04
INV08821,2026-02-02,Customer8821,Product11,2,46098,92196,16595.28,108791.28
INV08822,2026-02-03,Customer8822,Product12,2,46546,93092,16756.56,109848.56
INV08823,2026-02-04,Customer8823,Product19,2,24100,48200,8676.0,56876.0
INV08824,2026-02-05,Customer8824,Product4,3,16575,49725,8950.5,58675.5
INV08825,2026-02-06,Customer8825,Product16,2,27311,54622,9831.96,64453.96
INV08826,2026-02-07,Customer8826,Product19,4,34102,136408,24553.44,160961.44
INV08827,2026-02-08,Customer8827,Product19,1,38662,38662,6959.16,45621.16
INV08828,2026-02-09,Customer8828,Product6,4,36574,146296,26333.28,172629.28
INV08829,2026-02-10,Customer8829,Product1,5,43475,217375,39127.5,256502.5
INV08830,2026-02-11,Customer8830,Product7,2,41521,83042,14947.56,97989.56
INV08831,2026-02-12,Customer8831,Product20,2,39710,79420,14295.6,93715.6
INV08832,2026-02-13,Customer8832,Product12,2,27012,54024,9724.32,63748.32
INV08833,2026-02-14,Customer8833,Product13,5,29650,148250,26685.0,174935.0
INV08834,2026-02-15,Customer8834,Product8,1,13234,13234,2382.12,15616.119999999999
INV08835,2026-02-16,Customer8835,Product7,4,12911,51644,9295.92,60939.92
INV08836,2026-02-17,Customer8836,Product6,3,18612,55836,10050.48,65886.48
INV08837,2026-02-18,Customer8837,Product13,5,4721,23605,4248.9,27853.9
INV08838,2026-02-19,Customer8838,Product8,3,27497,82491,14848.38,97339.38
INV08839,2026-02-20,Customer8839,Product7,3,49715,149145,26846.1,175991.1
INV08840,2026-02-21,Customer8840,Product3,3,10657,31971,5754.78,37725.78
INV08841,2026-02-22,Customer8841,Product5,2,7161,14322,2577.96,16899.96
INV08842,2026-02-23,Customer8842,Product4,4,23923,95692,17224.56,112916.56
INV08843,2026-02-24,Customer8843,Product15,1,11674,11674,2101.32,13775.32
INV08844,2026-02-25,Customer8844,Product11,5,37977,189885,34179.3,224064.3
INV08845,2026-02-26,Customer8845,Product3,4,41059,164236,29562.48,193798.48
INV08846,2026-02-27,Customer8846,Product15,5,27041,135205,24336.9,159541.9
INV08847,2026-02-28,Customer8847,Product3,5,49161,245805,44244.9,290049.9
INV08848,2026-02-01,Customer8848,Product20,1,17130,17130,3083.4,20213.4
INV08849,2026-02-02,Customer8849,Product10,2,19068,38136,6864.48,45000.479999999996
INV08850,2026-02-03,Customer8850,Product18,4,47679,190716,34328.88,225044.88
INV08851,2026-02-04,Customer8851,Product2,4,25914,103656,18658.08,122314.08
INV08852,2026-02-05,Customer8852,Product2,4,13480,53920,9705.6,63625.6
INV08853,2026-02-06,Customer8853,Product12,4,26416,105664,19019.52,124683.52
INV08854,2026-02-07,Customer8854,Product12,3,22171,66513,11972.34,78485.34
INV08855,2026-02-08,Customer8855,Product6,1,47021,47021,8463.78,55484.78
INV08856,2026-02-09,Customer8856,Product15,4,5806,23224,4180.32,27404.32
INV08857,2026-02-10,Customer8857,Product18,1,23435,23435,4218.3,27653.3
INV08858,2026-02-11,Customer8858,Product16,3,25860,77580,13964.4,91544.4
INV08859,2026-02-12,Customer8859,Product1,3,8410,25230,4541.4,29771.4
INV08860,2026-02-13,Customer8860,Product12,4,28317,113268,20388.24,133656.24
INV08861,2026-02-14,Customer8861,Product13,1,7373,7373,1327.14,8700.14
INV08862,2026-02-15,Customer8862,Product17,3,6623,19869,3576.42,23445.42
INV08863,2026-02-16,Customer8863,Product9,3,38216,114648,20636.64,135284.64
INV08864,2026-02-17,Customer8864,Product9,5,28440,142200,25596.0,167796.0
INV08865,2026-02-18,Customer8865,Product3,3,21417,64251,11565.18,75816.18
INV08866,2026-02-19,Customer8866,Product10,4,22522,90088,16215.84,106303.84
INV08867,2026-02-20,Customer8867,Product13,2,24191,48382,8708.76,57090.76
INV08868,2026-02-21,Customer8868,Product10,3,20575,61725,11110.5,72835.5
INV08869,2026-02-22,Customer8869,Product14,4,21592,86368,15546.24,101914.24
INV08870,2026-02-23,Customer8870,Product16,4,9716,38864,6995.52,45859.520000000004
INV08871,2026-02-24,Customer8871,Product14,4,23651,94604,17028.72,111632.72
INV08872,2026-02-25,Customer8872,Product15,5,27865,139325,25078.5,164403.5
INV08873,2026-02-26,Customer8873,Product6,5,18224,91120,16401.6,107521.6
INV08874,2026-02-27,Customer8874,Product9,2,22290,44580,8024.4,52604.4
INV08875,2026-02-28,Customer8875,Product12,5,1667,8335,1500.3,9835.3
INV08876,2026-02-01,Customer8876,Product12,1,20994,20994,3778.92,24772.92
INV08877,2026-02-02,Customer8877,Product8,5,9359,46795,8423.1,55218.1
INV08878,2026-02-03,Customer8878,Product2,5,10559,52795,9503.1,62298.1
INV08879,2026-02-04,Customer8879,Product13,4,34950,139800,25164.0,164964.0
INV08880,2026-02-05,Customer8880,Product15,4,38684,154736,27852.48,182588.48
INV08881,2026-02-06,Customer8881,Product17,3,47564,142692,25684.56,168376.56
INV08882,2026-02-07,Customer8882,Product7,5,23100,115500,20790.0,136290.0
INV08883,2026-02-08,Customer8883,Product20,1,13563,13563,2441.34,16004.34
INV08884,2026-02-09,Customer8884,Product18,5,16471,82355,14823.9,97178.9
INV08885,2026-02-10,Customer8885,Product6,4,24750,99000,17820.0,116820.0
INV08886,2026-02-11,Customer8886,Product5,4,27913,111652,20097.36,131749.36
INV08887,2026-02-12,Customer8887,Product16,3,11101,33303,5994.54,39297.54
INV08888,2026-02-13,Customer8888,Product16,5,9178,45890,8260.2,54150.2
INV08889,2026-02-14,Customer8889,Product13,3,24940,74820,13467.6,88287.6
INV08890,2026-02-15,Customer8890,Product7,1,19359,19359,3484.62,22843.62
INV08891,2026-02-16,Customer8891,Product15,1,23336,23336,4200.48,27536.48
INV08892,2026-02-17,Customer8892,Product15,5,8912,44560,8020.8,52580.8
INV08893,2026-02-18,Customer8893,Product20,3,28732,86196,15515.28,101711.28
INV08894,2026-02-19,Customer8894,Product12,5,47756,238780,42980.4,281760.4
INV08895,2026-02-20,Customer8895,Product11,1,11141,11141,2005.38,13146.380000000001
INV08896,2026-02-21,Customer8896,Product18,3,6048,18144,3265.92,21409.92
INV08897,2026-02-22,Customer8897,Product17,1,42057,42057,7570.26,49627.26
INV08898,2026-02-23,Customer8898,Product12,5,41550,207750,37395.0,245145.0
INV08899,2026-02-24,Customer8899,Product2,1,25104,25104,4518.72,29622.72
INV08900,2026-02-25,Customer8900,Product16,3,49504,148512,26732.16,175244.16
INV08901,2026-02-26,Customer8901,Product2,1,10144,10144,1825.92,11969.92
INV08902,2026-02-27,Customer8902,Product9,1,23975,23975,4315.5,28290.5
INV08903,2026-02-28,Customer8903,Product7,5,32692,163460,29422.8,192882.8
INV08904,2026-02-01,Customer8904,Product5,5,1013,5065,911.7,5976.7
INV08905,2026-02-02,Customer8905,Product16,2,45956,91912,16544.16,108456.16
INV08906,2026-02-03,Customer8906,Product1,5,44836,224180,40352.4,264532.4
INV08907,2026-02-04,Customer8907,Product15,3,25440,76320,13737.6,90057.6
INV08908,2026-02-05,Customer8908,Product2,1,24409,24409,4393.62,28802.62
INV08909,2026-02-06,Customer8909,Product12,3,20581,61743,11113.74,72856.74
INV08910,2026-02-07,Customer8910,Product17,5,24246,121230,21821.4,143051.4
INV08911,2026-02-08,Customer8911,Product6,1,47341,47341,8521.38,55862.38
INV08912,2026-02-09,Customer8912,Product20,5,30922,154610,27829.8,182439.8
INV08913,2026-02-10,Customer8913,Product12,5,26248,131240,23623.2,154863.2
INV08914,2026-02-11,Customer8914,Product4,1,20231,20231,3641.58,23872.58
INV08915,2026-02-12,Customer8915,Product2,2,6911,13822,2487.96,16309.96
INV08916,2026-02-13,Customer8916,Product12,1,20793,20793,3742.74,24535.739999999998
INV08917,2026-02-14,Customer8917,Product15,2,28976,57952,10431.36,68383.36
INV08918,2026-02-15,Customer8918,Product4,3,20014,60042,10807.56,70849.56
INV08919,2026-02-16,Customer8919,Product18,2,31784,63568,11442.24,75010.24
INV08920,2026-02-17,Customer8920,Product1,1,34386,34386,6189.48,40575.479999999996
INV08921,2026-02-18,Customer8921,Product16,2,21830,43660,7858.8,51518.8
INV08922,2026-02-19,Customer8922,Product20,4,44045,176180,31712.4,207892.4
INV08923,2026-02-20,Customer8923,Product10,4,6026,24104,4338.72,28442.72
INV08924,2026-02-21,Customer8924,Product16,3,27079,81237,14622.66,95859.66
INV08925,2026-02-22,Customer8925,Product15,5,47294,236470,42564.6,279034.6
INV08926,2026-02-23,Customer8926,Product3,5,46390,231950,41751.0,273701.0
INV08927,2026-02-24,Customer8927,Product2,3,17820,53460,9622.8,63082.8
INV08928,2026-02-25,Customer8928,Product9,1,18721,18721,3369.78,22090.78
INV08929,2026-02-26,Customer8929,Product14,4,11869,47476,8545.68,56021.68
INV08930,2026-02-27,Customer8930,Product20,5,22184,110920,19965.6,130885.6
INV08931,2026-02-28,Customer8931,Product14,3,14026,42078,7574.04,49652.04
INV08932,2026-02-01,Customer8932,Product14,2,46662,93324,16798.32,110122.32
INV08933,2026-02-02,Customer8933,Product9,1,40332,40332,7259.76,47591.76
INV08934,2026-02-03,Customer8934,Product12,2,48234,96468,17364.24,113832.24
INV08935,2026-02-04,Customer8935,Product13,5,30848,154240,27763.2,182003.2
INV08936,2026-02-05,Customer8936,Product14,2,10002,20004,3600.72,23604.72
INV08937,2026-02-06,Customer8937,Product15,5,47030,235150,42327.0,277477.0
INV08938,2026-02-07,Customer8938,Product2,4,43478,173912,31304.16,205216.16
INV08939,2026-02-08,Customer8939,Product7,3,47029,141087,25395.66,166482.66
INV08940,2026-02-09,Customer8940,Product13,2,15169,30338,5460.84,35798.84
INV08941,2026-02-10,Customer8941,Product18,4,22581,90324,16258.32,106582.32
INV08942,2026-02-11,Customer8942,Product2,3,18074,54222,9759.96,63981.96
INV08943,2026-02-12,Customer8943,Product20,4,36237,144948,26090.64,171038.64
INV08944,2026-02-13,Customer8944,Product5,2,10745,21490,3868.2,25358.2
INV08945,2026-02-14,Customer8945,Product20,4,30684,122736,22092.48,144828.48
INV08946,2026-02-15,Customer8946,Product20,4,28059,112236,20202.48,132438.48
INV08947,2026-02-16,Customer8947,Product13,3,9582,28746,5174.28,33920.28
INV08948,2026-02-17,Customer8948,Product16,5,10944,54720,9849.6,64569.6
INV08949,2026-02-18,Customer8949,Product3,2,29070,58140,10465.2,68605.2
INV08950,2026-02-19,Customer8950,Product20,5,10407,52035,9366.3,61401.3
INV08951,2026-02-20,Customer8951,Product17,5,5635,28175,5071.5,33246.5
INV08952,2026-02-21,Customer8952,Product17,4,34334,137336,24720.48,162056.48
INV08953,2026-02-22,Customer8953,Product18,5,32933,164665,29639.7,194304.7
INV08954,2026-02-23,Customer8954,Product14,4,34846,139384,25089.12,164473.12
INV08955,2026-02-24,Customer8955,Product6,4,30147,120588,21705.84,142293.84
INV08956,2026-02-25,Customer8956,Product19,5,27707,138535,24936.3,163471.3
INV08957,2026-02-26,Customer8957,Product20,2,30829,61658,11098.44,72756.44
INV08958,2026-02-27,Customer8958,Product15,2,23415,46830,8429.4,55259.4
INV08959,2026-02-28,Customer8959,Product19,1,7354,7354,1323.72,8677.72
INV08960,2026-02-01,Customer8960,Product16,4,16636,66544,11977.92,78521.92
INV08961,2026-02-02,Customer8961,Product8,2,30913,61826,11128.68,72954.68
INV08962,2026-02-03,Customer8962,Product10,3,30443,91329,16439.22,107768.22
INV08963,2026-02-04,Customer8963,Product8,4,22271,89084,16035.12,105119.12
INV08964,2026-02-05,Customer8964,Product16,1,8111,8111,1459.98,9570.98
INV08965,2026-02-06,Customer8965,Product16,4,31873,127492,22948.56,150440.56
INV08966,2026-02-07,Customer8966,Product14,4,29902,119608,21529.44,141137.44
INV08967,2026-02-08,Customer8967,Product12,3,5201,15603,2808.54,18411.54
INV08968,2026-02-09,Customer8968,Product20,2,1990,3980,716.4,4696.4
INV08969,2026-02-10,Customer8969,Product20,4,15119,60476,10885.68,71361.68
INV08970,2026-02-11,Customer8970,Product6,4,8220,32880,5918.4,38798.4
INV08971,2026-02-12,Customer8971,Product7,4,8132,32528,5855.04,38383.04
INV08972,2026-02-13,Customer8972,Product4,2,17692,35384,6369.12,41753.12
INV08973,2026-02-14,Customer8973,Product16,4,35778,143112,25760.16,168872.16
INV08974,2026-02-15,Customer8974,Product3,1,19182,19182,3452.76,22634.760000000002
INV08975,2026-02-16,Customer8975,Product17,2,47490,94980,17096.4,112076.4
INV08976,2026-02-17,Customer8976,Product2,2,47400,94800,17064.0,111864.0
INV08977,2026-02-18,Customer8977,Product4,2,33485,66970,12054.6,79024.6
INV08978,2026-02-19,Customer8978,Product15,4,9719,38876,6997.68,45873.68
INV08979,2026-02-20,Customer8979,Product6,4,36532,146128,26303.04,172431.04
INV08980,2026-02-21,Customer8980,Product18,1,7558,7558,1360.44,8918.44
INV08981,2026-02-22,Customer8981,Product18,2,38142,76284,13731.12,90015.12
INV08982,2026-02-23,Customer8982,Product11,4,44994,179976,32395.68,212371.68
INV08983,2026-02-24,Customer8983,Product10,3,25483,76449,13760.82,90209.82
INV08984,2026-02-25,Customer8984,Product18,5,49096,245480,44186.4,289666.4
INV08985,2026-02-26,Customer8985,Product20,4,28012,112048,20168.64,132216.64
INV08986,2026-02-27,Customer8986,Product19,3,43518,130554,23499.72,154053.72
INV08987,2026-02-28,Customer8987,Product14,2,34812,69624,12532.32,82156.32
INV08988,2026-02-01,Customer8988,Product20,4,15729,62916,11324.88,74240.88
INV08989,2026-02-02,Customer8989,Product19,2,8957,17914,3224.52,21138.52
INV08990,2026-02-03,Customer8990,Product4,4,48368,193472,34824.96,228296.96
INV08991,2026-02-04,Customer8991,Product19,2,3503,7006,1261.08,8267.08
INV08992,2026-02-05,Customer8992,Product15,1,22089,22089,3976.02,26065.02
INV08993,2026-02-06,Customer8993,Product5,1,24680,24680,4442.4,29122.4
INV08994,2026-02-07,Customer8994,Product19,3,32005,96015,17282.7,113297.7
INV08995,2026-02-08,Customer8995,Product15,3,41348,124044,22327.92,146371.91999999998
INV08996,2026-02-09,Customer8996,Product14,3,26191,78573,14143.14,92716.14
INV08997,2026-02-10,Customer8997,Product17,1,31058,31058,5590.44,36648.44
INV08998,2026-02-11,Customer8998,Product2,5,32032,160160,28828.8,188988.8
INV08999,2026-02-12,Customer8999,Product6,2,16336,32672,5880.96,38552.96
INV09000,2026-02-13,Customer9000,Product8,2,5916,11832,2129.76,13961.76
INV09001,2026-02-14,Customer9001,Product12,5,22150,110750,19935.0,130685.0
INV09002,2026-02-15,Customer9002,Product16,4,28580,114320,20577.6,134897.6
INV09003,2026-02-16,Customer9003,Product6,5,23395,116975,21055.5,138030.5
INV09004,2026-02-17,Customer9004,Product11,3,21740,65220,11739.6,76959.6
INV09005,2026-02-18,Customer9005,Product18,5,11487,57435,10338.3,67773.3
INV09006,2026-02-19,Customer9006,Product12,5,30560,152800,27504.0,180304.0
INV09007,2026-02-20,Customer9007,Product11,3,39080,117240,21103.2,138343.2
INV09008,2026-02-21,Customer9008,Product12,3,31686,95058,17110.44,112168.44
INV09009,2026-02-22,Customer9009,Product7,1,41758,41758,7516.44,49274.44
INV09010,2026-02-23,Customer9010,Product3,1,39099,39099,7037.82,46136.82
INV09011,2026-02-24,Customer9011,Product4,4,35706,142824,25708.32,168532.32
INV09012,2026-02-25,Customer9012,Product19,3,37839,113517,20433.06,133950.06
INV09013,2026-02-26,Customer9013,Product15,3,46927,140781,25340.58,166121.58000000002
INV09014,2026-02-27,Customer9014,Product6,1,2360,2360,424.8,2784.8
INV09015,2026-02-28,Customer9015,Product10,3,45035,135105,24318.9,159423.9
INV09016,2026-02-01,Customer9016,Product17,1,45728,45728,8231.04,53959.04
INV09017,2026-02-02,Customer9017,Product2,5,28838,144190,25954.2,170144.2
INV09018,2026-02-03,Customer9018,Product10,1,39914,39914,7184.52,47098.520000000004
INV09019,2026-02-04,Customer9019,Product5,2,37891,75782,13640.76,89422.76
INV09020,2026-02-05,Customer9020,Product4,1,34302,34302,6174.36,40476.36
INV09021,2026-02-06,Customer9021,Product3,5,5442,27210,4897.8,32107.8
INV09022,2026-02-07,Customer9022,Product17,3,40095,120285,21651.3,141936.3
INV09023,2026-02-08,Customer9023,Product10,3,1959,5877,1057.86,6934.86
INV09024,2026-02-09,Customer9024,Product18,1,46094,46094,8296.92,54390.92
INV09025,2026-02-10,Customer9025,Product6,1,5714,5714,1028.52,6742.52
INV09026,2026-02-11,Customer9026,Product6,3,4859,14577,2623.86,17200.86
INV09027,2026-02-12,Customer9027,Product14,5,17412,87060,15670.8,102730.8
INV09028,2026-02-13,Customer9028,Product15,2,47295,94590,17026.2,111616.2
INV09029,2026-02-14,Customer9029,Product13,3,29682,89046,16028.28,105074.28
INV09030,2026-02-15,Customer9030,Product4,4,35427,141708,25507.44,167215.44
INV09031,2026-02-16,Customer9031,Product18,1,38231,38231,6881.58,45112.58
INV09032,2026-02-17,Customer9032,Product1,2,19149,38298,6893.64,45191.64
INV09033,2026-02-18,Customer9033,Product1,4,17078,68312,12296.16,80608.16
INV09034,2026-02-19,Customer9034,Product3,4,22835,91340,16441.2,107781.2
INV09035,2026-02-20,Customer9035,Product17,5,901,4505,810.9,5315.9
INV09036,2026-02-21,Customer9036,Product3,3,26229,78687,14163.66,92850.66
INV09037,2026-02-22,Customer9037,Product15,1,42492,42492,7648.56,50140.56
INV09038,2026-02-23,Customer9038,Product11,3,49254,147762,26597.16,174359.16
INV09039,2026-02-24,Customer9039,Product7,5,27714,138570,24942.6,163512.6
INV09040,2026-02-25,Customer9040,Product8,5,47682,238410,42913.8,281323.8
INV09041,2026-02-26,Customer9041,Product4,5,23109,115545,20798.1,136343.1
INV09042,2026-02-27,Customer9042,Product2,2,48794,97588,17565.84,115153.84
INV09043,2026-02-28,Customer9043,Product2,1,43764,43764,7877.52,51641.520000000004
INV09044,2026-02-01,Customer9044,Product17,4,40599,162396,29231.28,191627.28
INV09045,2026-02-02,Customer9045,Product20,2,42212,84424,15196.32,99620.32
INV09046,2026-02-03,Customer9046,Product5,3,42122,126366,22745.88,149111.88
INV09047,2026-02-04,Customer9047,Product5,1,38889,38889,7000.02,45889.020000000004
INV09048,2026-02-05,Customer9048,Product18,1,14682,14682,2642.76,17324.760000000002
INV09049,2026-02-06,Customer9049,Product5,3,34387,103161,18568.98,121729.98
INV09050,2026-02-07,Customer9050,Product12,2,34227,68454,12321.72,80775.72
INV09051,2026-02-08,Customer9051,Product16,2,20193,40386,7269.48,47655.479999999996
INV09052,2026-02-09,Customer9052,Product1,3,43610,130830,23549.4,154379.4
INV09053,2026-02-10,Customer9053,Product10,5,23387,116935,21048.3,137983.3
INV09054,2026-02-11,Customer9054,Product19,3,20521,61563,11081.34,72644.34
INV09055,2026-02-12,Customer9055,Product7,4,22804,91216,16418.88,107634.88
INV09056,2026-02-13,Customer9056,Product16,4,30657,122628,22073.04,144701.04
INV09057,2026-02-14,Customer9057,Product15,1,21080,21080,3794.4,24874.4
INV09058,2026-02-15,Customer9058,Product11,1,34655,34655,6237.9,40892.9
INV09059,2026-02-16,Customer9059,Product1,2,2356,4712,848.16,5560.16
INV09060,2026-02-17,Customer9060,Product5,1,46752,46752,8415.36,55167.36
INV09061,2026-02-18,Customer9061,Product17,2,1762,3524,634.32,4158.32
INV09062,2026-02-19,Customer9062,Product17,2,20395,40790,7342.2,48132.2
INV09063,2026-02-20,Customer9063,Product7,5,30721,153605,27648.9,181253.9
INV09064,2026-02-21,Customer9064,Product3,3,8961,26883,4838.94,31721.94
INV09065,2026-02-22,Customer9065,Product9,5,43317,216585,38985.3,255570.3
INV09066,2026-02-23,Customer9066,Product14,4,39819,159276,28669.68,187945.68
INV09067,2026-02-24,Customer9067,Product7,5,40491,202455,36441.9,238896.9
INV09068,2026-02-25,Customer9068,Product4,1,6843,6843,1231.74,8074.74
INV09069,2026-02-26,Customer9069,Product1,2,25885,51770,9318.6,61088.6
INV09070,2026-02-27,Customer9070,Product8,1,2458,2458,442.44,2900.44
INV09071,2026-02-28,Customer9071,Product17,3,16247,48741,8773.38,57514.38
INV09072,2026-02-01,Customer9072,Product8,1,4646,4646,836.28,5482.28
INV09073,2026-02-02,Customer9073,Product5,1,35851,35851,6453.18,42304.18
INV09074,2026-02-03,Customer9074,Product4,4,44123,176492,31768.56,208260.56
INV09075,2026-02-04,Customer9075,Product2,4,1635,6540,1177.2,7717.2
INV09076,2026-02-05,Customer9076,Product18,1,47693,47693,8584.74,56277.74
INV09077,2026-02-06,Customer9077,Product19,1,41375,41375,7447.5,48822.5
INV09078,2026-02-07,Customer9078,Product16,4,9569,38276,6889.68,45165.68
INV09079,2026-02-08,Customer9079,Product13,1,7689,7689,1384.02,9073.02
INV09080,2026-02-09,Customer9080,Product3,5,46070,230350,41463.0,271813.0
INV09081,2026-02-10,Customer9081,Product20,3,26255,78765,14177.7,92942.7
INV09082,2026-02-11,Customer9082,Product16,3,47843,143529,25835.22,169364.22
INV09083,2026-02-12,Customer9083,Product10,3,47361,142083,25574.94,167657.94
INV09084,2026-02-13,Customer9084,Product8,3,43054,129162,23249.16,152411.16
INV09085,2026-02-14,Customer9085,Product10,4,15891,63564,11441.52,75005.52
INV09086,2026-02-15,Customer9086,Product17,3,49647,148941,26809.38,175750.38
INV09087,2026-02-16,Customer9087,Product13,3,40619,121857,21934.26,143791.26
INV09088,2026-02-17,Customer9088,Product4,3,26781,80343,14461.74,94804.74
INV09089,2026-02-18,Customer9089,Product18,5,40623,203115,36560.7,239675.7
INV09090,2026-02-19,Customer9090,Product8,2,20912,41824,7528.32,49352.32
INV09091,2026-02-20,Customer9091,Product12,1,49612,49612,8930.16,58542.16
INV09092,2026-02-21,Customer9092,Product17,2,23371,46742,8413.56,55155.56
INV09093,2026-02-22,Customer9093,Product8,5,23486,117430,21137.4,138567.4
INV09094,2026-02-23,Customer9094,Product5,3,10190,30570,5502.6,36072.6
INV09095,2026-02-24,Customer9095,Product2,2,17447,34894,6280.92,41174.92
INV09096,2026-02-25,Customer9096,Product6,3,44359,133077,23953.86,157030.86
INV09097,2026-02-26,Customer9097,Product7,1,24169,24169,4350.42,28519.42
INV09098,2026-02-27,Customer9098,Product18,4,31113,124452,22401.36,146853.36
INV09099,2026-02-28,Customer9099,Product2,2,46063,92126,16582.68,108708.68
INV09100,2026-02-01,Customer9100,Product1,2,24903,49806,8965.08,58771.08
INV09101,2026-02-02,Customer9101,Product2,1,39527,39527,7114.86,46641.86
INV09102,2026-02-03,Customer9102,Product10,5,46289,231445,41660.1,273105.1
INV09103,2026-02-04,Customer9103,Product12,2,36855,73710,13267.8,86977.8
INV09104,2026-02-05,Customer9104,Product1,1,15162,15162,2729.16,17891.16
INV09105,2026-02-06,Customer9105,Product13,3,46462,139386,25089.48,164475.48
INV09106,2026-02-07,Customer9106,Product14,4,29525,118100,21258.0,139358.0
INV09107,2026-02-08,Customer9107,Product14,3,23537,70611,12709.98,83320.98
INV09108,2026-02-09,Customer9108,Product2,3,14026,42078,7574.04,49652.04
INV09109,2026-02-10,Customer9109,Product4,3,17749,53247,9584.46,62831.46
INV09110,2026-02-11,Customer9110,Product18,4,24216,96864,17435.52,114299.52
INV09111,2026-02-12,Customer9111,Product1,5,16403,82015,14762.7,96777.7
INV09112,2026-02-13,Customer9112,Product17,3,29638,88914,16004.52,104918.52
INV09113,2026-02-14,Customer9113,Product9,2,4559,9118,1641.24,10759.24
INV09114,2026-02-15,Customer9114,Product15,2,13358,26716,4808.88,31524.88
INV09115,2026-02-16,Customer9115,Product19,5,4241,21205,3816.9,25021.9
INV09116,2026-02-17,Customer9116,Product16,3,19448,58344,10501.92,68845.92
INV09117,2026-02-18,Customer9117,Product5,2,6980,13960,2512.8,16472.8
INV09118,2026-02-19,Customer9118,Product18,2,48611,97222,17499.96,114721.95999999999
INV09119,2026-02-20,Customer9119,Product7,3,46671,140013,25202.34,165215.34
INV09120,2026-02-21,Customer9120,Product13,5,20185,100925,18166.5,119091.5
INV09121,2026-02-22,Customer9121,Product14,4,34931,139724,25150.32,164874.32
INV09122,2026-02-23,Customer9122,Product11,1,15238,15238,2742.84,17980.84
INV09123,2026-02-24,Customer9123,Product4,4,5124,20496,3689.28,24185.28
INV09124,2026-02-25,Customer9124,Product9,2,20502,41004,7380.72,48384.72
INV09125,2026-02-26,Customer9125,Product18,2,22665,45330,8159.4,53489.4
INV09126,2026-02-27,Customer9126,Product3,4,989,3956,712.08,4668.08
INV09127,2026-02-28,Customer9127,Product10,1,3133,3133,563.94,3696.94
INV09128,2026-02-01,Customer9128,Product3,3,21442,64326,11578.68,75904.68
INV09129,2026-02-02,Customer9129,Product10,2,24422,48844,8791.92,57635.92
INV09130,2026-02-03,Customer9130,Product3,5,30424,152120,27381.6,179501.6
INV09131,2026-02-04,Customer9131,Product7,3,3341,10023,1804.14,11827.14
INV09132,2026-02-05,Customer9132,Product11,1,14060,14060,2530.8,16590.8
INV09133,2026-02-06,Customer9133,Product14,2,26943,53886,9699.48,63585.479999999996
INV09134,2026-02-07,Customer9134,Product17,1,42433,42433,7637.94,50070.94
INV09135,2026-02-08,Customer9135,Product5,3,45861,137583,24764.94,162347.94
INV09136,2026-02-09,Customer9136,Product4,3,15902,47706,8587.08,56293.08
INV09137,2026-02-10,Customer9137,Product17,2,26920,53840,9691.2,63531.2
INV09138,2026-02-11,Customer9138,Product18,5,21070,105350,18963.0,124313.0
INV09139,2026-02-12,Customer9139,Product20,3,44022,132066,23771.88,155837.88
INV09140,2026-02-13,Customer9140,Product7,3,28704,86112,15500.16,101612.16
INV09141,2026-02-14,Customer9141,Product1,4,21331,85324,15358.32,100682.32
INV09142,2026-02-15,Customer9142,Product18,4,40912,163648,29456.64,193104.64
INV09143,2026-02-16,Customer9143,Product11,2,48321,96642,17395.56,114037.56
INV09144,2026-02-17,Customer9144,Product17,5,16012,80060,14410.8,94470.8
INV09145,2026-02-18,Customer9145,Product6,5,18442,92210,16597.8,108807.8
INV09146,2026-02-19,Customer9146,Product11,4,12920,51680,9302.4,60982.4
INV09147,2026-02-20,Customer9147,Product8,3,6346,19038,3426.84,22464.84
INV09148,2026-02-21,Customer9148,Product8,3,23883,71649,12896.82,84545.82
INV09149,2026-02-22,Customer9149,Product11,5,1507,7535,1356.3,8891.3
INV09150,2026-02-23,Customer9150,Product8,5,47805,239025,43024.5,282049.5
INV09151,2026-02-24,Customer9151,Product15,1,35824,35824,6448.32,42272.32
INV09152,2026-02-25,Customer9152,Product4,3,6038,18114,3260.52,21374.52
INV09153,2026-02-26,Customer9153,Product16,4,13557,54228,9761.04,63989.04
INV09154,2026-02-27,Customer9154,Product6,3,33762,101286,18231.48,119517.48
INV09155,2026-02-28,Customer9155,Product14,1,18297,18297,3293.46,21590.46
INV09156,2026-02-01,Customer9156,Product3,1,12081,12081,2174.58,14255.58
INV09157,2026-02-02,Customer9157,Product10,1,2010,2010,361.8,2371.8
INV09158,2026-02-03,Customer9158,Product1,4,43267,173068,31152.24,204220.24
INV09159,2026-02-04,Customer9159,Product3,4,33405,133620,24051.6,157671.6
INV09160,2026-02-05,Customer9160,Product4,5,40780,203900,36702.0,240602.0
INV09161,2026-02-06,Customer9161,Product16,2,46516,93032,16745.76,109777.76
INV09162,2026-02-07,Customer9162,Product14,5,5400,27000,4860.0,31860.0
INV09163,2026-02-08,Customer9163,Product10,1,42975,42975,7735.5,50710.5
INV09164,2026-02-09,Customer9164,Product19,3,42274,126822,22827.96,149649.96
INV09165,2026-02-10,Customer9165,Product15,2,10163,20326,3658.68,23984.68
INV09166,2026-02-11,Customer9166,Product11,1,46961,46961,8452.98,55413.979999999996
INV09167,2026-02-12,Customer9167,Product3,5,28647,143235,25782.3,169017.3
INV09168,2026-02-13,Customer9168,Product16,5,47892,239460,43102.8,282562.8
INV09169,2026-02-14,Customer9169,Product12,5,41099,205495,36989.1,242484.1
INV09170,2026-02-15,Customer9170,Product11,3,21388,64164,11549.52,75713.52
INV09171,2026-02-16,Customer9171,Product18,3,16031,48093,8656.74,56749.74
INV09172,2026-02-17,Customer9172,Product5,5,27363,136815,24626.7,161441.7
INV09173,2026-02-18,Customer9173,Product10,4,48820,195280,35150.4,230430.4
INV09174,2026-02-19,Customer9174,Product15,1,26307,26307,4735.26,31042.260000000002
INV09175,2026-02-20,Customer9175,Product16,2,23482,46964,8453.52,55417.520000000004
INV09176,2026-02-21,Customer9176,Product14,3,36925,110775,19939.5,130714.5
INV09177,2026-02-22,Customer9177,Product2,4,24273,97092,17476.56,114568.56
INV09178,2026-02-23,Customer9178,Product6,5,15337,76685,13803.3,90488.3
INV09179,2026-02-24,Customer9179,Product18,5,6837,34185,6153.3,40338.3
INV09180,2026-02-25,Customer9180,Product15,4,45495,181980,32756.4,214736.4
INV09181,2026-02-26,Customer9181,Product3,4,46464,185856,33454.08,219310.08000000002
INV09182,2026-02-27,Customer9182,Product1,5,28675,143375,25807.5,169182.5
INV09183,2026-02-28,Customer9183,Product20,1,6159,6159,1108.62,7267.62
INV09184,2026-02-01,Customer9184,Product20,2,37903,75806,13645.08,89451.08
INV09185,2026-02-02,Customer9185,Product19,1,35861,35861,6454.98,42315.979999999996
INV09186,2026-02-03,Customer9186,Product5,1,22607,22607,4069.26,26676.260000000002
INV09187,2026-02-04,Customer9187,Product19,1,36535,36535,6576.3,43111.3
INV09188,2026-02-05,Customer9188,Product16,2,40422,80844,14551.92,95395.92
INV09189,2026-02-06,Customer9189,Product7,3,13845,41535,7476.3,49011.3
INV09190,2026-02-07,Customer9190,Product4,5,41921,209605,37728.9,247333.9
INV09191,2026-02-08,Customer9191,Product16,1,11329,11329,2039.22,13368.22
INV09192,2026-02-09,Customer9192,Product2,3,41657,124971,22494.78,147465.78
INV09193,2026-02-10,Customer9193,Product8,1,20521,20521,3693.78,24214.78
INV09194,2026-02-11,Customer9194,Product12,3,43563,130689,23524.02,154213.02
INV09195,2026-02-12,Customer9195,Product17,3,39836,119508,21511.44,141019.44
INV09196,2026-02-13,Customer9196,Product19,1,27121,27121,4881.78,32002.78
INV09197,2026-02-14,Customer9197,Product9,3,21571,64713,11648.34,76361.34
INV09198,2026-02-15,Customer9198,Product15,4,49678,198712,35768.16,234480.16
INV09199,2026-02-16,Customer9199,Product9,3,11350,34050,6129.0,40179.0
INV09200,2026-02-17,Customer9200,Product17,4,43785,175140,31525.2,206665.2
INV09201,2026-02-18,Customer9201,Product20,4,32907,131628,23693.04,155321.04
INV09202,2026-02-19,Customer9202,Product14,4,31386,125544,22597.92,148141.91999999998
INV09203,2026-02-20,Customer9203,Product15,2,24999,49998,8999.64,58997.64
INV09204,2026-02-21,Customer9204,Product19,1,37760,37760,6796.8,44556.8
INV09205,2026-02-22,Customer9205,Product7,5,33265,166325,29938.5,196263.5
INV09206,2026-02-23,Customer9206,Product17,1,2561,2561,460.98,3021.98
INV09207,2026-02-24,Customer9207,Product19,5,43508,217540,39157.2,256697.2
INV09208,2026-02-25,Customer9208,Product6,5,25715,128575,23143.5,151718.5
INV09209,2026-02-26,Customer9209,Product19,3,26603,79809,14365.62,94174.62
INV09210,2026-02-27,Customer9210,Product18,3,39936,119808,21565.44,141373.44
INV09211,2026-02-28,Customer9211,Product6,3,15886,47658,8578.44,56236.44
INV09212,2026-02-01,Customer9212,Product1,4,36423,145692,26224.56,171916.56
INV09213,2026-02-02,Customer9213,Product7,3,7408,22224,4000.32,26224.32
INV09214,2026-02-03,Customer9214,Product7,5,10824,54120,9741.6,63861.6
INV09215,2026-02-04,Customer9215,Product14,4,8144,32576,5863.68,38439.68
INV09216,2026-02-05,Customer9216,Product18,3,29313,87939,15829.02,103768.02
INV09217,2026-02-06,Customer9217,Product20,5,46948,234740,42253.2,276993.2
INV09218,2026-02-07,Customer9218,Product14,2,20905,41810,7525.8,49335.8
INV09219,2026-02-08,Customer9219,Product8,2,32123,64246,11564.28,75810.28
INV09220,2026-02-09,Customer9220,Product7,1,32399,32399,5831.82,38230.82
INV09221,2026-02-10,Customer9221,Product12,3,1804,5412,974.16,6386.16
INV09222,2026-02-11,Customer9222,Product4,3,39766,119298,21473.64,140771.64
INV09223,2026-02-12,Customer9223,Product1,2,35095,70190,12634.2,82824.2
INV09224,2026-02-13,Customer9224,Product1,1,38979,38979,7016.22,45995.22
INV09225,2026-02-14,Customer9225,Product12,2,10407,20814,3746.52,24560.52
INV09226,2026-02-15,Customer9226,Product9,2,49748,99496,17909.28,117405.28
INV09227,2026-02-16,Customer9227,Product6,3,6776,20328,3659.04,23987.04
INV09228,2026-02-17,Customer9228,Product11,3,16477,49431,8897.58,58328.58
INV09229,2026-02-18,Customer9229,Product18,1,15741,15741,2833.38,18574.38
INV09230,2026-02-19,Customer9230,Product4,3,22485,67455,12141.9,79596.9
INV09231,2026-02-20,Customer9231,Product8,5,17529,87645,15776.1,103421.1
INV09232,2026-02-21,Customer9232,Product15,4,18291,73164,13169.52,86333.52
INV09233,2026-02-22,Customer9233,Product5,5,44517,222585,40065.3,262650.3
INV09234,2026-02-23,Customer9234,Product3,2,4846,9692,1744.56,11436.56
INV09235,2026-02-24,Customer9235,Product12,5,31844,159220,28659.6,187879.6
INV09236,2026-02-25,Customer9236,Product12,4,21662,86648,15596.64,102244.64
INV09237,2026-02-26,Customer9237,Product19,1,25919,25919,4665.42,30584.42
INV09238,2026-02-27,Customer9238,Product16,5,7853,39265,7067.7,46332.7
INV09239,2026-02-28,Customer9239,Product6,3,42364,127092,22876.56,149968.56
INV09240,2026-02-01,Customer9240,Product20,5,12924,64620,11631.6,76251.6
INV09241,2026-02-02,Customer9241,Product13,4,20029,80116,14420.88,94536.88
INV09242,2026-02-03,Customer9242,Product20,4,48177,192708,34687.44,227395.44
INV09243,2026-02-04,Customer9243,Product20,4,49608,198432,35717.76,234149.76
INV09244,2026-02-05,Customer9244,Product9,5,43185,215925,38866.5,254791.5
INV09245,2026-02-06,Customer9245,Product15,1,25033,25033,4505.94,29538.94
INV09246,2026-02-07,Customer9246,Product13,5,30133,150665,27119.7,177784.7
INV09247,2026-02-08,Customer9247,Product15,3,24862,74586,13425.48,88011.48
INV09248,2026-02-09,Customer9248,Product8,1,27982,27982,5036.76,33018.76
INV09249,2026-02-10,Customer9249,Product6,4,5097,20388,3669.84,24057.84
INV09250,2026-02-11,Customer9250,Product8,3,14998,44994,8098.92,53092.92
INV09251,2026-02-12,Customer9251,Product16,2,25789,51578,9284.04,60862.04
INV09252,2026-02-13,Customer9252,Product11,4,2398,9592,1726.56,11318.56
INV09253,2026-02-14,Customer9253,Product20,3,47635,142905,25722.9,168627.9
INV09254,2026-02-15,Customer9254,Product12,4,42022,168088,30255.84,198343.84
INV09255,2026-02-16,Customer9255,Product10,5,10851,54255,9765.9,64020.9
INV09256,2026-02-17,Customer9256,Product18,2,27613,55226,9940.68,65166.68
INV09257,2026-02-18,Customer9257,Product11,3,46914,140742,25333.56,166075.56
INV09258,2026-02-19,Customer9258,Product6,1,20800,20800,3744.0,24544.0
INV09259,2026-02-20,Customer9259,Product18,4,896,3584,645.12,4229.12
INV09260,2026-02-21,Customer9260,Product9,2,3987,7974,1435.32,9409.32
INV09261,2026-02-22,Customer9261,Product3,3,30892,92676,16681.68,109357.68
INV09262,2026-02-23,Customer9262,Product5,4,20096,80384,14469.12,94853.12
INV09263,2026-02-24,Customer9263,Product18,2,35843,71686,12903.48,84589.48
INV09264,2026-02-25,Customer9264,Product9,4,3753,15012,2702.16,17714.16
INV09265,2026-02-26,Customer9265,Product7,4,9040,36160,6508.8,42668.8
INV09266,2026-02-27,Customer9266,Product12,5,28678,143390,25810.2,169200.2
INV09267,2026-02-28,Customer9267,Product10,4,29270,117080,21074.4,138154.4
INV09268,2026-02-01,Customer9268,Product3,3,1134,3402,612.36,4014.36
INV09269,2026-02-02,Customer9269,Product1,5,18159,90795,16343.1,107138.1
INV09270,2026-02-03,Customer9270,Product13,5,30129,150645,27116.1,177761.1
INV09271,2026-02-04,Customer9271,Product8,4,32962,131848,23732.64,155580.64
INV09272,2026-02-05,Customer9272,Product20,4,39545,158180,28472.4,186652.4
INV09273,2026-02-06,Customer9273,Product1,2,35347,70694,12724.92,83418.92
INV09274,2026-02-07,Customer9274,Product10,3,3952,11856,2134.08,13990.08
INV09275,2026-02-08,Customer9275,Product5,5,21199,105995,19079.1,125074.1
INV09276,2026-02-09,Customer9276,Product19,3,8901,26703,4806.54,31509.54
INV09277,2026-02-10,Customer9277,Product1,2,49177,98354,17703.72,116057.72
INV09278,2026-02-11,Customer9278,Product14,4,29310,117240,21103.2,138343.2
INV09279,2026-02-12,Customer9279,Product20,5,10591,52955,9531.9,62486.9
INV09280,2026-02-13,Customer9280,Product18,1,22525,22525,4054.5,26579.5
INV09281,2026-02-14,Customer9281,Product14,1,6465,6465,1163.7,7628.7
INV09282,2026-02-15,Customer9282,Product12,3,44753,134259,24166.62,158425.62
INV09283,2026-02-16,Customer9283,Product6,1,9736,9736,1752.48,11488.48
INV09284,2026-02-17,Customer9284,Product4,4,44017,176068,31692.24,207760.24
INV09285,2026-02-18,Customer9285,Product13,4,36460,145840,26251.2,172091.2
INV09286,2026-02-19,Customer9286,Product3,4,35796,143184,25773.12,168957.12
INV09287,2026-02-20,Customer9287,Product5,1,8758,8758,1576.44,10334.44
INV09288,2026-02-21,Customer9288,Product2,5,37736,188680,33962.4,222642.4
INV09289,2026-02-22,Customer9289,Product17,3,19828,59484,10707.12,70191.12
INV09290,2026-02-23,Customer9290,Product17,2,30747,61494,11068.92,72562.92
INV09291,2026-02-24,Customer9291,Product18,2,44226,88452,15921.36,104373.36
INV09292,2026-02-25,Customer9292,Product4,4,28419,113676,20461.68,134137.68
INV09293,2026-02-26,Customer9293,Product2,5,22965,114825,20668.5,135493.5
INV09294,2026-02-27,Customer9294,Product11,5,25862,129310,23275.8,152585.8
INV09295,2026-02-28,Customer9295,Product6,2,34206,68412,12314.16,80726.16
INV09296,2026-02-01,Customer9296,Product17,1,19513,19513,3512.34,23025.34
INV09297,2026-02-02,Customer9297,Product5,5,8885,44425,7996.5,52421.5
INV09298,2026-02-03,Customer9298,Product8,4,13882,55528,9995.04,65523.04
INV09299,2026-02-04,Customer9299,Product18,4,39815,159260,28666.8,187926.8
INV09300,2026-02-05,Customer9300,Product6,1,29364,29364,5285.52,34649.520000000004
INV09301,2026-02-06,Customer9301,Product4,3,18192,54576,9823.68,64399.68
INV09302,2026-02-07,Customer9302,Product3,5,40310,201550,36279.0,237829.0
INV09303,2026-02-08,Customer9303,Product1,3,7855,23565,4241.7,27806.7
INV09304,2026-02-09,Customer9304,Product8,2,6876,13752,2475.36,16227.36
INV09305,2026-02-10,Customer9305,Product4,5,30918,154590,27826.2,182416.2
INV09306,2026-02-11,Customer9306,Product3,2,30774,61548,11078.64,72626.64
INV09307,2026-02-12,Customer9307,Product3,4,34763,139052,25029.36,164081.36
INV09308,2026-02-13,Customer9308,Product14,1,13233,13233,2381.94,15614.94
INV09309,2026-02-14,Customer9309,Product16,2,35433,70866,12755.88,83621.88
INV09310,2026-02-15,Customer9310,Product2,2,18272,36544,6577.92,43121.92
INV09311,2026-02-16,Customer9311,Product14,4,45828,183312,32996.16,216308.16
INV09312,2026-02-17,Customer9312,Product12,1,35441,35441,6379.38,41820.38
INV09313,2026-02-18,Customer9313,Product17,3,8569,25707,4627.26,30334.260000000002
INV09314,2026-02-19,Customer9314,Product4,3,2479,7437,1338.66,8775.66
INV09315,2026-02-20,Customer9315,Product10,1,40248,40248,7244.64,47492.64
INV09316,2026-02-21,Customer9316,Product4,5,4464,22320,4017.6,26337.6
INV09317,2026-02-22,Customer9317,Product9,2,35681,71362,12845.16,84207.16
INV09318,2026-02-23,Customer9318,Product20,1,14348,14348,2582.64,16930.64
INV09319,2026-02-24,Customer9319,Product5,4,21737,86948,15650.64,102598.64
INV09320,2026-02-25,Customer9320,Product7,5,42388,211940,38149.2,250089.2
INV09321,2026-02-26,Customer9321,Product13,4,11670,46680,8402.4,55082.4
INV09322,2026-02-27,Customer9322,Product8,3,19812,59436,10698.48,70134.48
INV09323,2026-02-28,Customer9323,Product5,2,36879,73758,13276.44,87034.44
INV09324,2026-02-01,Customer9324,Product7,3,1286,3858,694.44,4552.4400000000005
INV09325,2026-02-02,Customer9325,Product16,4,23269,93076,16753.68,109829.68
INV09326,2026-02-03,Customer9326,Product19,2,5219,10438,1878.84,12316.84
INV09327,2026-02-04,Customer9327,Product3,5,2267,11335,2040.3,13375.3
INV09328,2026-02-05,Customer9328,Product18,2,41421,82842,14911.56,97753.56
INV09329,2026-02-06,Customer9329,Product17,1,40227,40227,7240.86,47467.86
INV09330,2026-02-07,Customer9330,Product6,4,18461,73844,13291.92,87135.92
INV09331,2026-02-08,Customer9331,Product17,1,34386,34386,6189.48,40575.479999999996
INV09332,2026-02-09,Customer9332,Product14,2,9971,19942,3589.56,23531.56
INV09333,2026-02-10,Customer9333,Product18,3,9627,28881,5198.58,34079.58
INV09334,2026-02-11,Customer9334,Product14,5,26257,131285,23631.3,154916.3
INV09335,2026-02-12,Customer9335,Product6,1,21024,21024,3784.32,24808.32
INV09336,2026-02-13,Customer9336,Product16,2,8968,17936,3228.48,21164.48
INV09337,2026-02-14,Customer9337,Product17,1,8249,8249,1484.82,9733.82
INV09338,2026-02-15,Customer9338,Product11,2,47096,94192,16954.56,111146.56
INV09339,2026-02-16,Customer9339,Product9,1,12176,12176,2191.68,14367.68
INV09340,2026-02-17,Customer9340,Product4,4,23095,92380,16628.4,109008.4
INV09341,2026-02-18,Customer9341,Product6,5,22054,110270,19848.6,130118.6
INV09342,2026-02-19,Customer9342,Product9,2,28160,56320,10137.6,66457.6
INV09343,2026-02-20,Customer9343,Product10,4,949,3796,683.28,4479.28
INV09344,2026-02-21,Customer9344,Product16,5,24286,121430,21857.4,143287.4
INV09345,2026-02-22,Customer9345,Product10,4,14384,57536,10356.48,67892.48
INV09346,2026-02-23,Customer9346,Product17,2,36272,72544,13057.92,85601.92
INV09347,2026-02-24,Customer9347,Product18,1,22127,22127,3982.86,26109.86
INV09348,2026-02-25,Customer9348,Product17,3,1330,3990,718.2,4708.2
INV09349,2026-02-26,Customer9349,Product11,3,48795,146385,26349.3,172734.3
INV09350,2026-02-27,Customer9350,Product18,3,23059,69177,12451.86,81628.86
INV09351,2026-02-28,Customer9351,Product7,2,2472,4944,889.92,5833.92
INV09352,2026-02-01,Customer9352,Product4,3,1691,5073,913.14,5986.14
INV09353,2026-02-02,Customer9353,Product8,5,41586,207930,37427.4,245357.4
INV09354,2026-02-03,Customer9354,Product17,2,28918,57836,10410.48,68246.48
INV09355,2026-02-04,Customer9355,Product7,1,32989,32989,5938.02,38927.020000000004
INV09356,2026-02-05,Customer9356,Product17,3,32313,96939,17449.02,114388.02
INV09357,2026-02-06,Customer9357,Product16,1,41336,41336,7440.48,48776.479999999996
INV09358,2026-02-07,Customer9358,Product11,1,44620,44620,8031.6,52651.6
INV09359,2026-02-08,Customer9359,Product11,2,9398,18796,3383.28,22179.28
INV09360,2026-02-09,Customer9360,Product16,3,25868,77604,13968.72,91572.72
INV09361,2026-02-10,Customer9361,Product8,4,38937,155748,28034.64,183782.64
INV09362,2026-02-11,Customer9362,Product16,1,28111,28111,5059.98,33170.979999999996
INV09363,2026-02-12,Customer9363,Product17,3,30391,91173,16411.14,107584.14
INV09364,2026-02-13,Customer9364,Product1,4,32726,130904,23562.72,154466.72
INV09365,2026-02-14,Customer9365,Product17,2,845,1690,304.2,1994.2
INV09366,2026-02-15,Customer9366,Product9,3,32055,96165,17309.7,113474.7
INV09367,2026-02-16,Customer9367,Product15,3,17182,51546,9278.28,60824.28
INV09368,2026-02-17,Customer9368,Product14,2,26860,53720,9669.6,63389.6
INV09369,2026-02-18,Customer9369,Product9,2,40171,80342,14461.56,94803.56
INV09370,2026-02-19,Customer9370,Product4,4,17341,69364,12485.52,81849.52
INV09371,2026-02-20,Customer9371,Product3,3,11456,34368,6186.24,40554.24
INV09372,2026-02-21,Customer9372,Product17,1,38827,38827,6988.86,45815.86
INV09373,2026-02-22,Customer9373,Product14,3,12906,38718,6969.24,45687.24
INV09374,2026-02-23,Customer9374,Product14,1,36376,36376,6547.68,42923.68
INV09375,2026-02-24,Customer9375,Product20,1,33202,33202,5976.36,39178.36
INV09376,2026-02-25,Customer9376,Product19,5,18799,93995,16919.1,110914.1
INV09377,2026-02-26,Customer9377,Product3,1,30502,30502,5490.36,35992.36
INV09378,2026-02-27,Customer9378,Product5,5,16333,81665,14699.7,96364.7
INV09379,2026-02-28,Customer9379,Product2,2,2247,4494,808.92,5302.92
INV09380,2026-02-01,Customer9380,Product12,1,21681,21681,3902.58,25583.58
INV09381,2026-02-02,Customer9381,Product16,4,13220,52880,9518.4,62398.4
INV09382,2026-02-03,Customer9382,Product19,1,30021,30021,5403.78,35424.78
INV09383,2026-02-04,Customer9383,Product8,5,30309,151545,27278.1,178823.1
INV09384,2026-02-05,Customer9384,Product7,3,44239,132717,23889.06,156606.06
INV09385,2026-02-06,Customer9385,Product15,5,39105,195525,35194.5,230719.5
INV09386,2026-02-07,Customer9386,Product15,1,27106,27106,4879.08,31985.08
INV09387,2026-02-08,Customer9387,Product5,1,11891,11891,2140.38,14031.380000000001
INV09388,2026-02-09,Customer9388,Product20,3,24218,72654,13077.72,85731.72
INV09389,2026-02-10,Customer9389,Product17,5,49578,247890,44620.2,292510.2
INV09390,2026-02-11,Customer9390,Product14,3,22978,68934,12408.12,81342.12
INV09391,2026-02-12,Customer9391,Product19,1,14162,14162,2549.16,16711.16
INV09392,2026-02-13,Customer9392,Product1,3,12644,37932,6827.76,44759.76
INV09393,2026-02-14,Customer9393,Product9,1,19652,19652,3537.36,23189.36
INV09394,2026-02-15,Customer9394,Product11,3,17387,52161,9388.98,61549.979999999996
INV09395,2026-02-16,Customer9395,Product3,1,4859,4859,874.62,5733.62
INV09396,2026-02-17,Customer9396,Product17,1,45344,45344,8161.92,53505.92
INV09397,2026-02-18,Customer9397,Product11,4,14227,56908,10243.44,67151.44
INV09398,2026-02-19,Customer9398,Product20,1,33540,33540,6037.2,39577.2
INV09399,2026-02-20,Customer9399,Product18,2,35239,70478,12686.04,83164.04000000001
INV09400,2026-02-21,Customer9400,Product15,3,17089,51267,9228.06,60495.06
INV09401,2026-02-22,Customer9401,Product17,3,28395,85185,15333.3,100518.3
INV09402,2026-02-23,Customer9402,Product6,1,38525,38525,6934.5,45459.5
INV09403,2026-02-24,Customer9403,Product2,3,13361,40083,7214.94,47297.94
INV09404,2026-02-25,Customer9404,Product20,2,39638,79276,14269.68,93545.68
INV09405,2026-02-26,Customer9405,Product4,4,48484,193936,34908.48,228844.48
INV09406,2026-02-27,Customer9406,Product15,2,18463,36926,6646.68,43572.68
INV09407,2026-02-28,Customer9407,Product16,2,43246,86492,15568.56,102060.56
INV09408,2026-02-01,Customer9408,Product9,3,38212,114636,20634.48,135270.48
INV09409,2026-02-02,Customer9409,Product9,4,5231,20924,3766.32,24690.32
INV09410,2026-02-03,Customer9410,Product19,5,41189,205945,37070.1,243015.1
INV09411,2026-02-04,Customer9411,Product12,1,22030,22030,3965.4,25995.4
INV09412,2026-02-05,Customer9412,Product12,3,37105,111315,20036.7,131351.7
INV09413,2026-02-06,Customer9413,Product19,3,41565,124695,22445.1,147140.1
INV09414,2026-02-07,Customer9414,Product9,4,12512,50048,9008.64,59056.64
INV09415,2026-02-08,Customer9415,Product12,2,31319,62638,11274.84,73912.84
INV09416,2026-02-09,Customer9416,Product3,2,19860,39720,7149.6,46869.6
INV09417,2026-02-10,Customer9417,Product2,4,27774,111096,19997.28,131093.28
INV09418,2026-02-11,Customer9418,Product18,4,25307,101228,18221.04,119449.04000000001
INV09419,2026-02-12,Customer9419,Product17,4,15995,63980,11516.4,75496.4
INV09420,2026-02-13,Customer9420,Product5,5,20773,103865,18695.7,122560.7
INV09421,2026-02-14,Customer9421,Product13,5,28235,141175,25411.5,166586.5
INV09422,2026-02-15,Customer9422,Product17,3,41999,125997,22679.46,148676.46
INV09423,2026-02-16,Customer9423,Product9,1,41809,41809,7525.62,49334.62
INV09424,2026-02-17,Customer9424,Product20,2,6612,13224,2380.32,15604.32
INV09425,2026-02-18,Customer9425,Product2,2,28709,57418,10335.24,67753.24
INV09426,2026-02-19,Customer9426,Product2,3,34687,104061,18730.98,122791.98
INV09427,2026-02-20,Customer9427,Product20,1,41404,41404,7452.72,48856.72
INV09428,2026-02-21,Customer9428,Product6,3,3493,10479,1886.22,12365.22
INV09429,2026-02-22,Customer9429,Product7,1,39586,39586,7125.48,46711.479999999996
INV09430,2026-02-23,Customer9430,Product9,1,8895,8895,1601.1,10496.1
INV09431,2026-02-24,Customer9431,Product2,5,33974,169870,30576.6,200446.6
INV09432,2026-02-25,Customer9432,Product5,3,31132,93396,16811.28,110207.28
INV09433,2026-02-26,Customer9433,Product20,3,25244,75732,13631.76,89363.76
INV09434,2026-02-27,Customer9434,Product3,4,40304,161216,29018.88,190234.88
INV09435,2026-02-28,Customer9435,Product7,2,16232,32464,5843.52,38307.520000000004
INV09436,2026-02-01,Customer9436,Product18,1,1438,1438,258.84,1696.84
INV09437,2026-02-02,Customer9437,Product18,2,49040,98080,17654.4,115734.4
INV09438,2026-02-03,Customer9438,Product2,3,27967,83901,15102.18,99003.18
INV09439,2026-02-04,Customer9439,Product17,1,38644,38644,6955.92,45599.92
INV09440,2026-02-05,Customer9440,Product5,4,29939,119756,21556.08,141312.08000000002
INV09441,2026-02-06,Customer9441,Product7,4,14143,56572,10182.96,66754.95999999999
INV09442,2026-02-07,Customer9442,Product18,4,13388,53552,9639.36,63191.36
INV09443,2026-02-08,Customer9443,Product9,2,29842,59684,10743.12,70427.12
INV09444,2026-02-09,Customer9444,Product3,4,11676,46704,8406.72,55110.72
INV09445,2026-02-10,Customer9445,Product18,2,38944,77888,14019.84,91907.84
INV09446,2026-02-11,Customer9446,Product8,4,45422,181688,32703.84,214391.84
INV09447,2026-02-12,Customer9447,Product1,4,31852,127408,22933.44,150341.44
INV09448,2026-02-13,Customer9448,Product15,3,9590,28770,5178.6,33948.6
INV09449,2026-02-14,Customer9449,Product19,3,49812,149436,26898.48,176334.48
INV09450,2026-02-15,Customer9450,Product11,2,11159,22318,4017.24,26335.239999999998
INV09451,2026-02-16,Customer9451,Product14,4,9116,36464,6563.52,43027.520000000004
INV09452,2026-02-17,Customer9452,Product7,5,25842,129210,23257.8,152467.8
INV09453,2026-02-18,Customer9453,Product10,3,41603,124809,22465.62,147274.62
INV09454,2026-02-19,Customer9454,Product1,5,44763,223815,40286.7,264101.7
INV09455,2026-02-20,Customer9455,Product7,1,39547,39547,7118.46,46665.46
INV09456,2026-02-21,Customer9456,Product2,4,1700,6800,1224.0,8024.0
INV09457,2026-02-22,Customer9457,Product18,2,47442,94884,17079.12,111963.12
INV09458,2026-02-23,Customer9458,Product10,1,27767,27767,4998.06,32765.06
INV09459,2026-02-24,Customer9459,Product16,1,10682,10682,1922.76,12604.76
INV09460,2026-02-25,Customer9460,Product16,2,16551,33102,5958.36,39060.36
INV09461,2026-02-26,Customer9461,Product12,2,31361,62722,11289.96,74011.95999999999
INV09462,2026-02-27,Customer9462,Product20,3,21904,65712,11828.16,77540.16
INV09463,2026-02-28,Customer9463,Product12,3,28875,86625,15592.5,102217.5
INV09464,2026-02-01,Customer9464,Product2,3,48366,145098,26117.64,171215.64
INV09465,2026-02-02,Customer9465,Product15,3,5804,17412,3134.16,20546.16
INV09466,2026-02-03,Customer9466,Product7,5,29398,146990,26458.2,173448.2
INV09467,2026-02-04,Customer9467,Product2,4,39672,158688,28563.84,187251.84
INV09468,2026-02-05,Customer9468,Product20,4,7751,31004,5580.72,36584.72
INV09469,2026-02-06,Customer9469,Product8,5,24543,122715,22088.7,144803.7
INV09470,2026-02-07,Customer9470,Product12,3,29732,89196,16055.28,105251.28
INV09471,2026-02-08,Customer9471,Product10,5,46900,234500,42210.0,276710.0
INV09472,2026-02-09,Customer9472,Product4,3,4190,12570,2262.6,14832.6
INV09473,2026-02-10,Customer9473,Product12,3,28670,86010,15481.8,101491.8
INV09474,2026-02-11,Customer9474,Product19,2,18413,36826,6628.68,43454.68
INV09475,2026-02-12,Customer9475,Product19,2,15353,30706,5527.08,36233.08
INV09476,2026-02-13,Customer9476,Product3,5,44196,220980,39776.4,260756.4
INV09477,2026-02-14,Customer9477,Product10,4,8534,34136,6144.48,40280.479999999996
INV09478,2026-02-15,Customer9478,Product8,2,4832,9664,1739.52,11403.52
INV09479,2026-02-16,Customer9479,Product2,1,3793,3793,682.74,4475.74
INV09480,2026-02-17,Customer9480,Product9,3,25146,75438,13578.84,89016.84
INV09481,2026-02-18,Customer9481,Product6,4,23164,92656,16678.08,109334.08
INV09482,2026-02-19,Customer9482,Product19,2,7353,14706,2647.08,17353.08
INV09483,2026-02-20,Customer9483,Product19,4,19800,79200,14256.0,93456.0
INV09484,2026-02-21,Customer9484,Product12,4,14605,58420,10515.6,68935.6
INV09485,2026-02-22,Customer9485,Product20,5,7226,36130,6503.4,42633.4
INV09486,2026-02-23,Customer9486,Product4,2,21242,42484,7647.12,50131.12
INV09487,2026-02-24,Customer9487,Product7,1,7612,7612,1370.16,8982.16
INV09488,2026-02-25,Customer9488,Product20,2,16257,32514,5852.52,38366.520000000004
INV09489,2026-02-26,Customer9489,Product18,4,21239,84956,15292.08,100248.08
INV09490,2026-02-27,Customer9490,Product19,5,10164,50820,9147.6,59967.6
INV09491,2026-02-28,Customer9491,Product4,2,16482,32964,5933.52,38897.520000000004
INV09492,2026-02-01,Customer9492,Product19,3,10526,31578,5684.04,37262.04
INV09493,2026-02-02,Customer9493,Product11,2,45777,91554,16479.72,108033.72
INV09494,2026-02-03,Customer9494,Product14,3,35805,107415,19334.7,126749.7
INV09495,2026-02-04,Customer9495,Product5,4,22297,89188,16053.84,105241.84
INV09496,2026-02-05,Customer9496,Product11,3,14149,42447,7640.46,50087.46
INV09497,2026-02-06,Customer9497,Product16,1,23596,23596,4247.28,27843.28
INV09498,2026-02-07,Customer9498,Product6,4,19187,76748,13814.64,90562.64
INV09499,2026-02-08,Customer9499,Product4,3,16388,49164,8849.52,58013.520000000004
INV09500,2026-02-09,Customer9500,Product4,3,46752,140256,25246.08,165502.08000000002
INV09501,2026-02-10,Customer9501,Product2,1,46354,46354,8343.72,54697.72
INV09502,2026-02-11,Customer9502,Product5,3,31337,94011,16921.98,110932.98
INV09503,2026-02-12,Customer9503,Product20,3,36536,109608,19729.44,129337.44
INV09504,2026-02-13,Customer9504,Product16,3,17967,53901,9702.18,63603.18
INV09505,2026-02-14,Customer9505,Product6,5,32249,161245,29024.1,190269.1
INV09506,2026-02-15,Customer9506,Product4,3,29877,89631,16133.58,105764.58
INV09507,2026-02-16,Customer9507,Product15,4,46970,187880,33818.4,221698.4
INV09508,2026-02-17,Customer9508,Product18,3,16854,50562,9101.16,59663.16
INV09509,2026-02-18,Customer9509,Product10,4,43476,173904,31302.72,205206.72
INV09510,2026-02-19,Customer9510,Product15,3,10535,31605,5688.9,37293.9
INV09511,2026-02-20,Customer9511,Product19,2,18597,37194,6694.92,43888.92
INV09512,2026-02-21,Customer9512,Product14,5,19766,98830,17789.4,116619.4
INV09513,2026-02-22,Customer9513,Product16,2,32373,64746,11654.28,76400.28
INV09514,2026-02-23,Customer9514,Product19,5,1956,9780,1760.4,11540.4
INV09515,2026-02-24,Customer9515,Product19,4,33095,132380,23828.4,156208.4
INV09516,2026-02-25,Customer9516,Product10,4,15236,60944,10969.92,71913.92
INV09517,2026-02-26,Customer9517,Product11,3,34587,103761,18676.98,122437.98
INV09518,2026-02-27,Customer9518,Product15,1,19257,19257,3466.26,22723.260000000002
INV09519,2026-02-28,Customer9519,Product12,3,3478,10434,1878.12,12312.119999999999
INV09520,2026-02-01,Customer9520,Product11,4,17165,68660,12358.8,81018.8
INV09521,2026-02-02,Customer9521,Product17,5,29854,149270,26868.6,176138.6
INV09522,2026-02-03,Customer9522,Product14,3,7380,22140,3985.2,26125.2
INV09523,2026-02-04,Customer9523,Product19,2,37661,75322,13557.96,88879.95999999999
INV09524,2026-02-05,Customer9524,Product15,5,18322,91610,16489.8,108099.8
INV09525,2026-02-06,Customer9525,Product10,1,45982,45982,8276.76,54258.76
INV09526,2026-02-07,Customer9526,Product11,5,24912,124560,22420.8,146980.8
INV09527,2026-02-08,Customer9527,Product12,3,13760,41280,7430.4,48710.4
INV09528,2026-02-09,Customer9528,Product18,4,38865,155460,27982.8,183442.8
INV09529,2026-02-10,Customer9529,Product17,2,19786,39572,7122.96,46694.96
INV09530,2026-02-11,Customer9530,Product19,5,44647,223235,40182.3,263417.3
INV09531,2026-02-12,Customer9531,Product4,2,8472,16944,3049.92,19993.92
INV09532,2026-02-13,Customer9532,Product14,4,8163,32652,5877.36,38529.36
INV09533,2026-02-14,Customer9533,Product9,2,27958,55916,10064.88,65980.88
INV09534,2026-02-15,Customer9534,Product13,3,34567,103701,18666.18,122367.18
INV09535,2026-02-16,Customer9535,Product8,2,3950,7900,1422.0,9322.0
INV09536,2026-02-17,Customer9536,Product8,1,48775,48775,8779.5,57554.5
INV09537,2026-02-18,Customer9537,Product7,5,12915,64575,11623.5,76198.5
INV09538,2026-02-19,Customer9538,Product13,5,28752,143760,25876.8,169636.8
INV09539,2026-02-20,Customer9539,Product15,2,23273,46546,8378.28,54924.28
INV09540,2026-02-21,Customer9540,Product9,2,28439,56878,10238.04,67116.04000000001
INV09541,2026-02-22,Customer9541,Product20,1,15253,15253,2745.54,17998.54
INV09542,2026-02-23,Customer9542,Product19,4,44407,177628,31973.04,209601.04
INV09543,2026-02-24,Customer9543,Product13,4,20075,80300,14454.0,94754.0
INV09544,2026-02-25,Customer9544,Product16,3,29613,88839,15991.02,104830.02
INV09545,2026-02-26,Customer9545,Product8,2,3963,7926,1426.68,9352.68
INV09546,2026-02-27,Customer9546,Product16,1,1481,1481,266.58,1747.58
INV09547,2026-02-28,Customer9547,Product7,2,19096,38192,6874.56,45066.56
INV09548,2026-02-01,Customer9548,Product18,3,11269,33807,6085.26,39892.26
INV09549,2026-02-02,Customer9549,Product3,3,38894,116682,21002.76,137684.76
INV09550,2026-02-03,Customer9550,Product9,4,45016,180064,32411.52,212475.52
INV09551,2026-02-04,Customer9551,Product4,4,10938,43752,7875.36,51627.36
INV09552,2026-02-05,Customer9552,Product20,3,35034,105102,18918.36,124020.36
INV09553,2026-02-06,Customer9553,Product18,3,44713,134139,24145.02,158284.02
INV09554,2026-02-07,Customer9554,Product3,4,30725,122900,22122.0,145022.0
INV09555,2026-02-08,Customer9555,Product4,1,48127,48127,8662.86,56789.86
INV09556,2026-02-09,Customer9556,Product3,4,20614,82456,14842.08,97298.08
INV09557,2026-02-10,Customer9557,Product2,5,37316,186580,33584.4,220164.4
INV09558,2026-02-11,Customer9558,Product2,2,47299,94598,17027.64,111625.64
INV09559,2026-02-12,Customer9559,Product10,1,959,959,172.62,1131.62
INV09560,2026-02-13,Customer9560,Product20,5,39836,199180,35852.4,235032.4
INV09561,2026-02-14,Customer9561,Product3,2,39628,79256,14266.08,93522.08
INV09562,2026-02-15,Customer9562,Product4,1,25937,25937,4668.66,30605.66
INV09563,2026-02-16,Customer9563,Product15,2,24129,48258,8686.44,56944.44
INV09564,2026-02-17,Customer9564,Product3,5,28644,143220,25779.6,168999.6
INV09565,2026-02-18,Customer9565,Product13,2,41860,83720,15069.6,98789.6
INV09566,2026-02-19,Customer9566,Product2,3,39757,119271,21468.78,140739.78
INV09567,2026-02-20,Customer9567,Product3,4,44500,178000,32040.0,210040.0
INV09568,2026-02-21,Customer9568,Product5,3,43972,131916,23744.88,155660.88
INV09569,2026-02-22,Customer9569,Product14,5,23999,119995,21599.1,141594.1
INV09570,2026-02-23,Customer9570,Product8,2,32798,65596,11807.28,77403.28
INV09571,2026-02-24,Customer9571,Product4,5,48404,242020,43563.6,285583.6
INV09572,2026-02-25,Customer9572,Product5,3,3234,9702,1746.36,11448.36
INV09573,2026-02-26,Customer9573,Product18,5,32419,162095,29177.1,191272.1
INV09574,2026-02-27,Customer9574,Product3,4,23967,95868,17256.24,113124.24
INV09575,2026-02-28,Customer9575,Product5,2,7468,14936,2688.48,17624.48
INV09576,2026-02-01,Customer9576,Product2,2,9536,19072,3432.96,22504.96
INV09577,2026-02-02,Customer9577,Product20,1,34909,34909,6283.62,41192.62
INV09578,2026-02-03,Customer9578,Product19,3,48891,146673,26401.14,173074.14
INV09579,2026-02-04,Customer9579,Product9,2,43501,87002,15660.36,102662.36
INV09580,2026-02-05,Customer9580,Product14,5,26426,132130,23783.4,155913.4
INV09581,2026-02-06,Customer9581,Product6,1,31514,31514,5672.52,37186.520000000004
INV09582,2026-02-07,Customer9582,Product11,1,5908,5908,1063.44,6971.4400000000005
INV09583,2026-02-08,Customer9583,Product9,2,13174,26348,4742.64,31090.64
INV09584,2026-02-09,Customer9584,Product12,4,24178,96712,17408.16,114120.16
INV09585,2026-02-10,Customer9585,Product14,3,2231,6693,1204.74,7897.74
INV09586,2026-02-11,Customer9586,Product20,2,21139,42278,7610.04,49888.04
INV09587,2026-02-12,Customer9587,Product15,4,35198,140792,25342.56,166134.56
INV09588,2026-02-13,Customer9588,Product11,1,7155,7155,1287.9,8442.9
INV09589,2026-02-14,Customer9589,Product15,2,11731,23462,4223.16,27685.16
INV09590,2026-02-15,Customer9590,Product16,5,9857,49285,8871.3,58156.3
INV09591,2026-02-16,Customer9591,Product19,3,47134,141402,25452.36,166854.36
INV09592,2026-02-17,Customer9592,Product11,2,47505,95010,17101.8,112111.8
INV09593,2026-02-18,Customer9593,Product5,1,43946,43946,7910.28,51856.28
INV09594,2026-02-19,Customer9594,Product2,5,25603,128015,23042.7,151057.7
INV09595,2026-02-20,Customer9595,Product13,4,33663,134652,24237.36,158889.36
INV09596,2026-02-21,Customer9596,Product6,1,38938,38938,7008.84,45946.84
INV09597,2026-02-22,Customer9597,Product14,5,26460,132300,23814.0,156114.0
INV09598,2026-02-23,Customer9598,Product3,5,2887,14435,2598.3,17033.3
INV09599,2026-02-24,Customer9599,Product1,1,46880,46880,8438.4,55318.4
INV09600,2026-02-25,Customer9600,Product20,2,9466,18932,3407.76,22339.760000000002
INV09601,2026-02-26,Customer9601,Product10,3,23163,69489,12508.02,81997.02
INV09602,2026-02-27,Customer9602,Product19,3,21916,65748,11834.64,77582.64
INV09603,2026-02-28,Customer9603,Product14,3,15014,45042,8107.56,53149.56
INV09604,2026-02-01,Customer9604,Product14,1,15661,15661,2818.98,18479.98
INV09605,2026-02-02,Customer9605,Product13,4,41794,167176,30091.68,197267.68
INV09606,2026-02-03,Customer9606,Product15,4,4169,16676,3001.68,19677.68
INV09607,2026-02-04,Customer9607,Product2,2,4414,8828,1589.04,10417.04
INV09608,2026-02-05,Customer9608,Product4,1,44102,44102,7938.36,52040.36
INV09609,2026-02-06,Customer9609,Product9,3,48354,145062,26111.16,171173.16
INV09610,2026-02-07,Customer9610,Product1,5,10305,51525,9274.5,60799.5
INV09611,2026-02-08,Customer9611,Product17,5,38795,193975,34915.5,228890.5
INV09612,2026-02-09,Customer9612,Product18,2,3920,7840,1411.2,9251.2
INV09613,2026-02-10,Customer9613,Product11,1,9752,9752,1755.36,11507.36
INV09614,2026-02-11,Customer9614,Product10,5,7157,35785,6441.3,42226.3
INV09615,2026-02-12,Customer9615,Product12,5,38627,193135,34764.3,227899.3
INV09616,2026-02-13,Customer9616,Product20,3,46379,139137,25044.66,164181.66
INV09617,2026-02-14,Customer9617,Product11,1,15986,15986,2877.48,18863.48
INV09618,2026-02-15,Customer9618,Product5,4,37886,151544,27277.92,178821.91999999998
INV09619,2026-02-16,Customer9619,Product7,3,33279,99837,17970.66,117807.66
INV09620,2026-02-17,Customer9620,Product6,5,13446,67230,12101.4,79331.4
INV09621,2026-02-18,Customer9621,Product15,4,9973,39892,7180.56,47072.56
INV09622,2026-02-19,Customer9622,Product18,5,8183,40915,7364.7,48279.7
INV09623,2026-02-20,Customer9623,Product12,2,1036,2072,372.96,2444.96
INV09624,2026-02-21,Customer9624,Product10,2,18920,37840,6811.2,44651.2
INV09625,2026-02-22,Customer9625,Product7,5,44243,221215,39818.7,261033.7
INV09626,2026-02-23,Customer9626,Product17,2,17511,35022,6303.96,41325.96
INV09627,2026-02-24,Customer9627,Product6,2,41291,82582,14864.76,97446.76
INV09628,2026-02-25,Customer9628,Product10,2,27500,55000,9900.0,64900.0
INV09629,2026-02-26,Customer9629,Product4,1,48015,48015,8642.7,56657.7
INV09630,2026-02-27,Customer9630,Product14,2,8882,17764,3197.52,20961.52
INV09631,2026-02-28,Customer9631,Product7,4,16181,64724,11650.32,76374.32
INV09632,2026-02-01,Customer9632,Product6,1,11251,11251,2025.18,13276.18
INV09633,2026-02-02,Customer9633,Product17,2,32654,65308,11755.44,77063.44
INV09634,2026-02-03,Customer9634,Product6,4,35546,142184,25593.12,167777.12
INV09635,2026-02-04,Customer9635,Product5,4,4511,18044,3247.92,21291.92
INV09636,2026-02-05,Customer9636,Product5,5,19622,98110,17659.8,115769.8
INV09637,2026-02-06,Customer9637,Product18,1,7608,7608,1369.44,8977.44
INV09638,2026-02-07,Customer9638,Product12,3,24686,74058,13330.44,87388.44
INV09639,2026-02-08,Customer9639,Product20,5,5632,28160,5068.8,33228.8
INV09640,2026-02-09,Customer9640,Product20,5,4519,22595,4067.1,26662.1
INV09641,2026-02-10,Customer9641,Product18,1,1549,1549,278.82,1827.82
INV09642,2026-02-11,Customer9642,Product18,2,32913,65826,11848.68,77674.68
INV09643,2026-02-12,Customer9643,Product4,1,14719,14719,2649.42,17368.42
INV09644,2026-02-13,Customer9644,Product19,3,32277,96831,17429.58,114260.58
INV09645,2026-02-14,Customer9645,Product20,3,32842,98526,17734.68,116260.68
INV09646,2026-02-15,Customer9646,Product14,2,3221,6442,1159.56,7601.5599999999995
INV09647,2026-02-16,Customer9647,Product8,1,41735,41735,7512.3,49247.3
INV09648,2026-02-17,Customer9648,Product16,2,27915,55830,10049.4,65879.4
INV09649,2026-02-18,Customer9649,Product1,3,43479,130437,23478.66,153915.66
INV09650,2026-02-19,Customer9650,Product8,1,23706,23706,4267.08,27973.08
INV09651,2026-02-20,Customer9651,Product19,3,16024,48072,8652.96,56724.96
INV09652,2026-02-21,Customer9652,Product6,4,14690,58760,10576.8,69336.8
INV09653,2026-02-22,Customer9653,Product1,1,4990,4990,898.2,5888.2
INV09654,2026-02-23,Customer9654,Product17,5,10101,50505,9090.9,59595.9
INV09655,2026-02-24,Customer9655,Product17,5,29451,147255,26505.9,173760.9
INV09656,2026-02-25,Customer9656,Product16,1,31936,31936,5748.48,37684.479999999996
INV09657,2026-02-26,Customer9657,Product19,3,22387,67161,12088.98,79249.98
INV09658,2026-02-27,Customer9658,Product10,1,2091,2091,376.38,2467.38
INV09659,2026-02-28,Customer9659,Product10,4,40964,163856,29494.08,193350.08000000002
INV09660,2026-02-01,Customer9660,Product10,3,29717,89151,16047.18,105198.18
INV09661,2026-02-02,Customer9661,Product6,1,9623,9623,1732.14,11355.14
INV09662,2026-02-03,Customer9662,Product14,1,43199,43199,7775.82,50974.82
INV09663,2026-02-04,Customer9663,Product3,1,20868,20868,3756.24,24624.239999999998
INV09664,2026-02-05,Customer9664,Product7,5,1787,8935,1608.3,10543.3
INV09665,2026-02-06,Customer9665,Product14,1,20820,20820,3747.6,24567.6
INV09666,2026-02-07,Customer9666,Product1,5,49102,245510,44191.8,289701.8
INV09667,2026-02-08,Customer9667,Product8,1,10206,10206,1837.08,12043.08
INV09668,2026-02-09,Customer9668,Product16,1,28139,28139,5065.02,33204.020000000004
INV09669,2026-02-10,Customer9669,Product1,4,6895,27580,4964.4,32544.4
INV09670,2026-02-11,Customer9670,Product4,4,43904,175616,31610.88,207226.88
INV09671,2026-02-12,Customer9671,Product5,2,13994,27988,5037.84,33025.84
INV09672,2026-02-13,Customer9672,Product14,3,19909,59727,10750.86,70477.86
INV09673,2026-02-14,Customer9673,Product6,3,17000,51000,9180.0,60180.0
INV09674,2026-02-15,Customer9674,Product10,4,6750,27000,4860.0,31860.0
INV09675,2026-02-16,Customer9675,Product17,2,31515,63030,11345.4,74375.4
INV09676,2026-02-17,Customer9676,Product18,4,4827,19308,3475.44,22783.44
INV09677,2026-02-18,Customer9677,Product13,5,2776,13880,2498.4,16378.4
INV09678,2026-02-19,Customer9678,Product1,5,46226,231130,41603.4,272733.4
INV09679,2026-02-20,Customer9679,Product1,3,24768,74304,13374.72,87678.72
INV09680,2026-02-21,Customer9680,Product10,3,11525,34575,6223.5,40798.5
INV09681,2026-02-22,Customer9681,Product8,3,14451,43353,7803.54,51156.54
INV09682,2026-02-23,Customer9682,Product20,4,22548,90192,16234.56,106426.56
INV09683,2026-02-24,Customer9683,Product7,4,10174,40696,7325.28,48021.28
INV09684,2026-02-25,Customer9684,Product18,5,45458,227290,40912.2,268202.2
INV09685,2026-02-26,Customer9685,Product9,3,19136,57408,10333.44,67741.44
INV09686,2026-02-27,Customer9686,Product9,5,44902,224510,40411.8,264921.8
INV09687,2026-02-28,Customer9687,Product9,5,48967,244835,44070.3,288905.3
INV09688,2026-02-01,Customer9688,Product1,4,36182,144728,26051.04,170779.04
INV09689,2026-02-02,Customer9689,Product17,1,43832,43832,7889.76,51721.76
INV09690,2026-02-03,Customer9690,Product18,1,41175,41175,7411.5,48586.5
INV09691,2026-02-04,Customer9691,Product20,4,23767,95068,17112.24,112180.24
INV09692,2026-02-05,Customer9692,Product3,2,29771,59542,10717.56,70259.56
INV09693,2026-02-06,Customer9693,Product7,5,41924,209620,37731.6,247351.6
INV09694,2026-02-07,Customer9694,Product20,2,30114,60228,10841.04,71069.04000000001
INV09695,2026-02-08,Customer9695,Product6,5,18337,91685,16503.3,108188.3
INV09696,2026-02-09,Customer9696,Product1,5,15251,76255,13725.9,89980.9
INV09697,2026-02-10,Customer9697,Product15,4,29151,116604,20988.72,137592.72
INV09698,2026-02-11,Customer9698,Product6,2,27137,54274,9769.32,64043.32
INV09699,2026-02-12,Customer9699,Product19,1,6085,6085,1095.3,7180.3
INV09700,2026-02-13,Customer9700,Product2,5,43155,215775,38839.5,254614.5
INV09701,2026-02-14,Customer9701,Product18,1,8014,8014,1442.52,9456.52
INV09702,2026-02-15,Customer9702,Product8,1,11370,11370,2046.6,13416.6
INV09703,2026-02-16,Customer9703,Product13,3,22862,68586,12345.48,80931.48
INV09704,2026-02-17,Customer9704,Product18,2,42607,85214,15338.52,100552.52
INV09705,2026-02-18,Customer9705,Product2,4,7498,29992,5398.56,35390.56
INV09706,2026-02-19,Customer9706,Product19,2,28368,56736,10212.48,66948.48
INV09707,2026-02-20,Customer9707,Product9,1,39146,39146,7046.28,46192.28
INV09708,2026-02-21,Customer9708,Product17,2,4717,9434,1698.12,11132.119999999999
INV09709,2026-02-22,Customer9709,Product12,4,38733,154932,27887.76,182819.76
INV09710,2026-02-23,Customer9710,Product7,1,20026,20026,3604.68,23630.68
INV09711,2026-02-24,Customer9711,Product11,1,19115,19115,3440.7,22555.7
INV09712,2026-02-25,Customer9712,Product12,2,10918,21836,3930.48,25766.48
INV09713,2026-02-26,Customer9713,Product20,5,36884,184420,33195.6,217615.6
INV09714,2026-02-27,Customer9714,Product7,1,34063,34063,6131.34,40194.34
INV09715,2026-02-28,Customer9715,Product3,5,36268,181340,32641.2,213981.2
INV09716,2026-02-01,Customer9716,Product9,5,41230,206150,37107.0,243257.0
INV09717,2026-02-02,Customer9717,Product17,4,15469,61876,11137.68,73013.68
INV09718,2026-02-03,Customer9718,Product17,3,37920,113760,20476.8,134236.8
INV09719,2026-02-04,Customer9719,Product19,3,14197,42591,7666.38,50257.38
INV09720,2026-02-05,Customer9720,Product14,2,24876,49752,8955.36,58707.36
INV09721,2026-02-06,Customer9721,Product19,2,49914,99828,17969.04,117797.04000000001
INV09722,2026-02-07,Customer9722,Product2,1,40164,40164,7229.52,47393.520000000004
INV09723,2026-02-08,Customer9723,Product2,2,35171,70342,12661.56,83003.56
INV09724,2026-02-09,Customer9724,Product15,2,43232,86464,15563.52,102027.52
INV09725,2026-02-10,Customer9725,Product4,1,30831,30831,5549.58,36380.58
INV09726,2026-02-11,Customer9726,Product17,3,15056,45168,8130.24,53298.24
INV09727,2026-02-12,Customer9727,Product3,5,11075,55375,9967.5,65342.5
INV09728,2026-02-13,Customer9728,Product17,4,687,2748,494.64,3242.64
INV09729,2026-02-14,Customer9729,Product1,3,735,2205,396.9,2601.9
INV09730,2026-02-15,Customer9730,Product12,1,42858,42858,7714.44,50572.44
INV09731,2026-02-16,Customer9731,Product1,4,7607,30428,5477.04,35905.04
INV09732,2026-02-17,Customer9732,Product4,4,12959,51836,9330.48,61166.479999999996
INV09733,2026-02-18,Customer9733,Product20,2,23844,47688,8583.84,56271.84
INV09734,2026-02-19,Customer9734,Product9,2,3078,6156,1108.08,7264.08
INV09735,2026-02-20,Customer9735,Product20,3,17528,52584,9465.12,62049.12
INV09736,2026-02-21,Customer9736,Product1,3,18277,54831,9869.58,64700.58
INV09737,2026-02-22,Customer9737,Product4,4,20071,80284,14451.12,94735.12
INV09738,2026-02-23,Customer9738,Product11,4,36141,144564,26021.52,170585.52
INV09739,2026-02-24,Customer9739,Product19,5,11120,55600,10008.0,65608.0
INV09740,2026-02-25,Customer9740,Product19,1,18485,18485,3327.3,21812.3
INV09741,2026-02-26,Customer9741,Product5,4,24008,96032,17285.76,113317.76
INV09742,2026-02-27,Customer9742,Product9,5,23544,117720,21189.6,138909.6
INV09743,2026-02-28,Customer9743,Product4,3,40487,121461,21862.98,143323.98
INV09744,2026-02-01,Customer9744,Product8,4,35967,143868,25896.24,169764.24
INV09745,2026-02-02,Customer9745,Product13,1,30725,30725,5530.5,36255.5
INV09746,2026-02-03,Customer9746,Product7,5,6061,30305,5454.9,35759.9
INV09747,2026-02-04,Customer9747,Product6,5,937,4685,843.3,5528.3
INV09748,2026-02-05,Customer9748,Product14,4,27175,108700,19566.0,128266.0
INV09749,2026-02-06,Customer9749,Product16,3,30473,91419,16455.42,107874.42
INV09750,2026-02-07,Customer9750,Product2,5,42909,214545,38618.1,253163.1
INV09751,2026-02-08,Customer9751,Product20,4,26502,106008,19081.44,125089.44
INV09752,2026-02-09,Customer9752,Product16,5,33455,167275,30109.5,197384.5
INV09753,2026-02-10,Customer9753,Product17,4,46975,187900,33822.0,221722.0
INV09754,2026-02-11,Customer9754,Product12,4,27231,108924,19606.32,128530.32
INV09755,2026-02-12,Customer9755,Product18,3,38481,115443,20779.74,136222.74
INV09756,2026-02-13,Customer9756,Product20,3,38785,116355,20943.9,137298.9
INV09757,2026-02-14,Customer9757,Product20,5,32330,161650,29097.0,190747.0
INV09758,2026-02-15,Customer9758,Product4,5,46798,233990,42118.2,276108.2
INV09759,2026-02-16,Customer9759,Product5,4,19779,79116,14240.88,93356.88
INV09760,2026-02-17,Customer9760,Product20,3,38546,115638,20814.84,136452.84
INV09761,2026-02-18,Customer9761,Product3,2,42689,85378,15368.04,100746.04000000001
INV09762,2026-02-19,Customer9762,Product13,2,15963,31926,5746.68,37672.68
INV09763,2026-02-20,Customer9763,Product17,4,12147,48588,8745.84,57333.84
INV09764,2026-02-21,Customer9764,Product19,2,23088,46176,8311.68,54487.68
INV09765,2026-02-22,Customer9765,Product3,1,20763,20763,3737.34,24500.34
INV09766,2026-02-23,Customer9766,Product4,4,22208,88832,15989.76,104821.76
INV09767,2026-02-24,Customer9767,Product15,5,46810,234050,42129.0,276179.0
INV09768,2026-02-25,Customer9768,Product2,2,14616,29232,5261.76,34493.76
INV09769,2026-02-26,Customer9769,Product16,3,14692,44076,7933.68,52009.68
INV09770,2026-02-27,Customer9770,Product15,1,22333,22333,4019.94,26352.94
INV09771,2026-02-28,Customer9771,Product15,1,20526,20526,3694.68,24220.68
INV09772,2026-02-01,Customer9772,Product7,3,26052,78156,14068.08,92224.08
INV09773,2026-02-02,Customer9773,Product14,2,36170,72340,13021.2,85361.2
INV09774,2026-02-03,Customer9774,Product5,4,15710,62840,11311.2,74151.2
INV09775,2026-02-04,Customer9775,Product15,5,35865,179325,32278.5,211603.5
INV09776,2026-02-05,Customer9776,Product18,3,29835,89505,16110.9,105615.9
INV09777,2026-02-06,Customer9777,Product9,1,7735,7735,1392.3,9127.3
INV09778,2026-02-07,Customer9778,Product12,5,3210,16050,2889.0,18939.0
INV09779,2026-02-08,Customer9779,Product13,3,6475,19425,3496.5,22921.5
INV09780,2026-02-09,Customer9780,Product17,3,16227,48681,8762.58,57443.58
INV09781,2026-02-10,Customer9781,Product18,4,45639,182556,32860.08,215416.08000000002
INV09782,2026-02-11,Customer9782,Product15,4,33054,132216,23798.88,156014.88
INV09783,2026-02-12,Customer9783,Product16,4,32880,131520,23673.6,155193.6
INV09784,2026-02-13,Customer9784,Product9,5,21064,105320,18957.6,124277.6
INV09785,2026-02-14,Customer9785,Product9,2,7343,14686,2643.48,17329.48
INV09786,2026-02-15,Customer9786,Product3,5,35415,177075,31873.5,208948.5
INV09787,2026-02-16,Customer9787,Product4,1,35332,35332,6359.76,41691.76
INV09788,2026-02-17,Customer9788,Product9,5,11531,57655,10377.9,68032.9
INV09789,2026-02-18,Customer9789,Product11,2,35897,71794,12922.92,84716.92
INV09790,2026-02-19,Customer9790,Product15,2,47457,94914,17084.52,111998.52
INV09791,2026-02-20,Customer9791,Product18,2,3866,7732,1391.76,9123.76
INV09792,2026-02-21,Customer9792,Product19,4,933,3732,671.76,4403.76
INV09793,2026-02-22,Customer9793,Product20,2,14966,29932,5387.76,35319.76
INV09794,2026-02-23,Customer9794,Product19,2,21780,43560,7840.8,51400.8
INV09795,2026-02-24,Customer9795,Product2,4,49075,196300,35334.0,231634.0
INV09796,2026-02-25,Customer9796,Product4,5,48543,242715,43688.7,286403.7
INV09797,2026-02-26,Customer9797,Product16,2,17792,35584,6405.12,41989.12
INV09798,2026-02-27,Customer9798,Product10,2,35842,71684,12903.12,84587.12
INV09799,2026-02-28,Customer9799,Product8,4,48994,195976,35275.68,231251.68
INV09800,2026-02-01,Customer9800,Product18,2,32222,64444,11599.92,76043.92
INV09801,2026-02-02,Customer9801,Product11,2,37508,75016,13502.88,88518.88
INV09802,2026-02-03,Customer9802,Product15,4,29850,119400,21492.0,140892.0
INV09803,2026-02-04,Customer9803,Product7,1,7581,7581,1364.58,8945.58
INV09804,2026-02-05,Customer9804,Product8,4,2646,10584,1905.12,12489.119999999999
INV09805,2026-02-06,Customer9805,Product2,1,9056,9056,1630.08,10686.08
INV09806,2026-02-07,Customer9806,Product11,3,20289,60867,10956.06,71823.06
INV09807,2026-02-08,Customer9807,Product5,4,624,2496,449.28,2945.2799999999997
INV09808,2026-02-09,Customer9808,Product11,4,44506,178024,32044.32,210068.32
INV09809,2026-02-10,Customer9809,Product18,1,30241,30241,5443.38,35684.38
INV09810,2026-02-11,Customer9810,Product20,3,42889,128667,23160.06,151827.06
INV09811,2026-02-12,Customer9811,Product2,5,5602,28010,5041.8,33051.8
INV09812,2026-02-13,Customer9812,Product13,5,31151,155755,28035.9,183790.9
INV09813,2026-02-14,Customer9813,Product18,3,35064,105192,18934.56,124126.56
INV09814,2026-02-15,Customer9814,Product6,4,41836,167344,30121.92,197465.91999999998
INV09815,2026-02-16,Customer9815,Product16,4,6170,24680,4442.4,29122.4
INV09816,2026-02-17,Customer9816,Product20,2,37982,75964,13673.52,89637.52
INV09817,2026-02-18,Customer9817,Product16,3,32704,98112,17660.16,115772.16
INV09818,2026-02-19,Customer9818,Product8,3,27129,81387,14649.66,96036.66
INV09819,2026-02-20,Customer9819,Product3,2,33473,66946,12050.28,78996.28
INV09820,2026-02-21,Customer9820,Product19,5,17037,85185,15333.3,100518.3
INV09821,2026-02-22,Customer9821,Product3,5,43317,216585,38985.3,255570.3
INV09822,2026-02-23,Customer9822,Product8,5,36837,184185,33153.3,217338.3
INV09823,2026-02-24,Customer9823,Product3,1,31915,31915,5744.7,37659.7
INV09824,2026-02-25,Customer9824,Product5,3,4195,12585,2265.3,14850.3
INV09825,2026-02-26,Customer9825,Product17,3,6229,18687,3363.66,22050.66
INV09826,2026-02-27,Customer9826,Product4,1,16052,16052,2889.36,18941.36
INV09827,2026-02-28,Customer9827,Product15,5,30945,154725,27850.5,182575.5
INV09828,2026-02-01,Customer9828,Product9,1,22298,22298,4013.64,26311.64
INV09829,2026-02-02,Customer9829,Product1,1,25055,25055,4509.9,29564.9
INV09830,2026-02-03,Customer9830,Product7,1,44737,44737,8052.66,52789.66
INV09831,2026-02-04,Customer9831,Product16,5,25120,125600,22608.0,148208.0
INV09832,2026-02-05,Customer9832,Product13,4,26385,105540,18997.2,124537.2
INV09833,2026-02-06,Customer9833,Product15,5,46886,234430,42197.4,276627.4
INV09834,2026-02-07,Customer9834,Product8,2,32120,64240,11563.2,75803.2
INV09835,2026-02-08,Customer9835,Product16,2,33811,67622,12171.96,79793.95999999999
INV09836,2026-02-09,Customer9836,Product8,1,10623,10623,1912.14,12535.14
INV09837,2026-02-10,Customer9837,Product1,3,5137,15411,2773.98,18184.98
INV09838,2026-02-11,Customer9838,Product6,5,17441,87205,15696.9,102901.9
INV09839,2026-02-12,Customer9839,Product4,5,11602,58010,10441.8,68451.8
INV09840,2026-02-13,Customer9840,Product8,4,13201,52804,9504.72,62308.72
INV09841,2026-02-14,Customer9841,Product7,4,2078,8312,1496.16,9808.16
INV09842,2026-02-15,Customer9842,Product12,1,12448,12448,2240.64,14688.64
INV09843,2026-02-16,Customer9843,Product11,1,9386,9386,1689.48,11075.48
INV09844,2026-02-17,Customer9844,Product14,2,12700,25400,4572.0,29972.0
INV09845,2026-02-18,Customer9845,Product3,3,3837,11511,2071.98,13582.98
INV09846,2026-02-19,Customer9846,Product7,4,685,2740,493.2,3233.2
INV09847,2026-02-20,Customer9847,Product1,3,6236,18708,3367.44,22075.44
INV09848,2026-02-21,Customer9848,Product19,5,12537,62685,11283.3,73968.3
INV09849,2026-02-22,Customer9849,Product17,3,40291,120873,21757.14,142630.14
INV09850,2026-02-23,Customer9850,Product11,3,31806,95418,17175.24,112593.24
INV09851,2026-02-24,Customer9851,Product10,2,10086,20172,3630.96,23802.96
INV09852,2026-02-25,Customer9852,Product17,5,4712,23560,4240.8,27800.8
INV09853,2026-02-26,Customer9853,Product3,5,40005,200025,36004.5,236029.5
INV09854,2026-02-27,Customer9854,Product14,3,12309,36927,6646.86,43573.86
INV09855,2026-02-28,Customer9855,Product16,3,49412,148236,26682.48,174918.48
INV09856,2026-02-01,Customer9856,Product16,1,40507,40507,7291.26,47798.26
INV09857,2026-02-02,Customer9857,Product8,1,21775,21775,3919.5,25694.5
INV09858,2026-02-03,Customer9858,Product12,1,6784,6784,1221.12,8005.12
INV09859,2026-02-04,Customer9859,Product16,4,22912,91648,16496.64,108144.64
INV09860,2026-02-05,Customer9860,Product3,4,9989,39956,7192.08,47148.08
INV09861,2026-02-06,Customer9861,Product17,5,40294,201470,36264.6,237734.6
INV09862,2026-02-07,Customer9862,Product19,1,19967,19967,3594.06,23561.06
INV09863,2026-02-08,Customer9863,Product15,5,29376,146880,26438.4,173318.4
INV09864,2026-02-09,Customer9864,Product13,1,33500,33500,6030.0,39530.0
INV09865,2026-02-10,Customer9865,Product14,3,46631,139893,25180.74,165073.74
INV09866,2026-02-11,Customer9866,Product6,1,10041,10041,1807.38,11848.380000000001
INV09867,2026-02-12,Customer9867,Product2,1,34794,34794,6262.92,41056.92
INV09868,2026-02-13,Customer9868,Product20,2,16536,33072,5952.96,39024.96
INV09869,2026-02-14,Customer9869,Product12,3,47477,142431,25637.58,168068.58000000002
INV09870,2026-02-15,Customer9870,Product15,3,10579,31737,5712.66,37449.66
INV09871,2026-02-16,Customer9871,Product19,3,5674,17022,3063.96,20085.96
INV09872,2026-02-17,Customer9872,Product7,5,26579,132895,23921.1,156816.1
INV09873,2026-02-18,Customer9873,Product17,3,18670,56010,10081.8,66091.8
INV09874,2026-02-19,Customer9874,Product13,4,30648,122592,22066.56,144658.56
INV09875,2026-02-20,Customer9875,Product7,2,49597,99194,17854.92,117048.92
INV09876,2026-02-21,Customer9876,Product10,1,41136,41136,7404.48,48540.479999999996
INV09877,2026-02-22,Customer9877,Product6,1,33027,33027,5944.86,38971.86
INV09878,2026-02-23,Customer9878,Product16,4,13825,55300,9954.0,65254.0
INV09879,2026-02-24,Customer9879,Product17,2,7025,14050,2529.0,16579.0
INV09880,2026-02-25,Customer9880,Product1,1,7550,7550,1359.0,8909.0
INV09881,2026-02-26,Customer9881,Product13,5,46671,233355,42003.9,275358.9
INV09882,2026-02-27,Customer9882,Product5,3,8545,25635,4614.3,30249.3
INV09883,2026-02-28,Customer9883,Product1,2,44515,89030,16025.4,105055.4
INV09884,2026-02-01,Customer9884,Product19,4,41729,166916,30044.88,196960.88
INV09885,2026-02-02,Customer9885,Product2,4,26558,106232,19121.76,125353.76
INV09886,2026-02-03,Customer9886,Product3,4,42128,168512,30332.16,198844.16
INV09887,2026-02-04,Customer9887,Product12,1,17928,17928,3227.04,21155.04
INV09888,2026-02-05,Customer9888,Product5,1,33803,33803,6084.54,39887.54
INV09889,2026-02-06,Customer9889,Product4,3,3466,10398,1871.64,12269.64
INV09890,2026-02-07,Customer9890,Product2,1,17332,17332,3119.76,20451.760000000002
INV09891,2026-02-08,Customer9891,Product8,3,7557,22671,4080.78,26751.78
INV09892,2026-02-09,Customer9892,Product14,2,8906,17812,3206.16,21018.16
INV09893,2026-02-10,Customer9893,Product16,1,38616,38616,6950.88,45566.88
INV09894,2026-02-11,Customer9894,Product20,5,41037,205185,36933.3,242118.3
INV09895,2026-02-12,Customer9895,Product14,1,4609,4609,829.62,5438.62
INV09896,2026-02-13,Customer9896,Product13,4,2805,11220,2019.6,13239.6
INV09897,2026-02-14,Customer9897,Product10,2,48281,96562,17381.16,113943.16
INV09898,2026-02-15,Customer9898,Product10,2,35031,70062,12611.16,82673.16
INV09899,2026-02-16,Customer9899,Product2,5,49636,248180,44672.4,292852.4
INV09900,2026-02-17,Customer9900,Product15,1,39936,39936,7188.48,47124.479999999996
INV09901,2026-02-18,Customer9901,Product4,3,28247,84741,15253.38,99994.38
INV09902,2026-02-19,Customer9902,Product6,1,6604,6604,1188.72,7792.72
INV09903,2026-02-20,Customer9903,Product8,4,24219,96876,17437.68,114313.68
INV09904,2026-02-21,Customer9904,Product17,1,9876,9876,1777.68,11653.68
INV09905,2026-02-22,Customer9905,Product8,3,1134,3402,612.36,4014.36
INV09906,2026-02-23,Customer9906,Product15,3,14488,43464,7823.52,51287.520000000004
INV09907,2026-02-24,Customer9907,Product16,1,33575,33575,6043.5,39618.5
INV09908,2026-02-25,Customer9908,Product4,1,44020,44020,7923.6,51943.6
INV09909,2026-02-26,Customer9909,Product7,1,41971,41971,7554.78,49525.78
INV09910,2026-02-27,Customer9910,Product9,3,12506,37518,6753.24,44271.24
INV09911,2026-02-28,Customer9911,Product16,5,35218,176090,31696.2,207786.2
INV09912,2026-02-01,Customer9912,Product16,5,33820,169100,30438.0,199538.0
INV09913,2026-02-02,Customer9913,Product5,2,47082,94164,16949.52,111113.52
INV09914,2026-02-03,Customer9914,Product5,5,2064,10320,1857.6,12177.6
INV09915,2026-02-04,Customer9915,Product2,2,4793,9586,1725.48,11311.48
INV09916,2026-02-05,Customer9916,Product16,5,30228,151140,27205.2,178345.2
INV09917,2026-02-06,Customer9917,Product3,4,3411,13644,2455.92,16099.92
INV09918,2026-02-07,Customer9918,Product11,3,11624,34872,6276.96,41148.96
INV09919,2026-02-08,Customer9919,Product15,1,35133,35133,6323.94,41456.94
INV09920,2026-02-09,Customer9920,Product10,5,23096,115480,20786.4,136266.4
INV09921,2026-02-10,Customer9921,Product4,2,13536,27072,4872.96,31944.96
INV09922,2026-02-11,Customer9922,Product12,2,45716,91432,16457.76,107889.76
INV09923,2026-02-12,Customer9923,Product4,2,38892,77784,14001.12,91785.12
INV09924,2026-02-13,Customer9924,Product10,4,35443,141772,25518.96,167290.96
INV09925,2026-02-14,Customer9925,Product5,5,9779,48895,8801.1,57696.1
INV09926,2026-02-15,Customer9926,Product17,4,15692,62768,11298.24,74066.24
INV09927,2026-02-16,Customer9927,Product3,5,1108,5540,997.2,6537.2
INV09928,2026-02-17,Customer9928,Product3,5,5526,27630,4973.4,32603.4
INV09929,2026-02-18,Customer9929,Product4,3,29496,88488,15927.84,104415.84
INV09930,2026-02-19,Customer9930,Product1,5,17882,89410,16093.8,105503.8
INV09931,2026-02-20,Customer9931,Product12,3,37885,113655,20457.9,134112.9
INV09932,2026-02-21,Customer9932,Product19,2,49227,98454,17721.72,116175.72
INV09933,2026-02-22,Customer9933,Product1,1,21240,21240,3823.2,25063.2
INV09934,2026-02-23,Customer9934,Product18,1,6003,6003,1080.54,7083.54
INV09935,2026-02-24,Customer9935,Product6,4,44579,178316,32096.88,210412.88
INV09936,2026-02-25,Customer9936,Product9,1,15818,15818,2847.24,18665.239999999998
INV09937,2026-02-26,Customer9937,Product10,1,14600,14600,2628.0,17228.0
INV09938,2026-02-27,Customer9938,Product18,2,45953,91906,16543.08,108449.08
INV09939,2026-02-28,Customer9939,Product13,1,40797,40797,7343.46,48140.46
INV09940,2026-02-01,Customer9940,Product15,5,32357,161785,29121.3,190906.3
INV09941,2026-02-02,Customer9941,Product20,4,35418,141672,25500.96,167172.96
INV09942,2026-02-03,Customer9942,Product8,3,41987,125961,22672.98,148633.98
INV09943,2026-02-04,Customer9943,Product14,4,14985,59940,10789.2,70729.2
INV09944,2026-02-05,Customer9944,Product15,2,27176,54352,9783.36,64135.36
INV09945,2026-02-06,Customer9945,Product2,4,11210,44840,8071.2,52911.2
INV09946,2026-02-07,Customer9946,Product2,4,42761,171044,30787.92,201831.91999999998
INV09947,2026-02-08,Customer9947,Product6,3,38912,116736,21012.48,137748.48
INV09948,2026-02-09,Customer9948,Product13,5,8904,44520,8013.6,52533.6
INV09949,2026-02-10,Customer9949,Product10,4,28453,113812,20486.16,134298.16
INV09950,2026-02-11,Customer9950,Product18,2,30469,60938,10968.84,71906.84
INV09951,2026-02-12,Customer9951,Product10,4,18924,75696,13625.28,89321.28
INV09952,2026-02-13,Customer9952,Product12,3,49461,148383,26708.94,175091.94
INV09953,2026-02-14,Customer9953,Product7,2,27863,55726,10030.68,65756.68
INV09954,2026-02-15,Customer9954,Product16,4,30370,121480,21866.4,143346.4
INV09955,2026-02-16,Customer9955,Product13,4,12443,49772,8958.96,58730.96
INV09956,2026-02-17,Customer9956,Product12,1,9815,9815,1766.7,11581.7
INV09957,2026-02-18,Customer9957,Product4,2,24876,49752,8955.36,58707.36
INV09958,2026-02-19,Customer9958,Product10,3,33442,100326,18058.68,118384.68
INV09959,2026-02-20,Customer9959,Product6,5,18728,93640,16855.2,110495.2
INV09960,2026-02-21,Customer9960,Product19,2,11764,23528,4235.04,27763.04
INV09961,2026-02-22,Customer9961,Product18,2,30037,60074,10813.32,70887.32
INV09962,2026-02-23,Customer9962,Product1,1,14665,14665,2639.7,17304.7
INV09963,2026-02-24,Customer9963,Product2,1,6627,6627,1192.86,7819.86
INV09964,2026-02-25,Customer9964,Product16,4,35572,142288,25611.84,167899.84
INV09965,2026-02-26,Customer9965,Product16,3,27875,83625,15052.5,98677.5
INV09966,2026-02-27,Customer9966,Product10,3,43346,130038,23406.84,153444.84
INV09967,2026-02-28,Customer9967,Product5,5,37694,188470,33924.6,222394.6
INV09968,2026-02-01,Customer9968,Product2,5,31069,155345,27962.1,183307.1
INV09969,2026-02-02,Customer9969,Product3,1,25005,25005,4500.9,29505.9
INV09970,2026-02-03,Customer9970,Product7,2,35681,71362,12845.16,84207.16
INV09971,2026-02-04,Customer9971,Product13,3,48730,146190,26314.2,172504.2
INV09972,2026-02-05,Customer9972,Product6,5,28436,142180,25592.4,167772.4
INV09973,2026-02-06,Customer9973,Product6,1,2728,2728,491.04,3219.04
INV09974,2026-02-07,Customer9974,Product3,2,49118,98236,17682.48,115918.48
INV09975,2026-02-08,Customer9975,Product19,3,19512,58536,10536.48,69072.48
INV09976,2026-02-09,Customer9976,Product5,4,27885,111540,20077.2,131617.2
INV09977,2026-02-10,Customer9977,Product18,2,48681,97362,17525.16,114887.16
INV09978,2026-02-11,Customer9978,Product2,1,40536,40536,7296.48,47832.479999999996
INV09979,2026-02-12,Customer9979,Product19,4,45680,182720,32889.6,215609.6
INV09980,2026-02-13,Customer9980,Product8,3,47583,142749,25694.82,168443.82
INV09981,2026-02-14,Customer9981,Product10,5,14232,71160,12808.8,83968.8
INV09982,2026-02-15,Customer9982,Product19,2,31735,63470,11424.6,74894.6
INV09983,2026-02-16,Customer9983,Product7,3,8830,26490,4768.2,31258.2
INV09984,2026-02-17,Customer9984,Product2,1,11351,11351,2043.18,13394.18
INV09985,2026-02-18,Customer9985,Product18,2,26660,53320,9597.6,62917.6
INV09986,2026-02-19,Customer9986,Product15,2,42324,84648,15236.64,99884.64
INV09987,2026-02-20,Customer9987,Product12,5,1398,6990,1258.2,8248.2
INV09988,2026-02-21,Customer9988,Product11,5,23134,115670,20820.6,136490.6
INV09989,2026-02-22,Customer9989,Product7,2,15595,31190,5614.2,36804.2
INV09990,2026-02-23,Customer9990,Product19,2,48518,97036,17466.48,114502.48
INV09991,2026-02-24,Customer9991,Product9,5,21417,107085,19275.3,126360.3
INV09992,2026-02-25,Customer9992,Product20,4,6268,25072,4512.96,29584.96
INV09993,2026-02-26,Customer9993,Product8,1,14128,14128,2543.04,16671.04
INV09994,2026-02-27,Customer9994,Product16,2,6278,12556,2260.08,14816.08
INV09995,2026-02-28,Customer9995,Product12,1,46694,46694,8404.92,55098.92
INV09996,2026-02-01,Customer9996,Product14,1,40262,40262,7247.16,47509.16
INV09997,2026-02-02,Customer9997,Product17,5,38032,190160,34228.8,224388.8
INV09998,2026-02-03,Customer9998,Product5,3,43961,131883,23738.94,155621.94
INV09999,2026-02-04,Customer9999,Product15,1,31669,31669,5700.42,37369.42
INV10000,2026-02-05,Customer10000,Product14,4,30537,122148,21986.64,144134.64
